timestamp,frame_number,preprocess_ms,inference_ms,postprocess_ms,fps,objects_detected,alert_active
1772740615.510,1,16.1,300.5,4.1,0.0,0,False
1772740617.534,2,1.2,168.1,0.3,0.5,0,False
1772740617.678,3,0.8,97.1,0.3,0.9,0,False
1772740617.798,4,1.3,81.9,0.2,1.3,0,False
1772740617.916,5,1.0,85.2,0.2,1.7,0,False
1772740618.037,6,1.1,85.4,0.2,2.0,0,False
1772740618.163,7,1.3,80.3,0.3,2.3,0,False
1772740618.304,8,1.2,89.0,0.3,2.5,0,False
1772740618.427,9,1.2,89.1,0.2,2.7,0,False
1772740618.543,10,1.2,78.9,0.2,3.0,0,False
1772740618.874,11,0.9,79.4,0.2,3.0,0,False
1772740618.991,12,1.2,82.7,0.2,3.2,0,False
1772740619.115,13,0.8,83.0,0.2,3.3,0,False
1772740619.245,14,0.8,83.6,0.3,3.5,0,False
1772740619.375,15,1.4,80.2,0.3,3.6,0,False
1772740619.487,16,0.8,81.5,0.2,3.8,0,False
1772740619.613,17,1.0,81.5,0.2,3.9,0,False
1772740619.747,18,0.8,81.3,0.2,4.0,0,False
1772740619.880,19,0.9,82.1,0.2,4.1,0,False
1772740619.972,20,0.9,83.8,0.2,4.3,0,False
1772740620.062,21,1.2,81.0,0.2,4.4,0,False
1772740620.153,22,1.2,82.2,0.2,7.6,0,False
1772740620.245,23,1.1,83.3,0.3,7.8,0,False
1772740620.335,24,1.3,80.9,0.2,7.9,0,False
1772740620.425,25,1.2,80.9,0.2,8.0,0,False
1772740620.513,26,1.3,78.5,0.2,8.1,0,False
1772740620.827,27,0.8,79.6,0.2,7.5,0,False
1772740620.925,28,1.0,90.0,0.2,7.6,0,False
1772740621.014,29,2.3,79.6,0.2,7.7,0,False
1772740621.103,30,1.0,81.2,0.2,7.8,0,False
1772740621.201,31,0.8,86.0,0.2,8.6,0,False
1772740621.291,32,0.8,82.7,0.2,8.7,0,False
1772740621.383,33,1.2,83.2,0.2,8.8,0,False
1772740621.472,34,1.1,81.0,0.2,9.0,0,False
1772740621.560,35,1.6,79.3,0.2,9.2,0,False
1772740621.648,36,1.6,79.7,0.2,9.3,0,False
1772740621.739,37,1.1,81.7,0.2,9.4,0,False
1772740621.828,38,1.8,81.0,0.2,9.6,0,False
1772740621.917,39,1.1,81.0,0.3,9.8,0,False
1772740622.008,40,1.2,81.5,0.3,9.8,0,False
1772740622.096,41,1.6,79.8,0.2,9.8,0,False
1772740622.184,42,1.5,80.1,0.2,9.8,0,False
1772740622.276,43,1.5,82.9,0.2,9.8,0,False
1772740622.365,44,1.5,79.4,0.2,9.9,0,False
1772740622.455,45,1.1,81.0,0.2,9.9,0,False
1772740622.542,46,1.1,78.1,0.2,9.9,0,False
1772740622.834,47,0.8,79.7,0.2,10.0,0,False
1772740622.924,48,1.0,81.5,0.2,10.0,0,False
1772740623.014,49,1.2,81.8,0.2,10.0,0,False
1772740623.105,50,1.2,82.0,0.3,10.0,0,False
1772740623.201,51,1.2,86.2,0.3,10.0,0,False
1772740623.297,52,0.8,88.5,0.2,10.0,0,False
1772740623.388,53,1.2,81.9,0.2,10.0,0,False
1772740623.477,54,1.2,80.7,0.2,10.0,0,False
1772740623.570,55,1.2,84.0,0.2,10.0,0,False
1772740623.660,56,0.8,82.3,0.2,9.9,0,False
1772740623.752,57,1.2,82.3,0.2,9.9,0,False
1772740623.842,58,1.2,81.2,0.2,9.9,0,False
1772740623.934,59,1.2,82.5,0.2,9.9,0,False
1772740624.024,60,1.8,82.0,0.2,9.9,0,False
1772740624.114,61,1.0,80.7,0.2,9.9,0,False
1772740624.207,62,1.6,84.4,0.2,9.9,0,False
1772740624.296,63,1.6,80.8,0.2,9.9,0,False
1772740624.386,64,1.1,81.1,0.2,9.9,0,False
1772740624.474,65,1.2,79.4,0.2,9.9,0,False
1772740624.562,66,1.2,78.7,0.2,9.9,0,False
1772740624.839,67,0.8,80.2,0.2,10.0,0,False
1772740624.929,68,1.0,81.8,0.2,10.0,0,False
1772740625.021,69,1.3,82.6,0.2,10.0,0,False
1772740625.111,70,1.3,81.8,0.2,10.0,0,False
1772740625.205,71,1.2,85.2,0.3,10.0,0,False
1772740625.296,72,0.8,83.0,0.2,10.0,0,False
1772740625.388,73,1.2,82.8,0.3,10.0,0,False
1772740625.477,74,1.1,80.5,0.2,10.0,0,False
1772740625.566,75,1.6,80.3,0.2,10.0,0,False
1772740625.655,76,1.8,80.4,0.2,10.0,0,False
1772740625.745,77,1.1,81.6,0.3,10.0,0,False
1772740625.834,78,1.6,79.6,0.3,10.0,0,False
1772740625.923,79,1.2,80.9,0.2,10.1,0,False
1772740626.014,80,1.2,81.5,0.2,10.1,0,False
1772740626.107,81,1.8,83.5,0.2,10.0,0,False
1772740626.202,82,1.1,86.1,0.2,10.0,0,False
1772740626.290,83,0.9,81.4,0.2,10.0,0,False
1772740626.378,84,1.6,79.8,0.2,10.0,0,False
1772740626.471,85,1.0,84.1,0.2,10.0,0,False
1772740626.558,86,1.1,78.1,0.2,10.0,0,False
1772740626.845,87,0.9,80.5,0.2,10.0,0,False
1772740626.935,88,1.7,81.4,0.2,10.0,0,False
1772740627.035,89,1.2,91.5,0.2,9.9,0,False
1772740627.126,90,1.2,82.6,0.2,9.9,0,False
1772740627.222,91,1.2,84.1,0.2,9.9,0,False
1772740627.313,92,1.2,82.2,0.2,9.9,0,False
1772740627.405,93,1.1,81.8,0.2,9.9,0,False
1772740627.495,94,1.2,81.4,0.2,9.9,0,False
1772740627.587,95,1.4,81.8,0.2,9.9,0,False
1772740627.675,96,1.6,79.5,0.2,9.9,0,False
1772740627.765,97,1.1,81.3,0.3,9.9,0,False
1772740627.855,98,1.2,80.7,0.2,9.9,0,False
1772740627.945,99,1.1,81.0,0.2,9.9,0,False
1772740628.034,100,2.0,79.2,0.3,9.9,0,False
1772740628.123,101,1.2,80.9,0.2,9.9,0,False
1772740628.217,102,1.2,84.7,0.2,9.9,0,False
1772740628.307,103,1.2,81.0,0.2,9.9,0,False
1772740628.397,104,1.1,80.5,0.4,9.9,0,False
1772740628.483,105,1.6,77.8,0.2,9.9,0,False
1772740628.585,106,1.1,93.6,0.3,9.9,0,False
1772740628.850,107,0.9,79.7,0.3,10.0,0,False
1772740628.939,108,0.8,81.8,0.2,10.0,0,False
1772740629.029,109,1.1,81.5,0.2,10.0,0,False
1772740629.126,110,1.1,87.6,0.2,10.0,0,False
1772740629.220,111,1.1,84.4,0.2,10.0,0,False
1772740629.310,112,1.2,80.9,0.2,10.0,0,False
1772740629.402,113,1.1,82.6,0.2,10.0,0,False
1772740629.493,114,1.2,82.6,0.3,10.0,0,False
1772740629.585,115,1.1,82.0,0.2,10.0,0,False
1772740629.675,116,1.1,80.7,0.2,10.0,0,False
1772740629.763,117,1.5,79.9,0.2,10.0,0,False
1772740629.857,118,1.7,82.8,0.2,10.0,0,False
1772740629.955,119,1.1,88.8,0.3,9.9,0,False
1772740630.045,120,1.1,80.7,0.2,9.9,0,False
1772740630.140,121,1.3,83.3,0.2,9.9,0,False
1772740630.232,122,1.3,82.3,0.2,9.9,0,False
1772740630.323,123,1.1,81.8,0.2,9.9,0,False
1772740630.416,124,1.5,82.1,0.2,9.9,0,False
1772740630.505,125,1.1,80.3,0.2,9.9,0,False
1772740630.593,126,0.9,79.0,0.2,10.0,0,False
1772740630.863,127,0.8,87.1,0.2,9.9,0,False
1772740630.953,128,1.0,82.0,0.2,9.9,0,False
1772740631.044,129,1.8,80.8,0.2,9.9,0,False
1772740631.136,130,1.1,82.9,0.2,10.0,0,False
1772740631.231,131,1.2,85.5,0.3,9.9,0,False
1772740631.324,132,1.2,83.2,0.2,9.9,0,False
1772740631.415,133,2.5,81.2,0.2,9.9,0,False
1772740631.507,134,1.1,82.4,0.2,9.9,0,False
1772740631.600,135,1.4,83.4,0.3,9.9,0,False
1772740631.690,136,1.6,81.0,0.3,9.9,0,False
1772740631.784,137,1.1,84.2,0.2,9.9,0,False
1772740631.883,138,1.2,88.8,0.2,9.9,0,False
1772740631.974,139,1.6,81.5,0.3,9.9,0,False
1772740632.065,140,1.1,81.2,0.2,9.9,0,False
1772740632.159,141,1.6,83.0,0.2,9.9,0,False
1772740632.263,142,0.8,87.2,0.2,9.8,0,False
1772740632.356,143,1.3,83.3,0.2,9.8,0,False
1772740632.448,144,1.5,82.0,0.2,9.8,0,False
1772740632.541,145,1.1,82.5,0.3,9.8,0,False
1772740632.636,146,1.1,84.0,0.3,9.8,0,False
1772740632.729,147,1.0,83.0,0.2,10.7,0,False
1772740632.837,148,0.8,91.4,0.2,10.6,0,False
1772740632.930,149,1.1,82.1,0.4,10.6,0,False
1772740633.023,150,1.1,82.0,0.2,10.6,0,False
1772740633.118,151,1.3,83.1,0.2,10.6,0,False
1772740633.213,152,1.2,83.9,0.2,10.6,0,False
1772740633.334,153,0.8,101.9,0.2,10.4,0,False
1772740633.429,154,1.1,82.3,0.3,10.4,0,False
1772740633.523,155,1.1,82.5,0.3,10.4,0,False
1772740633.618,156,1.1,83.4,0.2,10.4,0,False
1772740633.718,157,1.2,86.8,0.3,10.3,0,False
1772740633.812,158,1.1,81.2,0.2,10.4,0,False
1772740633.907,159,1.1,82.3,0.2,10.3,0,False
1772740634.013,160,0.8,91.3,0.2,10.3,0,False
1772740634.105,161,1.1,81.3,0.2,10.3,0,False
1772740634.200,162,1.2,83.8,0.3,10.3,0,False
1772740634.291,163,0.8,83.2,0.2,10.3,0,False
1772740634.384,164,1.5,82.8,0.2,10.3,0,False
1772740634.475,165,1.2,81.0,0.2,10.3,0,False
1772740634.564,166,1.2,78.9,0.2,10.4,0,False
1772740634.870,167,0.9,82.4,0.2,9.3,0,False
1772740634.972,168,1.5,87.9,0.3,9.4,0,False
1772740635.064,169,1.3,81.0,0.2,9.4,0,False
1772740635.157,170,1.1,83.2,0.3,9.4,0,False
1772740635.250,171,1.1,82.9,0.2,9.4,0,False
1772740635.340,172,1.5,80.3,0.3,9.4,0,False
1772740635.431,173,1.1,81.3,0.2,9.5,0,False
1772740635.522,174,1.1,82.6,0.2,9.6,0,False
1772740635.614,175,1.1,81.0,0.3,9.6,0,False
1772740635.702,176,1.5,80.0,0.2,9.6,0,False
1772740635.795,177,1.1,83.4,0.2,9.6,0,False
1772740635.887,178,1.1,82.0,0.3,9.6,0,False
1772740635.980,179,1.1,84.1,0.2,9.6,0,False
1772740636.071,180,1.1,82.0,0.2,9.7,0,False
1772740636.166,181,1.4,85.7,0.2,9.7,0,False
1772740636.278,182,1.1,102.3,0.3,9.6,0,False
1772740636.370,183,1.1,82.7,0.2,9.6,0,False
1772740636.471,184,0.8,84.2,0.2,9.6,0,False
1772740636.564,185,1.1,83.4,0.2,9.6,0,False
1772740636.658,186,1.1,82.7,0.3,9.6,0,False
1772740636.752,187,1.1,84.3,0.3,10.6,0,False
1772740636.847,188,1.0,84.8,0.2,10.7,0,False
1772740636.941,189,1.1,84.9,0.2,10.7,0,False
1772740637.036,190,1.0,83.4,0.2,10.6,0,False
1772740637.137,191,1.8,84.4,0.3,10.6,0,False
1772740637.243,192,1.0,95.2,0.3,10.5,0,False
1772740637.339,193,1.0,83.4,0.2,10.5,0,False
1772740637.435,194,2.7,82.3,0.2,10.5,0,False
1772740637.531,195,0.9,82.2,0.2,10.4,0,False
1772740637.631,196,1.2,81.7,0.2,10.4,0,False
1772740637.725,197,1.1,83.5,0.2,10.4,0,False
1772740637.824,198,0.8,84.3,0.2,10.3,0,False
1772740637.918,199,1.2,81.8,0.2,10.3,0,False
1772740638.011,200,1.0,81.5,0.2,10.3,0,False
1772740638.106,201,1.0,82.0,0.2,10.3,0,False
1772740638.208,202,1.1,92.4,0.2,10.4,0,False
1772740638.301,203,1.5,81.9,0.2,10.4,0,False
1772740638.395,204,1.1,83.6,0.2,10.4,0,False
1772740638.488,205,1.0,80.9,0.2,10.4,0,False
1772740638.589,206,0.8,84.6,0.2,10.4,0,False
1772740638.889,207,0.9,84.0,0.3,9.4,0,False
1772740639.000,208,1.6,97.3,0.6,9.3,0,False
1772740639.114,209,0.8,99.0,0.3,9.2,0,False
1772740639.219,210,0.8,91.8,0.5,9.2,0,False
1772740639.331,211,0.8,99.0,0.2,9.1,0,False
1772740639.444,212,0.8,103.8,0.2,9.1,0,False
1772740639.548,213,0.8,91.0,0.2,9.1,0,False
1772740639.653,214,0.8,90.7,0.8,9.0,0,False
1772740639.748,215,0.8,85.5,0.2,9.0,0,False
1772740639.845,216,0.8,87.2,0.2,9.0,0,False
1772740639.939,217,0.8,84.6,0.3,9.0,0,False
1772740640.037,218,2.6,85.0,0.2,9.0,0,False
1772740640.143,219,0.8,97.2,0.3,9.0,0,False
1772740640.242,220,0.8,88.9,0.2,9.0,0,False
1772740640.341,221,0.8,88.4,0.2,8.9,0,False
1772740640.435,222,1.1,83.1,0.2,9.0,0,False
1772740640.538,223,1.6,92.0,0.2,8.9,0,False
1772740640.682,224,1.2,83.4,0.2,8.7,0,False
1772740640.811,225,2.5,91.7,0.3,8.6,0,False
1772740640.924,226,3.0,84.5,0.3,8.6,0,False
1772740641.054,227,1.5,92.2,0.2,9.2,0,False
1772740641.168,228,1.2,88.4,0.2,9.2,0,False
1772740641.286,229,1.3,89.0,0.3,9.2,0,False
1772740641.409,230,1.7,91.4,0.2,9.1,0,False
1772740641.534,231,2.2,93.0,0.2,9.1,0,False
1772740641.649,232,1.5,84.1,0.2,9.1,0,False
1772740641.753,233,1.2,86.1,0.2,9.1,0,False
1772740641.857,234,1.1,87.2,0.2,9.1,0,False
1772740641.962,235,1.3,89.2,0.2,9.0,0,False
1772740642.072,236,1.3,92.8,0.2,9.0,0,False
1772740642.184,237,2.2,93.5,0.2,8.9,0,False
1772740642.292,238,1.8,91.6,0.3,8.9,0,False
1772740642.408,239,3.4,85.9,0.2,8.8,0,False
1772740642.524,240,2.1,85.1,0.2,8.8,0,False
1772740642.623,241,2.0,81.3,0.3,8.8,0,False
1772740642.895,242,0.9,81.1,0.3,8.1,0,False
1772740643.006,243,1.0,93.1,0.4,8.1,0,False
1772740643.114,244,1.3,92.3,0.2,8.2,0,False
1772740643.238,245,3.6,89.4,0.3,8.2,0,False
1772740643.355,246,1.7,84.9,0.2,8.2,0,False
1772740643.462,247,1.7,87.6,0.2,8.3,0,False
1772740643.577,248,2.3,94.2,0.2,8.3,0,False
1772740643.686,249,1.0,87.0,0.2,8.3,0,False
1772740643.799,250,2.5,89.4,0.2,8.4,0,False
1772740643.934,251,2.0,92.3,0.3,8.3,0,False
1772740644.039,252,2.3,88.0,0.2,8.4,0,False
1772740644.173,253,1.5,93.7,0.2,8.3,0,False
1772740644.294,254,2.0,91.0,0.2,8.2,0,False
1772740644.402,255,2.2,87.8,0.2,8.2,0,False
1772740644.527,256,1.7,95.5,0.2,8.1,0,False
1772740644.637,257,1.3,89.0,0.2,8.2,0,False
1772740644.748,258,1.8,90.2,0.2,8.1,0,False
1772740644.871,259,1.3,105.6,0.2,8.1,0,False
1772740645.000,260,1.3,93.4,0.2,8.1,0,False
1772740645.148,261,1.4,96.6,0.2,7.9,0,False
1772740645.315,262,1.2,97.4,0.2,8.3,0,False
1772740645.481,263,1.1,94.5,0.2,8.1,0,False
1772740645.613,264,2.5,90.3,0.3,8.0,0,False
1772740645.734,265,2.2,88.5,0.2,8.0,0,False
1772740645.842,266,2.1,88.1,0.2,8.0,0,False
1772740645.984,267,1.8,111.5,0.2,7.9,0,False
1772740646.104,268,2.1,89.7,0.2,7.9,0,False
1772740646.222,269,2.5,86.9,0.2,7.9,0,False
1772740646.334,270,1.7,87.4,0.3,7.9,0,False
1772740646.465,271,2.3,90.3,0.2,7.9,0,False
1772740646.588,272,3.3,80.8,0.2,7.8,0,False
1772740646.905,273,0.9,80.3,0.2,7.3,0,False
1772740647.030,274,1.4,89.3,0.3,7.3,0,False
1772740647.161,275,1.2,88.3,0.2,7.2,0,False
1772740647.269,276,1.3,90.3,0.3,7.3,0,False
1772740647.382,277,3.1,94.5,0.2,7.3,0,False
1772740647.500,278,2.2,86.5,0.2,7.3,0,False
1772740647.614,279,2.4,93.6,0.2,7.3,0,False
1772740647.728,280,2.6,90.2,0.2,7.3,0,False
1772740647.844,281,2.2,85.1,0.2,7.4,0,False
1772740647.964,282,1.6,87.7,0.2,7.6,0,False
1772740648.081,283,1.6,95.0,0.3,7.7,0,False
1772740648.212,284,1.5,100.1,0.2,7.7,0,False
1772740648.341,285,1.6,93.6,0.3,7.7,0,False
1772740648.463,286,2.3,89.0,0.2,7.6,0,False
1772740648.608,287,3.2,98.2,0.3,7.6,0,False
1772740648.736,288,1.8,99.2,0.2,7.6,0,False
1772740648.866,289,1.4,97.9,0.2,7.6,0,False
1772740648.992,290,1.1,95.4,0.3,7.5,0,False
1772740649.116,291,1.6,92.1,0.3,7.5,0,False
1772740649.256,292,2.4,97.5,0.2,7.5,0,False
1772740649.367,293,1.3,92.4,0.3,8.1,0,False
1772740649.478,294,1.7,91.2,0.3,8.2,0,False
1772740649.589,295,1.7,91.5,0.2,8.2,0,False
1772740649.752,296,1.7,117.2,0.3,8.1,0,False
1772740649.860,297,1.3,89.2,0.3,8.1,0,False
1772740649.970,298,1.6,91.2,0.3,8.1,0,False
1772740650.078,299,1.4,88.2,0.3,8.1,0,False
1772740650.192,300,1.4,93.0,0.3,8.1,0,False
1772740650.323,301,1.9,93.4,0.3,8.1,0,False
1772740650.457,302,3.1,93.6,0.2,8.0,0,False
1772740650.563,303,1.3,86.7,0.3,8.1,0,False
1772740650.674,304,1.4,90.5,0.3,8.1,0,False
1772740650.925,305,0.9,84.5,0.3,7.7,0,False
1772740651.041,306,1.7,95.5,0.3,7.8,0,False
1772740651.154,307,1.1,91.6,0.3,7.9,0,False
1772740651.269,308,1.4,94.9,0.3,7.9,0,False
1772740651.424,309,1.4,135.8,0.3,7.8,0,False
1772740651.546,310,0.8,98.8,0.2,7.8,0,False
1772740651.668,311,1.1,103.9,0.4,7.8,0,False
1772740651.769,312,2.5,83.9,0.2,8.0,0,False
1772740651.879,313,2.0,92.2,0.2,8.0,0,False
1772740651.980,314,1.5,82.9,0.2,8.0,0,False
1772740652.087,315,2.2,87.9,0.2,8.0,0,False
1772740652.190,316,0.8,82.8,0.2,8.2,0,False
1772740652.302,317,1.2,84.3,0.3,8.2,0,False
1772740652.408,318,1.7,84.9,0.2,8.2,0,False
1772740652.514,319,1.2,85.9,0.2,8.2,0,False
1772740652.618,320,1.7,83.7,0.2,8.2,0,False
1772740652.722,321,1.6,82.9,0.2,8.3,0,False
1772740652.828,322,1.3,83.0,0.2,8.4,0,False
1772740652.929,323,1.3,80.8,0.2,8.5,0,False
1772740653.032,324,2.0,82.6,0.2,8.5,0,False
1772740653.146,325,1.4,95.2,0.2,9.0,0,False
1772740653.258,326,1.4,93.8,0.2,9.0,0,False
1772740653.391,327,2.3,109.4,0.3,8.9,0,False
1772740653.524,328,1.3,106.7,0.3,8.9,0,False
1772740653.647,329,1.4,101.6,0.2,9.0,0,False
1772740653.784,330,1.2,116.1,0.2,8.9,0,False
1772740653.922,331,3.0,115.1,0.5,8.9,0,False
1772740654.054,332,1.3,112.5,0.4,8.8,0,False
1772740654.175,333,1.9,97.9,0.2,8.7,0,False
1772740654.296,334,1.6,99.9,0.2,8.6,0,False
1772740654.403,335,1.1,88.5,0.2,8.6,0,False
1772740654.519,336,1.7,91.7,0.2,8.6,0,False
1772740654.626,337,1.7,81.5,0.2,8.6,0,False
1772740654.943,338,0.8,81.5,0.3,7.9,1,True
1772740655.059,339,1.6,85.2,0.2,7.9,0,True
1772740655.155,340,0.8,85.0,0.2,7.9,0,True
1772740655.258,341,0.8,89.7,0.2,7.9,0,True
1772740655.359,342,0.9,85.3,0.2,7.9,0,True
1772740655.463,343,0.8,85.7,0.3,7.9,0,True
1772740655.579,344,0.8,91.8,0.2,7.9,0,True
1772740655.685,345,0.8,86.8,0.2,7.9,1,True
1772740655.787,346,1.7,85.2,0.2,7.9,0,True
1772740655.889,347,1.8,87.0,0.3,8.0,0,True
1772740655.988,348,1.5,85.6,0.2,8.1,0,True
1772740656.089,349,1.6,84.6,0.2,8.2,1,True
1772740656.188,350,0.8,87.3,0.2,8.3,0,True
1772740656.284,351,0.8,84.6,0.2,8.5,0,True
1772740656.383,352,1.5,83.9,0.2,8.6,0,True
1772740656.482,353,0.9,88.0,0.2,8.7,0,True
1772740656.578,354,0.8,84.5,0.2,8.8,0,True
1772740656.674,355,2.1,82.9,0.2,8.8,0,True
1772740656.769,356,1.6,81.0,0.2,8.9,0,True
1772740656.863,357,1.5,79.4,0.3,8.9,0,True
1772740656.957,358,1.5,81.2,0.2,9.9,0,True
1772740657.050,359,1.5,79.9,0.3,10.0,0,True
1772740657.145,360,1.1,82.0,0.3,10.0,0,True
1772740657.245,361,2.1,84.9,0.2,10.1,0,True
1772740657.349,362,1.7,89.9,0.2,10.1,0,True
1772740657.455,363,0.8,94.6,0.3,10.0,0,True
1772740657.561,364,0.8,93.5,0.2,10.1,0,True
1772740657.664,365,0.8,89.9,0.2,10.1,1,True
1772740657.767,366,0.8,90.0,0.2,10.1,1,True
1772740657.870,367,1.2,90.5,0.4,10.1,0,True
1772740657.975,368,0.8,92.3,0.2,10.1,0,True
1772740658.070,369,1.5,82.8,0.2,10.1,0,True
1772740658.162,370,1.5,79.5,0.2,10.1,0,True
1772740658.258,371,1.6,82.9,0.3,10.1,0,True
1772740658.352,372,1.5,80.8,0.2,10.2,0,True
1772740658.447,373,1.5,83.2,0.2,10.2,0,True
1772740658.544,374,0.8,85.9,0.2,10.2,0,True
1772740658.642,375,0.8,85.6,0.2,10.2,0,True
1772740658.941,376,0.9,83.8,0.2,9.2,0,True
1772740659.040,377,1.0,87.9,0.4,9.2,0,True
1772740659.134,378,1.5,82.6,0.2,9.2,0,True
1772740659.227,379,1.5,82.9,0.2,9.2,0,True
1772740659.318,380,1.5,80.2,0.2,9.2,0,True
1772740659.410,381,1.6,80.0,0.3,9.2,0,True
1772740659.501,382,1.6,80.3,0.2,9.3,0,True
1772740659.593,383,1.6,80.7,0.2,9.4,0,True
1772740659.685,384,1.6,80.3,0.2,9.4,0,True
1772740659.778,385,1.6,80.1,0.2,9.5,0,True
1772740659.870,386,1.6,80.5,0.2,9.5,0,True
1772740659.963,387,1.5,80.8,0.2,9.6,0,True
1772740660.056,388,1.5,80.8,0.2,9.6,0,True
1772740660.149,389,1.5,80.5,0.2,9.6,0,True
1772740660.244,390,1.5,82.0,0.2,9.6,0,True
1772740660.341,391,1.6,83.1,0.2,9.6,0,True
1772740660.433,392,1.5,80.7,0.2,9.6,0,True
1772740660.525,393,1.5,80.9,0.6,9.6,0,True
1772740660.616,394,1.6,80.0,0.2,9.7,0,True
1772740660.707,395,1.5,80.7,0.3,9.7,0,True
1772740660.798,396,1.5,80.5,0.2,10.8,0,False
1772740660.892,397,1.1,82.2,0.3,10.8,0,False
1772740660.983,398,1.5,80.6,0.2,10.8,0,False
1772740661.075,399,1.5,81.2,0.2,10.8,0,False
1772740661.166,400,1.5,81.1,0.2,10.8,0,False
1772740661.260,401,1.6,82.7,0.2,10.8,0,False
1772740661.352,402,1.5,80.9,0.3,10.8,0,False
1772740661.443,403,1.5,80.5,0.2,10.8,0,False
1772740661.535,404,1.9,80.8,0.2,10.8,0,False
1772740661.626,405,1.5,80.3,0.2,10.8,0,False
1772740661.719,406,1.6,82.2,0.2,10.8,0,False
1772740661.810,407,1.5,80.7,0.2,10.8,0,False
1772740661.903,408,1.6,81.9,0.2,10.8,0,False
1772740661.994,409,1.5,80.5,0.2,10.8,0,False
1772740662.086,410,1.6,81.8,0.2,10.9,0,False
1772740662.176,411,1.6,80.0,0.2,10.9,0,False
1772740662.270,412,1.5,83.7,0.5,10.9,0,False
1772740662.361,413,1.6,80.0,0.2,10.9,0,False
1772740662.452,414,1.5,80.5,0.3,10.9,0,False
1772740662.542,415,1.5,80.2,0.2,10.9,0,False
1772740662.630,416,1.6,77.8,0.2,10.9,0,False
1772740662.946,417,0.8,80.3,0.2,9.7,0,False
1772740663.038,418,1.0,82.1,0.2,9.7,0,False
1772740663.130,419,1.9,80.8,0.2,9.7,0,False
1772740663.223,420,1.6,82.5,0.2,9.7,0,False
1772740663.318,421,1.9,83.5,0.2,9.7,0,False
1772740663.408,422,1.5,80.2,0.2,9.7,0,False
1772740663.499,423,1.3,80.4,0.2,9.7,0,False
1772740663.594,424,1.3,83.2,0.2,9.7,0,False
1772740663.687,425,1.6,82.2,0.2,9.7,0,False
1772740663.780,426,1.3,80.7,0.2,9.7,0,False
1772740663.874,427,1.6,81.3,0.2,9.7,0,False
1772740663.966,428,1.5,80.1,0.2,9.7,0,False
1772740664.060,429,1.4,82.1,0.2,9.7,0,False
1772740664.153,430,1.3,80.1,0.2,9.7,0,False
1772740664.247,431,2.0,82.6,0.2,9.7,0,False
1772740664.340,432,1.3,80.2,0.2,9.7,0,False
1772740664.433,433,1.9,80.7,0.2,9.6,0,False
1772740664.525,434,1.4,80.2,0.2,9.6,0,False
1772740664.625,435,1.3,80.2,0.2,9.6,0,False
1772740664.719,436,1.6,80.4,0.2,9.6,0,False
1772740664.814,437,1.3,80.2,0.2,10.7,0,False
1772740664.911,438,0.9,83.5,0.2,10.7,0,False
1772740665.004,439,1.6,80.5,0.2,10.7,0,False
1772740665.097,440,1.6,82.0,0.2,10.7,0,False
1772740665.190,441,1.6,80.0,0.2,10.7,0,False
1772740665.284,442,1.5,82.8,0.2,10.7,0,False
1772740665.379,443,1.6,80.9,0.2,10.6,0,False
1772740665.473,444,1.8,80.9,0.2,10.6,0,False
1772740665.567,445,1.5,80.3,0.2,10.6,0,False
1772740665.669,446,2.2,86.0,0.2,10.6,0,False
1772740665.768,447,1.2,83.1,0.2,10.6,0,False
1772740665.864,448,1.2,80.9,0.2,10.5,0,False
1772740665.960,449,1.4,81.5,0.2,10.5,0,False
1772740666.056,450,1.2,81.6,0.2,10.5,0,False
1772740666.155,451,1.5,84.0,0.3,10.5,0,False
1772740666.254,452,1.4,85.7,0.3,10.4,0,False
1772740666.354,453,2.2,84.2,0.2,10.4,0,False
1772740666.448,454,1.6,80.3,0.2,10.4,0,False
1772740666.541,455,1.5,80.2,0.3,10.4,0,False
1772740666.632,456,1.6,77.5,0.2,10.5,0,False
1772740666.965,457,0.9,82.7,0.2,9.3,0,False
1772740667.060,458,0.9,81.6,0.2,9.3,0,False
1772740667.153,459,1.5,79.6,0.2,9.3,0,False
1772740667.251,460,1.5,85.6,0.2,9.3,0,False
1772740667.344,461,1.5,80.1,0.2,9.3,0,False
1772740667.439,462,1.5,81.8,0.2,9.3,0,False
1772740667.531,463,1.5,80.0,0.2,9.3,0,False
1772740667.626,464,1.6,81.8,0.2,9.3,0,False
1772740667.719,465,1.5,79.8,0.2,9.3,0,False
1772740667.813,466,1.7,80.5,0.2,9.3,0,False
1772740667.907,467,1.5,80.0,0.2,9.3,0,False
1772740668.012,468,1.6,90.4,0.2,9.3,0,False
1772740668.108,469,1.5,82.7,0.2,9.3,0,False
1772740668.203,470,1.5,82.5,0.4,9.3,0,False
1772740668.297,471,1.2,82.5,0.2,9.3,0,False
1772740668.390,472,1.5,80.5,0.2,9.4,0,False
1772740668.484,473,1.5,79.8,0.2,9.4,0,False
1772740668.582,474,1.5,85.3,0.2,9.4,0,False
1772740668.675,475,1.5,80.1,0.2,9.4,0,False
1772740668.767,476,1.5,80.1,0.2,9.4,0,False
1772740668.860,477,1.6,79.3,0.2,10.6,0,False
1772740668.956,478,1.0,82.2,0.3,10.5,0,False
1772740669.049,479,1.5,79.5,0.2,10.6,0,False
1772740669.142,480,1.5,79.8,0.3,10.6,0,False
1772740669.241,481,1.5,84.8,0.2,10.5,0,False
1772740669.336,482,2.1,80.5,0.2,10.5,0,False
1772740669.428,483,1.5,79.6,0.2,10.5,0,False
1772740669.525,484,2.6,79.8,0.2,10.5,0,False
1772740669.623,485,1.5,80.7,0.2,10.5,0,False
1772740669.719,486,1.5,79.8,0.2,10.5,0,False
1772740669.812,487,1.5,81.6,0.2,10.5,0,False
1772740669.906,488,1.5,80.1,0.2,10.6,0,False
1772740670.000,489,1.5,79.7,0.2,10.6,0,False
1772740670.095,490,1.5,80.2,0.2,10.6,0,False
1772740670.190,491,1.8,80.7,0.2,10.6,0,False
1772740670.286,492,1.6,81.7,0.2,10.6,0,False
1772740670.380,493,1.6,79.6,0.2,10.5,0,False
1772740670.474,494,1.5,80.0,0.2,10.6,0,False
1772740670.567,495,1.6,79.4,0.3,10.6,0,False
1772740670.658,496,1.6,77.2,0.2,10.6,0,False
1772740670.974,497,0.9,79.9,0.2,9.5,0,False
1772740671.081,498,0.9,90.6,0.2,9.4,0,False
1772740671.177,499,1.5,80.2,0.2,9.4,0,False
1772740671.274,500,1.6,83.5,0.2,9.4,0,False
1772740671.367,501,1.6,80.0,0.2,9.4,0,False
1772740671.462,502,1.4,80.0,0.2,9.4,0,False
1772740671.558,503,1.3,80.7,0.3,9.4,0,False
1772740671.652,504,1.6,80.2,0.2,9.4,0,False
1772740671.747,505,1.2,80.3,0.2,9.4,0,False
1772740671.841,506,1.3,80.5,0.2,9.4,0,False
1772740671.936,507,1.2,80.4,0.2,9.4,0,False
1772740672.032,508,1.2,80.2,0.2,9.4,0,False
1772740672.127,509,1.5,80.2,0.2,9.4,0,False
1772740672.231,510,1.6,92.0,0.2,9.4,0,False
1772740672.329,511,1.6,84.8,0.2,9.4,0,False
1772740672.422,512,1.4,80.2,0.2,9.4,0,False
1772740672.516,513,1.2,80.8,0.2,9.4,0,False
1772740672.608,514,1.2,80.2,0.2,9.4,0,False
1772740672.700,515,1.3,80.6,0.2,9.4,0,False
1772740672.793,516,1.3,80.7,0.2,9.4,0,False
1772740672.888,517,1.5,80.8,0.2,10.5,0,False
1772740672.983,518,0.8,80.9,0.2,10.5,0,False
1772740673.080,519,1.5,82.2,0.2,10.5,0,False
1772740673.174,520,1.5,80.4,0.2,10.5,0,False
1772740673.272,521,1.5,84.9,0.2,10.5,0,False
1772740673.365,522,1.5,79.9,0.2,10.5,0,False
1772740673.464,523,1.9,84.1,0.2,10.5,0,False
1772740673.559,524,1.5,80.5,0.2,10.5,0,False
1772740673.655,525,1.7,82.3,0.2,10.5,0,False
1772740673.750,526,1.5,81.2,0.2,10.5,0,False
1772740673.845,527,1.6,80.2,0.2,10.5,0,False
1772740673.939,528,1.5,80.5,0.3,10.5,0,False
1772740674.031,529,1.6,78.3,0.3,10.5,0,False
1772740674.126,530,2.0,81.1,0.2,10.6,0,False
1772740674.224,531,1.5,83.8,0.2,10.6,0,False
1772740674.319,532,1.5,80.0,0.2,10.5,0,False
1772740674.413,533,1.6,80.1,0.2,10.5,0,False
1772740674.506,534,1.6,79.8,0.2,10.5,0,False
1772740674.601,535,1.5,80.1,0.2,10.5,0,False
1772740674.693,536,1.6,77.6,0.2,10.5,0,False
1772740674.992,537,0.9,80.1,0.2,9.5,0,False
1772740675.090,538,1.0,84.1,0.2,9.5,0,False
1772740675.184,539,1.6,80.1,0.2,9.5,0,False
1772740675.284,540,1.5,85.4,0.2,9.5,0,False
1772740675.392,541,1.6,93.2,0.2,9.4,0,False
1772740675.486,542,1.5,80.9,0.2,9.4,0,False
1772740675.579,543,1.6,80.0,0.2,9.5,0,False
1772740675.672,544,1.6,79.6,0.2,9.5,0,False
1772740675.766,545,1.5,80.3,0.2,9.5,0,False
1772740675.860,546,1.6,80.0,0.2,9.5,0,False
1772740675.953,547,1.6,80.0,0.2,9.5,0,False
1772740676.047,548,1.6,80.8,0.2,9.5,0,False
1772740676.141,549,1.6,80.3,0.2,9.5,0,False
1772740676.245,550,1.6,91.8,0.2,9.4,0,False
1772740676.339,551,1.6,80.5,0.2,9.5,0,False
1772740676.434,552,1.6,80.9,0.3,9.5,0,False
1772740676.528,553,1.6,80.6,0.2,9.5,0,False
1772740676.623,554,1.5,80.4,0.2,9.4,0,False
1772740676.718,555,1.5,80.7,0.3,9.4,0,False
1772740676.814,556,1.5,80.4,0.2,9.4,0,False
1772740676.915,557,1.6,82.0,0.2,10.4,0,False
1772740677.019,558,1.1,82.6,0.2,10.4,0,False
1772740677.120,559,1.6,80.5,0.2,10.3,0,False
1772740677.218,560,1.5,82.4,0.2,10.3,0,False
1772740677.323,561,1.6,80.7,0.3,10.4,0,False
1772740677.433,562,1.3,79.6,0.2,10.3,0,False
1772740677.543,563,0.8,82.6,0.2,10.2,0,False
1772740677.684,564,1.3,80.7,0.2,9.9,0,False
1772740677.808,565,1.1,82.5,0.2,9.8,0,False
1772740677.949,566,0.8,92.0,0.2,9.6,0,False
1772740678.078,567,0.8,82.3,0.2,9.4,0,False
1772740678.193,568,0.8,84.7,0.3,9.3,0,False
1772740678.286,569,1.4,85.5,0.2,9.3,0,False
1772740678.372,570,1.5,78.5,0.2,9.4,0,False
1772740678.464,571,1.5,83.5,0.2,9.4,0,False
1772740678.555,572,1.5,80.6,0.2,9.4,0,False
1772740678.647,573,1.5,81.9,0.3,9.4,0,False
1772740678.744,574,1.5,78.1,0.2,9.4,0,False
1772740679.018,575,0.9,80.6,0.2,8.7,0,False
1772740679.110,576,0.8,83.0,0.2,8.7,0,False
1772740679.239,577,1.5,82.7,0.3,8.6,0,False
1772740679.360,578,1.4,80.3,0.2,8.5,0,False
1772740679.451,579,0.8,82.1,0.2,8.6,0,False
1772740679.543,580,1.5,81.2,0.2,8.6,0,False
1772740679.634,581,1.5,80.2,0.2,8.7,0,False
1772740679.727,582,1.6,81.5,0.2,8.7,0,False
1772740679.821,583,1.5,80.6,0.2,8.8,0,False
1772740679.913,584,1.5,81.8,0.2,9.0,0,False
1772740680.004,585,1.5,80.7,0.2,9.1,0,False
1772740680.096,586,1.5,80.7,0.2,9.3,0,False
1772740680.187,587,1.5,80.2,0.2,9.5,0,False
1772740680.284,588,2.5,85.1,0.2,9.6,0,False
1772740680.377,589,1.6,81.8,0.3,9.6,0,False
1772740680.470,590,1.5,82.2,0.3,9.5,0,False
1772740680.563,591,1.6,81.6,0.2,9.5,0,False
1772740680.655,592,1.5,82.0,0.2,9.5,0,False
1772740680.749,593,1.5,81.4,0.3,9.5,0,False
1772740680.844,594,1.5,82.8,0.2,9.5,0,False
1772740680.937,595,1.5,81.9,0.3,10.4,0,False
1772740681.033,596,1.3,83.5,0.2,10.4,0,False
1772740681.126,597,1.6,81.1,0.2,10.6,0,False
1772740681.221,598,2.0,83.0,0.2,10.7,0,False
1772740681.313,599,1.5,81.2,0.2,10.7,0,False
1772740681.407,600,1.7,80.7,0.2,10.7,0,False
1772740681.506,601,1.5,83.9,0.2,10.7,0,False
1772740681.607,602,1.6,80.5,0.2,10.6,0,False
1772740681.705,603,2.0,81.6,0.2,10.6,0,False
1772740681.802,604,1.4,81.2,0.2,10.6,0,False
1772740681.898,605,1.6,80.7,0.2,10.6,0,False
1772740681.993,606,1.6,82.1,0.3,10.5,0,False
1772740682.090,607,1.6,81.2,0.2,10.5,0,False
1772740682.187,608,2.0,81.7,0.2,10.5,0,False
1772740682.285,609,1.7,83.6,0.2,10.5,0,False
1772740682.381,610,1.5,80.7,0.2,10.5,0,False
1772740682.477,611,1.6,81.8,0.4,10.4,0,False
1772740682.573,612,1.5,80.9,0.2,10.4,0,False
1772740682.664,613,1.9,77.7,0.2,10.4,0,False
1772740682.755,614,1.5,78.7,0.2,10.5,0,False
1772740683.010,615,0.9,81.0,0.2,9.6,1,True
1772740683.120,616,1.1,98.7,0.2,9.6,0,True
1772740683.217,617,1.6,83.3,0.2,9.6,0,True
1772740683.312,618,1.6,80.9,0.2,9.6,0,True
1772740683.411,619,1.5,82.1,0.3,9.5,0,True
1772740683.505,620,1.5,81.2,0.3,9.5,1,True
1772740683.614,621,1.7,84.8,0.2,9.5,1,True
1772740683.709,622,2.0,81.4,0.3,9.5,1,True
1772740683.803,623,1.5,81.4,0.2,9.5,1,True
1772740683.899,624,1.6,82.9,0.2,9.5,0,True
1772740683.992,625,1.5,81.0,0.2,9.5,0,True
1772740684.086,626,1.6,81.2,0.3,9.6,1,True
1772740684.180,627,1.6,80.7,0.2,9.6,1,True
1772740684.276,628,1.5,84.0,0.2,9.6,0,True
1772740684.370,629,1.6,82.6,0.2,9.6,0,True
1772740684.464,630,1.5,81.4,0.2,9.6,0,True
1772740684.564,631,1.6,87.3,0.2,9.6,0,True
1772740684.655,632,1.5,81.0,0.2,9.6,0,True
1772740684.746,633,1.9,80.1,0.2,9.6,0,True
1772740684.838,634,1.2,79.9,0.2,9.6,0,True
1772740684.930,635,1.6,81.0,0.2,10.4,0,True
1772740685.023,636,0.8,81.0,0.2,10.5,1,True
1772740685.116,637,1.5,81.2,0.3,10.5,0,True
1772740685.209,638,1.2,82.1,0.2,10.5,0,True
1772740685.301,639,1.9,80.9,0.2,10.6,0,True
1772740685.392,640,1.2,79.8,0.2,10.6,0,True
1772740685.485,641,1.2,81.9,0.2,10.7,0,True
1772740685.575,642,1.2,80.0,0.2,10.7,0,True
1772740685.667,643,1.2,79.8,0.3,10.7,0,True
1772740685.759,644,1.2,79.7,0.2,10.8,1,True
1772740685.850,645,1.2,79.9,0.2,10.8,1,True
1772740685.941,646,1.6,79.7,0.2,10.8,1,True
1772740686.031,647,1.2,79.4,0.2,10.8,0,True
1772740686.123,648,1.5,80.1,0.2,10.8,0,True
1772740686.219,649,1.2,84.1,0.2,10.8,0,True
1772740686.310,650,1.2,79.7,0.2,10.8,1,True
1772740686.402,651,1.6,80.3,0.2,10.9,1,True
1772740686.493,652,1.4,79.4,0.2,10.9,0,True
1772740686.584,653,1.2,79.8,0.3,10.9,0,True
1772740686.674,654,1.3,77.6,0.2,10.9,0,True
1772740686.763,655,1.5,77.8,0.2,10.9,0,True
1772740687.017,656,0.9,79.8,0.2,10.0,0,True
1772740687.109,657,0.8,82.3,0.2,10.0,1,True
1772740687.202,658,1.6,81.3,0.4,10.0,1,True
1772740687.294,659,0.8,82.2,0.2,10.0,1,True
1772740687.387,660,1.6,79.9,0.2,10.0,1,True
1772740687.480,661,1.6,81.3,0.3,10.0,0,True
1772740687.571,662,1.5,80.5,0.2,10.0,0,True
1772740687.663,663,1.5,80.1,0.2,10.0,0,True
1772740687.755,664,2.3,80.1,0.2,10.0,0,True
1772740687.845,665,1.5,79.4,0.2,10.0,0,True
1772740687.937,666,1.9,80.9,0.2,10.0,0,True
1772740688.029,667,1.6,80.1,0.2,10.0,0,True
1772740688.121,668,1.5,81.7,0.2,10.0,0,True
1772740688.214,669,1.6,81.6,0.2,10.0,0,True
1772740688.307,670,1.6,81.8,0.2,10.0,0,True
1772740688.398,671,1.6,80.4,0.2,10.0,0,True
1772740688.490,672,1.6,80.7,0.6,10.0,0,True
1772740688.586,673,1.5,84.4,0.2,10.0,1,True
1772740688.689,674,1.6,92.1,0.2,9.9,0,True
1772740688.788,675,1.1,86.3,0.3,9.9,1,True
1772740688.883,676,1.6,82.5,0.2,10.7,1,True
1772740688.979,677,1.1,83.9,0.2,10.7,0,True
1772740689.072,678,1.6,81.2,0.2,10.7,0,True
1772740689.166,679,1.9,82.2,0.2,10.7,0,True
1772740689.263,680,1.6,84.5,0.3,10.7,0,True
1772740689.358,681,1.7,83.2,0.2,10.6,0,True
1772740689.451,682,1.6,81.1,0.2,10.6,0,True
1772740689.544,683,1.6,81.7,0.3,10.6,0,True
1772740689.637,684,1.5,82.1,0.2,10.6,0,True
1772740689.729,685,1.7,80.9,0.2,10.6,0,True
1772740689.822,686,1.5,81.4,0.2,10.6,0,True
1772740689.918,687,1.6,82.4,0.2,10.6,0,True
1772740690.012,688,1.6,82.0,0.2,10.6,0,True
1772740690.103,689,1.6,80.6,0.2,10.6,0,True
1772740690.197,690,1.5,81.2,0.3,10.6,0,True
1772740690.295,691,0.9,85.6,0.2,10.5,0,True
1772740690.387,692,1.6,81.4,0.2,10.5,0,True
1772740690.478,693,1.6,80.0,0.2,10.6,0,True
1772740690.570,694,1.5,81.2,0.2,10.6,0,True
1772740690.659,695,1.6,78.3,0.2,10.7,0,True
1772740690.747,696,1.5,77.6,0.2,10.7,0,True
1772740691.025,697,0.8,80.3,0.2,9.8,0,True
1772740691.120,698,0.9,85.3,0.3,9.8,0,True
1772740691.215,699,1.5,83.5,0.2,9.8,0,True
1772740691.306,700,1.6,80.6,0.3,9.8,0,True
1772740691.398,701,1.5,80.3,0.2,9.8,0,True
1772740691.489,702,1.5,80.6,0.2,9.8,0,True
1772740691.582,703,1.4,80.4,0.2,9.8,0,True
1772740691.674,704,1.6,81.2,0.3,9.8,0,True
1772740691.766,705,1.6,80.6,0.2,9.8,0,True
1772740691.857,706,1.5,80.4,0.2,9.8,0,False
1772740691.950,707,1.7,81.3,0.2,9.8,0,False
1772740692.043,708,1.6,81.3,0.3,9.8,1,True
1772740692.137,709,1.8,81.9,0.2,9.8,0,True
1772740692.230,710,1.6,82.6,0.2,9.8,1,True
1772740692.324,711,2.4,80.6,0.3,9.9,1,True
1772740692.417,712,1.6,81.9,0.3,9.9,0,True
1772740692.511,713,1.5,81.6,0.2,9.8,0,True
1772740692.605,714,1.6,81.8,0.2,9.8,0,True
1772740692.696,715,1.6,81.0,0.2,9.8,0,True
1772740692.789,716,1.6,81.6,0.2,9.8,0,True
1772740692.881,717,1.5,80.4,0.2,10.8,0,True
1772740692.976,718,1.1,82.9,0.2,10.8,0,True
1772740693.068,719,1.6,81.1,0.2,10.8,0,True
1772740693.159,720,1.6,80.9,0.3,10.8,0,True
1772740693.256,721,1.8,84.9,0.3,10.8,0,True
1772740693.348,722,1.5,81.4,0.3,10.8,0,True
1772740693.441,723,1.6,80.6,0.2,10.8,1,True
1772740693.533,724,1.6,81.2,0.2,10.8,0,True
1772740693.635,725,1.7,90.2,0.2,10.7,0,True
1772740693.734,726,1.5,88.4,0.2,10.7,0,True
1772740693.824,727,1.6,79.7,0.2,10.7,0,True
1772740693.917,728,1.8,81.8,0.2,10.7,0,True
1772740694.009,729,1.6,80.6,0.2,10.7,0,True
1772740694.102,730,1.6,81.6,0.2,10.7,1,True
1772740694.194,731,1.6,80.0,0.2,10.7,1,True
1772740694.289,732,0.9,83.5,0.2,10.7,1,True
1772740694.380,733,1.5,80.4,0.2,10.7,0,True
1772740694.472,734,1.6,81.7,0.2,10.7,0,True
1772740694.563,735,1.6,80.1,0.2,10.7,0,True
1772740694.653,736,1.5,79.1,0.2,10.7,0,True
1772740694.740,737,1.6,76.9,0.2,10.8,0,True
1772740695.037,738,0.9,80.4,0.2,9.7,0,True
1772740695.128,739,1.2,81.1,0.2,9.7,0,True
1772740695.224,740,2.3,84.2,0.2,9.7,0,True
1772740695.322,741,1.6,84.7,0.2,9.7,0,True
1772740695.413,742,1.3,79.9,0.2,9.7,0,True
1772740695.504,743,1.3,80.2,0.2,9.7,0,True
1772740695.595,744,1.3,80.4,0.2,9.7,0,True
1772740695.686,745,1.2,80.8,0.2,9.8,0,True
1772740695.778,746,1.3,80.3,0.2,9.8,0,True
1772740695.869,747,1.2,80.3,0.2,9.8,0,True
1772740695.962,748,1.6,80.8,0.2,9.8,0,True
1772740696.052,749,1.2,79.9,0.2,9.8,0,True
1772740696.145,750,1.5,81.8,0.2,9.8,0,True
1772740696.251,751,1.2,93.7,0.6,9.7,0,True
1772740696.343,752,1.4,80.2,0.2,9.7,0,True
1772740696.434,753,1.1,80.6,0.3,9.7,0,True
1772740696.525,754,1.2,79.9,0.2,9.7,0,True
1772740696.617,755,1.5,80.6,0.2,9.7,0,True
1772740696.709,756,1.3,80.2,0.2,9.7,0,True
1772740696.800,757,1.5,80.5,0.2,9.7,0,True
1772740696.892,758,1.2,80.1,0.2,10.8,0,True
1772740696.988,759,0.8,83.2,0.2,10.8,0,True
1772740697.080,760,1.2,80.3,0.3,10.8,0,True
1772740697.172,761,1.5,80.4,0.2,10.8,0,True
1772740697.267,762,1.6,82.6,0.2,10.8,0,False
1772740697.360,763,1.2,80.7,0.2,10.8,0,False
1772740697.453,764,1.3,80.8,0.2,10.8,0,False
1772740697.547,765,1.5,80.9,0.2,10.7,0,False
1772740697.643,766,1.6,80.9,0.2,10.7,1,True
1772740697.740,767,1.5,80.6,0.4,10.7,1,True
1772740697.837,768,1.6,80.3,0.2,10.7,0,True
1772740697.930,769,1.7,81.4,0.2,10.7,0,True
1772740698.022,770,1.6,80.8,0.2,10.7,0,True
1772740698.114,771,2.0,80.8,0.2,10.7,3,True
1772740698.209,772,1.5,82.5,0.3,10.7,2,True
1772740698.303,773,2.0,80.9,0.2,10.7,1,True
1772740698.396,774,1.5,80.2,0.2,10.7,1,True
1772740698.490,775,2.2,80.5,0.2,10.7,1,True
1772740698.587,776,1.6,84.4,0.2,10.6,2,True
1772740698.679,777,0.8,80.6,0.2,10.6,2,True
1772740698.769,778,1.5,77.6,0.3,10.7,2,True
1772740699.052,779,0.8,80.5,0.3,9.7,1,True
1772740699.146,780,1.0,82.3,0.3,9.7,2,True
1772740699.243,781,1.6,84.5,0.2,9.7,1,True
1772740699.336,782,1.6,81.9,0.3,9.7,0,True
1772740699.428,783,1.5,81.1,0.2,9.7,0,True
1772740699.520,784,1.6,81.0,0.3,9.7,1,True
1772740699.613,785,1.5,80.5,0.3,9.7,1,True
1772740699.708,786,1.6,82.6,0.2,9.7,2,True
1772740699.801,787,1.5,80.4,0.2,9.7,1,True
1772740699.894,788,1.6,81.4,0.2,9.7,0,True
1772740699.985,789,1.5,80.0,0.2,9.7,0,True
1772740700.079,790,1.6,80.9,0.5,9.7,2,True
1772740700.173,791,1.5,80.7,0.2,9.7,1,True
1772740700.269,792,1.6,85.1,0.2,9.7,0,True
1772740700.361,793,1.5,80.5,0.2,9.7,1,True
1772740700.454,794,2.1,81.1,0.2,9.7,1,True
1772740700.546,795,1.5,80.4,0.2,9.7,1,True
1772740700.639,796,1.9,81.2,0.2,9.7,0,True
1772740700.730,797,1.5,80.2,0.2,9.7,0,True
1772740700.823,798,1.6,81.4,0.2,9.7,0,True
1772740700.915,799,1.5,80.3,0.2,10.7,0,True
1772740701.010,800,1.1,83.7,0.2,10.7,0,True
1772740701.103,801,1.6,80.7,0.2,10.8,0,True
1772740701.197,802,1.6,82.6,0.2,10.7,0,True
1772740701.289,803,0.8,81.9,0.2,10.7,0,True
1772740701.383,804,1.8,81.9,0.2,10.7,0,True
1772740701.475,805,1.5,80.5,0.2,10.7,0,True
1772740701.568,806,1.9,81.7,0.2,10.8,0,True
1772740701.660,807,1.5,80.4,0.2,10.8,0,True
1772740701.755,808,1.6,82.6,0.2,10.7,0,True
1772740701.845,809,1.5,79.5,0.2,10.8,0,True
1772740701.938,810,1.7,81.4,0.2,10.8,0,True
1772740702.033,811,1.6,82.0,0.2,10.8,1,True
1772740702.125,812,2.1,80.0,0.2,10.8,0,True
1772740702.218,813,1.6,82.1,0.2,10.8,0,True
1772740702.311,814,2.1,81.2,0.2,10.8,0,True
1772740702.403,815,1.5,80.1,0.2,10.8,0,True
1772740702.496,816,1.8,81.8,0.3,10.8,0,True
1772740702.587,817,1.5,80.1,0.2,10.8,0,True
1772740702.678,818,1.5,79.4,0.2,10.8,1,True
1772740702.767,819,1.5,77.5,0.2,10.8,0,True
1772740703.058,820,0.9,80.3,0.2,9.8,0,True
1772740703.151,821,1.2,82.0,0.2,9.8,1,True
1772740703.245,822,1.6,81.5,0.2,9.8,0,True
1772740703.336,823,1.6,80.5,0.2,9.8,0,True
1772740703.427,824,1.8,80.0,0.2,9.8,0,True
1772740703.518,825,1.5,79.7,0.2,9.8,0,True
1772740703.616,826,1.9,86.5,0.2,9.8,0,True
1772740703.707,827,1.5,80.5,0.2,9.8,0,True
1772740703.799,828,1.7,79.7,0.2,9.8,0,True
1772740703.890,829,1.6,79.9,0.2,9.8,0,True
1772740703.982,830,1.9,80.8,0.2,9.8,0,True
1772740704.073,831,1.6,80.0,0.2,9.8,0,True
1772740704.166,832,1.6,81.5,0.2,9.8,0,True
1772740704.265,833,1.6,88.1,0.2,9.8,0,True
1772740704.357,834,1.6,79.8,0.2,9.8,0,True
1772740704.446,835,1.2,78.4,0.2,9.8,0,True
1772740704.539,836,1.5,80.9,0.2,9.8,0,True
1772740704.630,837,1.2,80.7,0.2,9.8,0,True
1772740704.724,838,1.2,81.6,0.2,9.8,0,True
1772740704.816,839,1.2,80.1,0.2,9.8,0,True
1772740704.908,840,1.2,81.5,0.2,10.8,0,True
1772740705.007,841,1.0,83.2,0.2,10.8,1,True
1772740705.100,842,1.7,80.6,0.2,10.8,0,True
1772740705.194,843,1.5,80.3,0.2,10.8,1,True
1772740705.289,844,0.8,82.4,0.2,10.7,0,True
1772740705.382,845,1.5,80.7,0.2,10.7,0,True
1772740705.479,846,1.6,80.2,0.2,10.7,1,True
1772740705.574,847,1.5,80.9,0.3,10.7,0,True
1772740705.670,848,1.6,80.3,0.2,10.7,0,True
1772740705.763,849,1.5,81.9,0.2,10.7,1,True
1772740705.856,850,1.5,80.3,0.2,10.7,1,True
1772740705.947,851,1.5,80.2,0.2,10.7,0,True
1772740706.039,852,1.6,80.0,0.2,10.7,1,True
1772740706.131,853,1.6,79.9,0.4,10.7,1,True
1772740706.229,854,1.5,86.1,0.2,10.7,1,True
1772740706.321,855,1.9,81.2,0.2,10.7,1,True
1772740706.413,856,1.5,80.0,0.2,10.7,1,True
1772740706.507,857,1.6,81.9,0.2,10.7,1,True
1772740706.599,858,1.5,80.3,0.2,10.7,2,True
1772740706.690,859,1.5,80.0,0.2,10.7,2,True
1772740706.779,860,1.6,77.6,0.2,10.7,2,True
1772740707.069,861,0.8,80.3,0.2,9.7,1,True
1772740707.163,862,1.1,83.2,0.2,9.7,1,True
1772740707.257,863,1.5,81.9,0.2,9.7,1,True
1772740707.349,864,1.6,80.5,0.3,9.7,1,True
1772740707.441,865,1.6,80.0,0.2,9.7,2,True
1772740707.534,866,1.5,80.6,0.2,9.7,2,True
1772740707.626,867,1.6,80.7,0.2,9.7,2,True
1772740707.718,868,1.6,80.0,0.2,9.8,2,True
1772740707.810,869,1.8,80.6,0.2,9.8,2,True
1772740707.902,870,1.6,80.3,0.2,9.8,2,True
1772740707.997,871,2.3,81.0,0.2,9.8,2,True
1772740708.089,872,1.4,80.8,0.2,9.8,2,True
1772740708.181,873,1.2,80.1,0.2,9.8,2,True
1772740708.276,874,1.2,82.8,0.2,9.8,2,True
1772740708.368,875,1.6,80.0,0.3,9.8,3,True
1772740708.460,876,1.2,80.4,0.3,9.8,3,True
1772740708.553,877,1.2,79.9,0.2,9.8,2,True
1772740708.652,878,1.3,86.6,0.2,9.7,3,True
1772740708.760,879,1.4,95.9,0.2,9.7,3,True
1772740708.855,880,1.9,82.6,0.2,9.6,3,True
1772740708.946,881,1.5,79.7,0.2,10.6,2,True
1772740709.040,882,1.2,80.9,0.2,10.7,3,True
1772740709.131,883,1.6,79.7,0.2,10.7,1,True
1772740709.225,884,1.6,81.6,0.2,10.7,2,True
1772740709.317,885,1.5,79.9,0.2,10.7,1,True
1772740709.407,886,1.6,79.4,0.2,10.7,0,True
1772740709.497,887,1.5,79.2,0.2,10.7,0,True
1772740709.588,888,1.9,80.4,0.2,10.7,0,True
1772740709.679,889,1.5,79.4,0.2,10.7,1,True
1772740709.770,890,1.6,80.8,0.2,10.7,0,True
1772740709.860,891,1.5,79.3,0.3,10.7,0,True
1772740709.951,892,1.5,79.4,0.2,10.7,1,True
1772740710.042,893,1.5,79.6,0.2,10.8,2,True
1772740710.134,894,1.6,79.8,0.2,10.8,2,True
1772740710.228,895,1.6,82.1,0.2,10.8,3,True
1772740710.319,896,1.6,79.5,0.3,10.8,3,True
1772740710.410,897,1.6,79.5,0.2,10.8,3,True
1772740710.501,898,1.6,79.0,0.3,10.8,3,True
1772740710.593,899,1.8,80.1,0.2,10.9,3,True
1772740710.684,900,1.5,79.1,0.2,10.9,3,True
1772740710.775,901,2.0,78.2,0.2,10.9,2,True
1772740711.079,902,0.8,79.6,0.2,9.8,1,True
1772740711.171,903,1.1,81.0,0.2,9.8,1,True
1772740711.266,904,1.6,80.7,0.2,9.8,2,True
1772740711.357,905,1.5,80.2,0.2,9.8,1,True
1772740711.450,906,1.8,79.8,0.2,9.8,1,True
1772740711.541,907,1.6,79.6,0.2,9.8,1,True
1772740711.633,908,1.7,80.5,0.2,9.8,1,True
1772740711.725,909,1.6,79.6,0.2,9.8,2,True
1772740711.819,910,1.8,81.3,0.2,9.8,3,True
1772740711.910,911,1.5,79.5,0.2,9.8,1,True
1772740712.002,912,1.7,81.3,0.2,9.7,2,True
1772740712.093,913,1.5,79.9,0.2,9.7,2,True
1772740712.185,914,1.5,80.1,0.2,9.8,2,True
1772740712.277,915,1.5,81.5,0.2,9.8,2,True
1772740712.369,916,1.5,79.7,0.3,9.8,1,True
1772740712.459,917,1.5,79.5,0.2,9.8,2,True
1772740712.551,918,1.5,79.6,0.2,9.8,2,True
1772740712.642,919,1.5,79.8,0.2,9.8,1,True
1772740712.734,920,1.6,80.2,0.2,9.8,1,True
1772740712.826,921,1.6,80.1,0.2,9.7,2,True
1772740712.918,922,1.5,79.9,0.2,10.9,1,True
1772740713.016,923,0.9,84.3,0.3,10.8,2,True
1772740713.109,924,1.6,80.2,0.3,10.9,2,True
1772740713.202,925,1.5,81.8,0.3,10.8,2,True
1772740713.295,926,0.8,82.0,0.2,10.8,2,True
1772740713.386,927,1.5,79.5,0.2,10.8,2,True
1772740713.479,928,1.5,80.4,0.2,10.8,2,True
1772740713.572,929,1.5,80.3,0.2,10.8,2,True
1772740713.666,930,1.5,81.8,0.2,10.8,0,True
1772740713.761,931,1.5,81.2,0.2,10.8,2,True
1772740713.853,932,1.6,80.3,0.5,10.8,0,True
1772740713.945,933,1.5,79.9,0.2,10.8,2,True
1772740714.037,934,1.5,79.8,0.2,10.8,1,True
1772740714.129,935,1.5,80.0,0.2,10.8,1,True
1772740714.223,936,1.5,82.4,0.2,10.8,0,True
1772740714.314,937,1.5,79.8,0.2,10.8,0,True
1772740714.406,938,1.6,79.8,0.2,10.8,1,True
1772740714.498,939,1.6,79.8,0.2,10.8,1,True
1772740714.591,940,1.6,80.6,0.2,10.8,1,True
1772740714.683,941,1.5,80.0,0.2,10.8,1,True
1772740714.776,942,1.5,80.6,0.2,10.8,1,True
1772740714.868,943,1.6,80.6,0.2,10.8,0,True
1772740714.959,944,1.5,80.0,0.2,10.8,1,True
1772740715.055,945,2.0,82.9,0.2,10.8,1,True
1772740715.153,946,1.5,86.1,0.4,10.8,1,True
1772740715.246,947,1.5,81.7,0.2,10.8,1,True
1772740715.339,948,1.6,80.6,0.3,10.8,1,True
1772740715.431,949,1.6,80.2,0.2,10.8,1,True
1772740715.527,950,1.6,82.5,0.3,10.7,0,True
1772740715.618,951,1.5,80.1,0.2,10.8,0,True
1772740715.709,952,1.5,79.7,0.2,10.8,1,True
1772740715.801,953,1.6,79.7,0.3,10.8,1,True
1772740715.893,954,1.6,80.0,0.3,10.8,1,True
1772740715.984,955,1.6,80.2,0.2,10.8,0,True
1772740716.075,956,1.6,80.3,0.2,10.8,0,True
1772740716.167,957,1.6,79.9,0.2,10.8,0,True
1772740716.269,958,1.6,90.8,0.6,10.7,0,True
1772740716.360,959,1.5,80.1,0.3,10.7,0,True
1772740716.451,960,1.5,80.4,0.3,10.7,0,True
1772740716.547,961,1.4,81.4,0.2,10.7,1,True
1772740716.639,962,1.6,80.4,0.3,10.7,1,True
1772740716.731,963,1.5,80.0,0.2,10.7,1,True
1772740716.823,964,1.5,80.5,0.4,10.7,0,True
1772740716.915,965,1.5,80.2,0.2,10.8,1,True
1772740717.008,966,1.6,80.3,0.2,10.8,1,True
1772740717.100,967,1.5,80.2,0.2,10.8,1,True
1772740717.191,968,1.5,80.1,0.2,10.8,1,True
1772740717.285,969,1.2,82.5,0.2,10.8,1,True
1772740717.378,970,1.6,80.4,0.2,10.8,1,True
1772740717.470,971,1.6,80.2,0.2,10.8,2,True
1772740717.562,972,1.6,80.5,0.2,10.8,1,True
1772740717.655,973,1.5,80.5,0.2,10.8,1,True
1772740717.747,974,1.5,80.7,0.2,10.8,1,True
1772740717.840,975,1.2,80.3,0.2,10.8,1,True
1772740717.932,976,1.2,80.5,0.2,10.8,1,True
1772740718.025,977,1.5,81.1,0.2,10.8,2,True
1772740718.117,978,1.2,80.2,0.2,10.8,2,True
1772740718.211,979,1.5,81.8,0.2,10.8,1,True
1772740718.303,980,1.2,80.4,0.2,10.8,1,True
1772740718.396,981,1.5,80.2,0.2,10.8,2,True
1772740718.488,982,1.3,79.8,0.2,10.8,2,True
1772740718.584,983,1.3,83.0,0.3,10.8,2,True
1772740718.679,984,0.8,83.6,0.2,10.8,2,True
1772740718.768,985,1.5,77.3,0.2,10.8,2,True
1772740719.101,986,0.8,80.2,0.2,9.6,2,True
1772740719.197,987,1.0,82.9,0.2,9.5,2,True
1772740719.292,988,1.9,83.0,0.3,9.5,2,True
1772740719.386,989,1.2,81.4,0.4,9.5,2,True
1772740719.477,990,1.2,79.5,0.2,9.5,2,True
1772740719.572,991,1.5,82.4,0.3,9.5,1,True
1772740719.664,992,1.3,79.4,0.2,9.5,1,True
1772740719.754,993,1.2,79.6,0.2,9.5,0,True
1772740719.845,994,1.2,79.7,0.2,9.5,0,True
1772740719.936,995,1.5,80.2,0.3,9.5,1,True
1772740720.028,996,1.1,79.8,0.2,9.5,0,True
1772740720.118,997,1.2,79.6,0.2,9.6,0,True
1772740720.212,998,1.5,82.7,0.2,9.5,1,True
1772740720.305,999,1.2,80.1,0.2,9.6,1,True
1772740720.397,1000,1.4,80.9,0.2,9.6,0,True
1772740720.489,1001,1.6,80.2,0.3,9.6,1,True
1772740720.583,1002,1.6,81.6,0.2,9.5,2,True
1772740720.675,1003,1.2,80.1,0.2,9.6,1,True
1772740720.768,1004,1.6,81.4,0.2,9.6,1,True
1772740720.861,1005,1.2,80.3,0.2,9.6,1,True
1772740720.954,1006,1.6,80.9,0.2,10.8,1,True
1772740721.052,1007,0.9,84.7,0.2,10.8,1,True
1772740721.145,1008,1.6,80.9,0.2,10.8,1,True
1772740721.239,1009,1.5,82.4,0.3,10.8,1,True
1772740721.332,1010,1.6,80.3,0.2,10.8,1,True
1772740721.424,1011,1.5,80.5,0.2,10.8,1,True
1772740721.517,1012,1.6,80.0,0.3,10.8,1,True
1772740721.610,1013,1.5,81.2,0.2,10.8,2,True
1772740721.703,1014,1.6,80.3,0.3,10.8,2,True
1772740721.796,1015,1.5,80.8,0.2,10.8,2,True
1772740721.888,1016,1.6,80.2,0.2,10.8,3,True
1772740721.983,1017,1.5,82.2,0.3,10.7,2,True
1772740722.076,1018,1.6,80.5,0.3,10.7,2,True
1772740722.169,1019,1.5,80.2,0.2,10.7,2,True
1772740722.262,1020,1.6,81.0,0.2,10.7,2,True
1772740722.366,1021,1.5,91.6,0.2,10.7,2,True
1772740722.459,1022,1.6,80.7,0.2,10.7,1,True
1772740722.552,1023,1.7,81.9,0.2,10.7,0,True
1772740722.645,1024,1.6,81.5,0.2,10.7,0,True
1772740722.739,1025,1.8,81.4,0.2,10.6,1,True
1772740722.833,1026,1.5,81.4,0.3,10.6,2,True
1772740722.928,1027,1.5,81.5,0.2,10.7,2,True
1772740723.021,1028,1.5,81.9,0.2,10.7,1,True
1772740723.114,1029,1.5,81.5,0.2,10.7,0,True
1772740723.209,1030,1.6,83.9,0.2,10.7,0,True
1772740723.302,1031,1.6,81.5,0.3,10.6,1,True
1772740723.394,1032,1.6,81.0,0.2,10.7,0,True
1772740723.486,1033,1.6,81.3,0.2,10.7,0,True
1772740723.579,1034,1.5,82.2,0.3,10.7,0,True
1772740723.673,1035,0.8,83.2,0.2,10.7,1,True
1772740723.766,1036,1.6,81.6,0.2,10.7,0,True
1772740723.858,1037,1.6,81.5,0.2,10.7,0,True
1772740723.950,1038,1.6,81.5,0.3,10.7,0,True
1772740724.043,1039,1.6,81.4,0.2,10.7,0,True
1772740724.136,1040,1.6,81.7,0.3,10.7,0,True
1772740724.232,1041,1.5,84.4,0.2,10.7,0,True
1772740724.324,1042,1.6,81.6,0.3,10.7,0,True
1772740724.416,1043,1.5,81.2,0.2,10.7,0,True
1772740724.509,1044,1.5,81.5,0.2,10.7,0,True
1772740724.601,1045,1.5,81.4,0.2,10.7,0,True
1772740724.693,1046,1.6,81.4,0.3,10.8,0,True
1772740724.784,1047,1.6,80.9,0.2,10.8,0,True
1772740724.876,1048,1.6,80.7,0.3,10.8,0,True
1772740724.968,1049,1.7,80.4,0.2,10.8,0,True
1772740725.059,1050,1.5,80.1,0.2,10.8,0,True
1772740725.153,1051,2.0,82.8,0.2,10.8,0,True
1772740725.245,1052,1.5,81.9,0.2,10.8,0,True
1772740725.337,1053,1.9,80.9,0.2,10.8,0,True
1772740725.427,1054,1.5,79.9,0.2,10.8,0,True
1772740725.519,1055,1.5,81.5,0.2,10.8,0,True
1772740725.610,1056,1.5,80.8,0.2,10.8,0,True
1772740725.702,1057,1.4,81.6,0.2,10.8,0,True
1772740725.792,1058,1.6,80.1,0.2,10.9,0,True
1772740725.884,1059,1.5,80.6,0.3,10.9,0,True
1772740725.975,1060,1.6,80.4,0.2,10.9,0,True
1772740726.066,1061,1.5,80.5,0.2,10.9,0,True
1772740726.158,1062,1.7,81.5,0.2,10.9,0,True
1772740726.252,1063,1.5,82.6,0.3,10.9,0,True
1772740726.345,1064,1.5,80.7,0.2,10.9,0,True
1772740726.438,1065,1.6,81.5,0.3,10.9,0,False
1772740726.530,1066,1.6,79.5,0.2,10.9,0,False
1772740726.620,1067,1.5,80.7,0.3,10.9,0,False
1772740726.713,1068,2.1,81.6,0.3,10.9,0,False
1772740726.801,1069,1.6,78.1,0.3,10.9,0,False
1772740727.123,1070,0.9,83.1,0.3,9.7,0,False
1772740727.224,1071,0.9,87.6,0.4,9.7,0,False
1772740727.320,1072,1.6,82.8,0.2,9.6,0,False
1772740727.415,1073,1.6,83.6,0.2,9.6,0,False
1772740727.510,1074,1.6,83.3,0.3,9.6,1,True
1772740727.607,1075,1.7,83.2,0.2,9.6,0,True
1772740727.704,1076,1.6,81.9,0.2,9.5,0,True
1772740727.797,1077,1.5,81.3,0.2,9.5,0,True
1772740727.890,1078,1.6,81.9,0.4,9.5,0,True
1772740727.983,1079,1.6,81.4,0.2,9.5,0,True
1772740728.077,1080,1.6,82.2,0.3,9.5,0,True
1772740728.173,1081,1.7,84.2,0.3,9.5,0,True
1772740728.268,1082,1.5,85.3,0.2,9.5,0,True
1772740728.361,1083,1.5,82.2,0.2,9.5,0,True
1772740728.455,1084,1.5,82.9,0.2,9.5,0,True
1772740728.548,1085,1.5,81.8,0.2,9.5,0,True
1772740728.651,1086,1.6,92.0,0.3,9.4,1,True
1772740728.744,1087,1.5,80.6,0.2,9.4,1,True
1772740728.837,1088,1.5,81.3,0.2,9.4,0,True
1772740728.931,1089,1.6,82.1,0.3,9.4,0,True
1772740729.023,1090,1.6,81.1,0.2,10.5,0,True
1772740729.117,1091,1.0,83.1,0.2,10.6,0,True
1772740729.213,1092,1.6,84.0,0.2,10.6,0,True
1772740729.316,1093,1.5,91.9,0.2,10.5,0,True
1772740729.410,1094,1.6,82.4,0.2,10.5,0,True
1772740729.503,1095,1.6,81.7,0.2,10.5,0,True
1772740729.595,1096,1.5,81.0,0.2,10.6,0,True
1772740729.688,1097,1.6,81.9,0.2,10.6,1,True
1772740729.783,1098,1.6,82.3,0.2,10.6,1,True
1772740729.876,1099,1.6,81.5,0.2,10.6,0,True
1772740729.969,1100,1.6,81.5,0.2,10.6,0,True
1772740730.061,1101,1.6,81.7,0.2,10.6,0,True
1772740730.154,1102,1.6,81.7,0.2,10.6,0,True
1772740730.249,1103,1.6,83.7,0.2,10.6,1,True
1772740730.344,1104,1.6,82.9,0.4,10.6,0,True
1772740730.437,1105,1.5,81.8,0.2,10.6,0,True
1772740730.531,1106,1.5,82.8,0.2,10.6,1,True
1772740730.625,1107,1.6,81.6,0.3,10.6,1,True
1772740730.719,1108,1.6,83.3,0.2,10.6,1,True
1772740730.813,1109,1.6,82.2,0.2,10.6,0,True
1772740730.907,1110,1.6,83.4,0.2,10.6,0,True
1772740731.002,1111,1.6,84.0,0.2,10.6,0,True
1772740731.096,1112,2.5,81.8,0.2,10.6,0,True
1772740731.189,1113,1.5,82.1,0.2,10.7,0,True
1772740731.284,1114,1.6,83.6,0.2,10.7,0,True
1772740731.377,1115,1.5,81.9,0.2,10.7,0,True
1772740731.471,1116,1.6,81.7,0.2,10.7,0,True
1772740731.564,1117,1.6,81.4,0.2,10.7,0,True
1772740731.657,1118,1.6,82.2,0.3,10.7,0,True
1772740731.751,1119,1.6,82.0,0.2,10.7,0,True
1772740731.846,1120,1.6,83.6,0.2,10.7,0,True
1772740731.943,1121,1.6,85.9,0.3,10.6,0,True
1772740732.038,1122,1.6,84.0,0.3,10.6,0,True
1772740732.136,1123,1.7,85.3,0.3,10.6,1,True
1772740732.247,1124,1.6,100.4,0.2,10.5,0,True
1772740732.345,1125,1.5,85.0,0.2,10.5,1,True
1772740732.439,1126,1.6,82.7,0.3,10.5,0,True
1772740732.534,1127,1.6,82.8,0.3,10.5,1,True
1772740732.630,1128,1.6,83.8,0.3,10.5,0,True
1772740732.727,1129,1.6,85.8,0.3,10.4,0,True
1772740732.822,1130,1.6,83.3,0.3,10.4,0,True
1772740732.915,1131,2.1,81.7,0.2,10.5,0,True
1772740733.009,1132,1.5,82.7,0.2,10.5,0,True
1772740733.110,1133,1.7,88.3,0.3,10.4,0,True
1772740733.209,1134,1.6,87.7,0.3,10.4,0,True
1772740733.304,1135,1.5,83.4,0.2,10.4,0,True
1772740733.400,1136,2.0,83.9,0.3,10.4,0,True
1772740733.496,1137,1.5,84.3,0.2,10.3,0,True
1772740733.593,1138,1.6,85.0,0.3,10.3,0,True
1772740733.688,1139,1.6,83.3,0.2,10.3,0,True
1772740733.783,1140,1.5,83.3,0.3,10.3,1,True
1772740733.883,1141,1.6,87.4,0.3,10.3,0,True
1772740733.979,1142,1.6,84.3,0.3,10.3,0,True
1772740734.072,1143,1.6,81.4,0.3,10.3,0,True
1772740734.165,1144,1.5,81.3,0.2,10.4,0,True
1772740734.264,1145,1.6,88.2,0.3,10.4,0,True
1772740734.358,1146,1.2,82.4,0.2,10.4,0,True
1772740734.450,1147,1.3,80.6,0.2,10.4,0,True
1772740734.544,1148,1.2,82.1,0.2,10.5,0,True
1772740734.635,1149,1.2,79.4,0.2,10.5,0,True
1772740734.727,1150,1.2,81.3,0.2,10.5,0,True
1772740734.816,1151,1.2,77.7,0.2,10.5,0,True
1772740735.145,1152,0.8,80.6,0.2,9.4,0,True
1772740735.255,1153,0.8,99.4,0.2,9.3,0,True
1772740735.351,1154,1.4,83.6,0.3,9.3,0,True
1772740735.448,1155,1.7,85.6,0.3,9.3,0,True
1772740735.545,1156,1.6,86.0,0.3,9.3,0,True
1772740735.639,1157,1.6,82.8,0.3,9.3,0,True
1772740735.736,1158,1.6,85.5,0.2,9.3,0,True
1772740735.829,1159,1.6,82.4,0.3,9.3,0,True
1772740735.927,1160,1.9,84.0,0.3,9.3,0,True
1772740736.023,1161,1.6,84.3,0.3,9.3,0,True
1772740736.118,1162,1.6,83.3,0.2,9.4,0,True
1772740736.216,1163,1.6,87.0,0.3,9.3,0,True
1772740736.312,1164,1.6,84.0,0.3,9.3,0,True
1772740736.409,1165,2.0,84.2,0.3,9.3,0,True
1772740736.505,1166,1.7,82.9,0.3,9.3,1,True
1772740736.600,1167,1.6,82.8,0.3,9.3,0,True
1772740736.697,1168,1.6,85.2,0.3,9.3,0,True
1772740736.792,1169,1.6,83.6,0.3,9.3,0,True
1772740736.889,1170,1.6,85.2,0.2,9.3,0,True
1772740736.988,1171,1.7,86.2,0.3,9.2,1,True
1772740737.083,1172,1.6,83.3,0.3,10.3,0,True
1772740737.182,1173,1.1,86.7,0.3,10.4,0,True
1772740737.278,1174,1.7,83.9,0.3,10.4,0,True
1772740737.372,1175,1.6,83.3,0.3,10.4,0,True
1772740737.467,1176,1.7,83.5,0.2,10.4,0,True
1772740737.563,1177,1.7,83.6,0.3,10.4,0,True
1772740737.658,1178,1.6,83.7,0.4,10.4,0,True
1772740737.751,1179,1.6,82.2,0.3,10.4,0,True
1772740737.847,1180,1.5,84.6,0.3,10.4,0,True
1772740737.942,1181,1.6,83.1,0.3,10.4,0,True
1772740738.037,1182,1.6,84.9,0.3,10.4,0,True
1772740738.132,1183,1.5,83.3,0.3,10.4,0,True
1772740738.230,1184,2.1,85.9,0.3,10.4,0,True
1772740738.329,1185,1.6,86.9,0.5,10.4,0,True
1772740738.424,1186,1.7,83.6,0.3,10.4,0,True
1772740738.521,1187,1.6,85.3,0.3,10.4,0,True
1772740738.621,1188,1.5,88.8,0.3,10.4,0,True
1772740738.716,1189,1.7,83.2,0.2,10.4,0,True
1772740738.812,1190,1.6,84.8,0.3,10.4,0,True
1772740738.904,1191,1.6,81.4,0.2,10.4,0,True
1772740738.998,1192,1.6,82.2,0.3,10.4,0,True
1772740739.091,1193,1.6,81.6,0.2,10.5,0,True
1772740739.184,1194,1.5,82.4,0.2,10.5,0,True
1772740739.278,1195,1.6,83.2,0.3,10.5,0,True
1772740739.373,1196,1.7,82.7,0.2,10.5,0,True
1772740739.465,1197,1.6,81.5,0.2,10.5,0,True
1772740739.558,1198,1.5,82.6,0.2,10.5,0,True
1772740739.651,1199,1.6,81.3,0.3,10.5,0,True
1772740739.746,1200,1.5,84.0,0.3,10.5,0,True
1772740739.842,1201,1.7,85.1,0.3,10.5,0,False
1772740739.937,1202,1.7,81.7,0.2,10.5,0,False
1772740740.029,1203,1.5,81.5,0.2,10.5,0,False
1772740740.123,1204,1.6,81.7,0.3,10.6,0,False
1772740740.222,1205,1.6,84.4,0.3,10.6,0,False
1772740740.326,1206,1.7,81.6,0.2,10.5,0,False
1772740740.429,1207,1.3,81.6,0.3,10.5,0,False
1772740740.530,1208,1.6,83.1,0.2,10.5,0,False
1772740740.627,1209,1.3,80.0,0.2,10.5,0,False
1772740740.724,1210,1.4,82.7,0.2,10.5,0,False
1772740740.822,1211,1.2,84.1,0.3,10.4,0,False
1772740740.923,1212,1.2,82.7,0.3,10.4,0,False
1772740741.022,1213,1.3,82.8,0.3,10.4,0,False
1772740741.120,1214,1.6,84.3,0.3,10.3,0,False
1772740741.218,1215,1.6,84.4,0.3,10.3,0,False
1772740741.314,1216,1.7,81.9,0.2,10.3,0,False
1772740741.409,1217,1.6,81.7,0.3,10.3,0,False
1772740741.503,1218,1.7,81.3,0.3,10.3,0,False
1772740741.600,1219,1.6,82.4,0.5,10.3,0,False
1772740741.693,1220,1.6,79.9,0.3,10.3,0,False
1772740741.788,1221,1.5,82.1,0.2,10.3,0,False
1772740741.881,1222,1.5,79.6,0.2,10.3,0,False
1772740741.976,1223,1.7,82.4,0.2,10.3,0,False
1772740742.069,1224,1.6,80.7,0.2,10.3,0,False
1772740742.164,1225,1.9,81.3,0.2,10.3,0,False
1772740742.261,1226,1.6,83.9,0.2,10.3,0,False
1772740742.356,1227,1.6,81.1,0.2,10.4,0,False
1772740742.452,1228,1.5,82.3,0.3,10.4,0,False
1772740742.547,1229,1.6,82.6,0.2,10.4,0,False
1772740742.640,1230,1.6,81.0,0.2,10.4,0,False
1772740742.750,1231,1.6,96.8,0.2,10.4,0,False
1772740742.840,1232,1.6,77.2,0.2,10.4,0,False
1772740743.181,1233,0.8,81.3,0.2,9.3,0,False
1772740743.282,1234,1.2,88.5,0.2,9.2,0,False
1772740743.380,1235,1.7,84.1,0.3,9.3,0,False
1772740743.476,1236,1.6,83.5,0.3,9.3,1,True
1772740743.572,1237,1.5,84.7,0.2,9.2,0,True
1772740743.670,1238,1.7,84.9,0.3,9.2,1,True
1772740743.764,1239,1.6,82.5,0.2,9.2,0,True
1772740743.856,1240,1.6,81.2,0.2,9.2,1,True
1772740743.949,1241,1.5,81.3,0.2,9.3,0,True
1772740744.041,1242,1.6,81.7,0.2,9.3,0,True
1772740744.133,1243,1.6,81.6,0.3,9.3,0,True
1772740744.241,1244,1.5,97.3,0.2,9.2,0,True
1772740744.335,1245,1.5,84.0,0.2,9.2,1,True
1772740744.429,1246,1.7,81.6,0.2,9.2,0,True
1772740744.519,1247,1.5,78.8,0.2,9.2,0,True
1772740744.617,1248,2.8,86.4,0.2,9.2,0,True
1772740744.710,1249,1.5,81.6,0.2,9.2,0,True
1772740744.802,1250,1.6,81.1,0.2,9.3,0,True
1772740744.894,1251,1.5,81.4,0.2,9.3,0,True
1772740744.990,1252,1.6,84.7,0.2,9.3,0,True
1772740745.082,1253,1.5,81.2,0.2,10.5,0,True
1772740745.177,1254,1.1,82.7,0.2,10.6,0,True
1772740745.272,1255,1.6,84.3,0.3,10.6,0,True
1772740745.364,1256,1.6,81.0,0.2,10.6,0,True
1772740745.456,1257,1.5,81.0,0.2,10.6,0,True
1772740745.547,1258,1.5,81.2,0.3,10.7,0,True
1772740745.640,1259,1.5,81.8,0.3,10.7,0,True
1772740745.733,1260,1.6,81.9,0.2,10.7,0,True
1772740745.831,1261,1.6,85.2,0.3,10.6,0,True
1772740745.925,1262,1.6,82.7,0.3,10.6,0,True
1772740746.018,1263,1.6,82.4,0.2,10.6,0,True
1772740746.111,1264,1.6,81.2,0.2,10.7,0,True
1772740746.211,1265,1.5,87.5,0.2,10.7,0,True
1772740746.304,1266,1.6,81.5,0.2,10.7,0,True
1772740746.399,1267,1.7,82.4,0.2,10.6,0,True
1772740746.492,1268,1.2,81.7,0.2,10.7,0,True
1772740746.585,1269,1.2,81.1,0.2,10.7,0,True
1772740746.680,1270,1.2,81.7,0.2,10.6,0,True
1772740746.772,1271,1.3,81.0,0.3,10.6,0,True
1772740746.866,1272,1.2,81.6,0.2,10.7,0,True
1772740746.961,1273,1.2,82.6,0.3,10.6,0,True
1772740747.055,1274,1.6,82.6,0.2,10.7,0,True
1772740747.146,1275,1.6,80.8,0.2,10.7,0,False
1772740747.242,1276,1.6,85.1,0.2,10.6,0,False
1772740747.334,1277,1.5,81.1,0.2,10.6,0,False
1772740747.429,1278,1.6,81.9,0.5,10.6,0,False
1772740747.521,1279,1.5,81.3,0.2,10.6,0,False
1772740747.614,1280,1.5,81.9,0.2,10.6,0,False
1772740747.707,1281,1.5,81.1,0.2,10.7,0,False
1772740747.800,1282,1.5,82.4,0.3,10.7,0,False
1772740747.894,1283,1.6,81.9,0.3,10.7,0,False
1772740747.988,1284,1.6,83.3,0.2,10.7,0,False
1772740748.080,1285,1.5,81.2,0.3,10.7,0,False
1772740748.177,1286,1.6,85.3,0.3,10.7,0,False
1772740748.275,1287,1.6,84.0,0.2,10.7,0,False
1772740748.374,1288,1.6,83.6,0.3,10.6,0,False
1772740748.471,1289,1.6,84.2,0.3,10.6,0,False
1772740748.570,1290,1.6,82.4,0.3,10.6,0,False
1772740748.675,1291,1.9,89.3,0.2,10.5,0,False
1772740748.771,1292,1.7,84.8,0.3,10.5,0,False
1772740748.864,1293,1.6,82.0,0.2,10.5,0,False
1772740748.964,1294,1.9,83.8,0.3,10.5,0,False
1772740749.079,1295,1.5,82.8,0.2,10.4,0,False
1772740749.196,1296,0.9,86.4,0.3,10.2,0,False
1772740749.343,1297,0.8,124.1,0.3,10.0,0,False
1772740749.444,1298,0.9,86.4,0.3,9.9,0,False
1772740749.544,1299,1.0,82.9,0.2,9.9,0,False
1772740749.639,1300,1.5,81.3,0.2,9.9,0,False
1772740749.733,1301,1.5,81.7,0.4,9.9,0,False
1772740749.825,1302,1.5,80.7,0.2,9.9,0,False
1772740749.921,1303,1.6,82.7,0.2,9.9,0,False
1772740750.015,1304,1.6,81.1,0.2,9.9,0,False
1772740750.109,1305,1.9,81.5,0.2,9.9,0,False
1772740750.205,1306,1.5,83.4,0.3,9.9,0,False
1772740750.301,1307,1.6,82.5,0.2,9.9,0,False
1772740750.396,1308,1.5,81.2,0.2,9.9,0,False
1772740750.506,1309,1.6,80.2,0.3,9.8,0,False
1772740750.620,1310,0.8,85.1,0.3,9.8,0,False
1772740750.731,1311,1.5,83.3,0.2,9.7,0,False
1772740750.823,1312,0.8,82.5,0.3,9.7,0,False
1772740750.915,1313,1.5,80.6,0.3,9.8,0,False
1772740751.192,1314,0.9,83.0,0.2,9.0,0,False
1772740751.295,1315,0.9,86.7,0.3,9.0,0,False
1772740751.390,1316,1.6,83.5,0.3,9.1,0,False
1772740751.485,1317,1.8,84.2,0.3,9.3,0,False
1772740751.579,1318,1.6,83.3,0.2,9.4,0,False
1772740751.674,1319,1.6,83.4,0.3,9.4,0,False
1772740751.768,1320,1.7,82.5,0.3,9.4,0,False
1772740751.865,1321,1.6,84.2,0.3,9.4,0,False
1772740751.962,1322,1.6,84.8,0.3,9.4,0,False
1772740752.059,1323,1.6,83.2,0.3,9.4,0,False
1772740752.155,1324,1.8,83.8,0.3,9.3,0,False
1772740752.253,1325,1.6,85.8,0.4,9.3,0,False
1772740752.347,1326,1.6,82.9,0.3,9.3,0,False
1772740752.444,1327,1.6,84.3,0.3,9.3,0,False
1772740752.537,1328,1.6,82.8,0.3,9.3,0,False
1772740752.636,1329,1.6,85.8,0.3,9.4,0,False
1772740752.729,1330,1.6,82.7,0.3,9.5,0,False
1772740752.828,1331,1.5,86.9,0.3,9.5,0,False
1772740752.923,1332,1.6,83.2,0.3,9.5,0,False
1772740753.017,1333,1.6,82.5,0.2,9.5,0,False
1772740753.112,1334,1.6,83.1,0.3,10.4,0,False
1772740753.209,1335,1.0,85.4,0.2,10.4,0,False
1772740753.305,1336,2.1,82.2,0.3,10.4,0,False
1772740753.402,1337,1.6,82.6,0.2,10.4,0,False
1772740753.497,1338,1.6,82.8,0.2,10.4,0,False
1772740753.606,1339,1.6,97.3,0.2,10.4,0,False
1772740753.698,1340,1.5,81.0,0.2,10.4,0,False
1772740753.791,1341,1.5,80.1,0.2,10.4,0,False
1772740753.882,1342,1.6,80.8,0.2,10.4,0,False
1772740753.975,1343,1.6,80.7,0.2,10.4,0,False
1772740754.066,1344,1.2,80.6,0.2,10.5,0,False
1772740754.158,1345,1.1,80.4,0.2,10.5,0,False
1772740754.251,1346,1.2,81.6,0.2,10.5,0,False
1772740754.344,1347,1.5,80.6,0.3,10.5,0,False
1772740754.435,1348,1.2,80.1,0.2,10.5,0,False
1772740754.528,1349,1.3,81.3,0.2,10.6,0,False
1772740754.622,1350,1.2,79.8,0.2,10.6,0,False
1772740754.727,1351,1.6,89.1,0.2,10.5,0,False
1772740754.819,1352,1.6,81.4,0.3,10.5,0,False
1772740754.914,1353,1.5,82.9,0.3,10.5,0,False
1772740755.008,1354,1.6,83.6,0.2,10.5,0,False
1772740755.099,1355,1.6,81.7,0.2,10.6,0,False
1772740755.195,1356,1.5,84.7,0.3,10.6,0,False
1772740755.289,1357,0.8,83.6,0.3,10.6,0,False
1772740755.381,1358,1.5,82.9,0.3,10.6,0,False
1772740755.473,1359,1.6,81.9,0.2,10.7,0,False
1772740755.566,1360,1.9,82.2,0.2,10.7,0,False
1772740755.657,1361,1.6,81.1,0.2,10.7,0,False
1772740755.751,1362,1.6,83.5,0.3,10.7,0,False
1772740755.847,1363,1.6,82.5,0.3,10.7,0,False
1772740755.941,1364,1.8,82.0,0.3,10.7,0,False
1772740756.035,1365,1.5,82.2,0.3,10.7,0,False
1772740756.132,1366,1.3,83.1,0.2,10.6,0,False
1772740756.229,1367,1.5,85.6,0.4,10.6,0,False
1772740756.328,1368,2.1,86.0,0.2,10.6,0,False
1772740756.423,1369,2.7,83.3,0.3,10.6,0,False
1772740756.517,1370,1.5,82.6,0.3,10.6,0,False
1772740756.614,1371,1.7,82.7,0.3,10.6,0,False
1772740756.711,1372,1.6,81.8,0.2,10.6,0,False
1772740756.806,1373,1.6,81.8,0.3,10.6,0,False
1772740756.903,1374,1.6,82.7,0.3,10.6,0,False
1772740757.000,1375,1.5,82.8,0.2,10.5,0,False
1772740757.099,1376,1.5,83.8,0.2,10.5,0,False
1772740757.197,1377,1.6,84.0,0.3,10.5,0,False
1772740757.296,1378,0.8,83.4,0.2,10.4,0,False
1772740757.397,1379,2.0,82.6,0.3,10.4,0,False
1772740757.501,1380,1.6,85.9,0.3,10.3,0,False
1772740757.633,1381,1.7,85.7,0.3,10.1,0,False
1772740757.758,1382,0.9,86.3,0.2,10.0,0,False
1772740757.865,1383,0.8,85.6,0.2,9.9,0,False
1772740757.979,1384,1.1,85.7,0.2,9.8,0,False
1772740758.075,1385,1.5,83.8,0.3,9.8,0,False
1772740758.176,1386,2.0,81.7,0.2,9.8,0,False
1772740758.283,1387,1.6,85.1,0.3,9.7,0,False
1772740758.395,1388,1.3,82.5,0.2,9.7,0,False
1772740758.500,1389,0.8,95.8,0.3,9.6,0,False
1772740758.614,1390,1.6,99.9,0.3,9.5,0,False
1772740758.712,1391,1.6,83.6,0.3,9.5,0,False
1772740758.809,1392,1.6,83.7,0.3,9.5,0,False
1772740758.902,1393,1.6,80.2,0.3,9.5,0,False
1772740759.227,1394,0.9,88.7,0.3,8.6,1,True
1772740759.324,1395,2.1,84.5,0.3,8.6,0,True
1772740759.420,1396,1.7,83.9,0.3,8.6,0,True
1772740759.513,1397,1.5,81.9,0.2,8.6,0,True
1772740759.611,1398,1.6,85.1,0.3,8.6,0,True
1772740759.708,1399,1.7,83.9,0.3,8.7,0,True
1772740759.804,1400,2.0,83.8,0.3,8.7,0,True
1772740759.899,1401,1.5,83.7,0.3,8.8,0,True
1772740759.996,1402,1.6,83.8,0.2,8.9,0,True
1772740760.092,1403,1.6,85.3,0.3,9.0,0,True
1772740760.189,1404,1.6,84.2,0.3,9.1,1,True
1772740760.287,1405,1.6,87.0,0.3,9.0,0,True
1772740760.384,1406,1.7,83.3,0.3,9.1,0,True
1772740760.480,1407,1.6,84.0,0.2,9.1,0,True
1772740760.576,1408,1.6,84.9,0.3,9.2,0,True
1772740760.672,1409,1.6,83.5,0.3,9.2,0,True
1772740760.769,1410,1.7,85.2,0.3,9.3,0,True
1772740760.869,1411,1.7,85.9,0.2,9.3,0,True
1772740760.965,1412,1.7,83.5,0.3,9.3,0,True
1772740761.063,1413,1.6,85.0,0.2,9.3,0,True
1772740761.158,1414,1.5,83.6,0.3,10.4,1,True
1772740761.260,1415,1.0,86.8,0.3,10.3,1,True
1772740761.358,1416,1.6,84.9,0.3,10.3,0,True
1772740761.456,1417,1.7,84.0,0.3,10.3,0,True
1772740761.552,1418,1.6,82.2,0.3,10.3,1,True
1772740761.649,1419,1.6,83.3,0.3,10.3,1,True
1772740761.744,1420,1.6,82.4,0.3,10.3,1,True
1772740761.842,1421,1.6,85.6,0.3,10.3,0,True
1772740761.937,1422,1.6,83.3,0.3,10.3,0,True
1772740762.032,1423,1.8,82.8,0.3,10.3,0,True
1772740762.127,1424,1.6,83.0,0.2,10.3,0,True
1772740762.225,1425,1.7,85.0,0.3,10.3,1,True
1772740762.323,1426,1.6,84.3,0.3,10.3,2,True
1772740762.420,1427,1.5,84.0,0.3,10.3,2,True
1772740762.516,1428,1.8,84.3,0.3,10.3,0,True
1772740762.613,1429,1.5,84.9,0.3,10.3,0,True
1772740762.708,1430,1.6,83.8,0.3,10.3,0,True
1772740762.806,1431,1.6,85.7,0.3,10.3,1,True
1772740762.902,1432,1.6,84.6,0.3,10.3,0,True
1772740763.000,1433,1.7,84.8,0.2,10.3,0,True
1772740763.096,1434,1.6,84.4,0.3,10.3,0,True
1772740763.192,1435,1.6,83.4,0.3,10.4,1,True
1772740763.292,1436,0.9,87.5,0.3,10.3,1,True
1772740763.387,1437,1.6,83.0,0.3,10.4,2,True
1772740763.485,1438,1.7,84.2,0.3,10.3,2,True
1772740763.584,1439,1.6,84.3,0.7,10.3,0,True
1772740763.680,1440,0.9,85.8,0.2,10.3,0,True
1772740763.780,1441,3.4,86.4,0.3,10.3,0,True
1772740763.876,1442,1.6,83.9,0.2,10.3,0,True
1772740763.972,1443,1.6,83.6,0.3,10.3,1,True
1772740764.071,1444,1.6,86.1,0.3,10.3,2,True
1772740764.168,1445,1.6,84.2,0.3,10.3,3,True
1772740764.269,1446,1.8,87.2,0.3,10.3,1,True
1772740764.367,1447,1.6,86.0,0.3,10.3,0,True
1772740764.464,1448,1.7,84.8,0.3,10.3,1,True
1772740764.562,1449,1.7,84.0,0.3,10.3,1,True
1772740764.658,1450,1.6,83.6,0.4,10.3,1,True
1772740764.754,1451,1.6,83.5,0.3,10.3,1,True
1772740764.851,1452,1.5,85.1,0.3,10.3,1,True
1772740764.947,1453,1.6,83.4,0.3,10.3,1,True
1772740765.045,1454,1.7,83.9,0.3,10.3,1,True
1772740765.141,1455,1.6,83.5,0.4,10.3,2,True
1772740765.240,1456,1.6,85.6,0.3,10.3,2,True
1772740765.337,1457,1.7,84.9,0.3,10.3,1,True
1772740765.435,1458,1.2,84.2,0.3,10.3,1,True
1772740765.530,1459,1.6,84.3,0.2,10.3,0,True
1772740765.628,1460,2.1,85.1,0.3,10.3,0,True
1772740765.725,1461,1.5,85.8,0.3,10.3,0,True
1772740765.822,1462,1.8,83.5,0.3,10.3,1,True
1772740765.919,1463,1.5,83.8,0.3,10.3,2,True
1772740766.014,1464,1.6,83.3,0.2,10.3,0,True
1772740766.110,1465,1.6,85.2,0.3,10.3,0,True
1772740766.209,1466,1.6,86.7,0.3,10.3,0,True
1772740766.305,1467,2.1,83.8,0.3,10.3,1,True
1772740766.400,1468,1.6,83.4,0.3,10.3,0,True
1772740766.496,1469,1.3,83.6,0.3,10.3,1,True
1772740766.594,1470,1.5,85.3,0.3,10.3,1,True
1772740766.698,1471,1.6,90.1,0.2,10.3,1,True
1772740766.790,1472,1.5,80.8,0.2,10.3,0,True
1772740766.880,1473,1.5,78.7,0.2,10.3,0,True
1772740766.969,1474,1.6,78.4,0.2,10.4,0,True
1772740767.242,1475,0.9,88.3,0.2,9.5,0,True
1772740767.338,1476,1.1,83.9,0.2,9.5,0,True
1772740767.429,1477,1.5,80.6,0.2,9.6,0,True
1772740767.523,1478,1.6,82.2,0.2,9.6,1,True
1772740767.616,1479,1.5,80.7,0.2,9.6,1,True
1772740767.709,1480,1.6,81.3,0.3,9.6,1,True
1772740767.801,1481,1.5,80.9,0.2,9.6,0,True
1772740767.894,1482,1.6,80.0,0.2,9.7,1,True
1772740767.986,1483,1.5,80.6,0.2,9.7,0,True
1772740768.080,1484,1.5,82.1,0.2,9.7,0,True
1772740768.171,1485,1.5,79.3,0.2,9.7,0,True
1772740768.265,1486,1.5,83.8,0.2,9.7,0,True
1772740768.357,1487,1.5,80.7,0.2,9.7,0,True
1772740768.450,1488,1.6,82.0,0.2,9.8,0,True
1772740768.542,1489,1.5,80.7,0.2,9.8,0,True
1772740768.636,1490,1.6,83.3,0.3,9.8,0,True
1772740768.728,1491,1.5,80.7,0.2,9.9,1,True
1772740768.821,1492,1.6,81.8,0.2,9.8,0,True
1772740768.913,1493,1.5,80.6,0.2,9.8,0,True
1772740769.006,1494,1.5,81.5,0.2,9.8,0,True
1772740769.098,1495,1.5,80.7,0.2,10.8,0,True
1772740769.194,1496,1.1,83.9,0.2,10.8,0,True
1772740769.287,1497,0.8,82.0,0.2,10.8,0,True
1772740769.380,1498,1.5,81.9,0.2,10.8,0,True
1772740769.470,1499,1.5,78.2,0.2,10.8,1,True
1772740769.563,1500,1.6,81.2,0.3,10.8,1,True
1772740769.659,1501,0.9,81.7,0.2,10.8,0,True
1772740769.752,1502,1.5,81.8,0.2,10.8,0,True
1772740769.843,1503,1.5,80.4,0.2,10.8,0,True
1772740769.936,1504,1.6,81.5,0.3,10.8,0,True
1772740770.027,1505,1.5,80.0,0.2,10.8,0,True
1772740770.120,1506,1.6,80.8,0.3,10.8,0,True
1772740770.212,1507,1.5,81.8,0.2,10.8,0,True
1772740770.307,1508,1.5,82.5,0.2,10.8,1,True
1772740770.398,1509,1.5,80.3,0.2,10.8,0,True
1772740770.489,1510,1.6,79.8,0.2,10.8,0,True
1772740770.580,1511,1.5,79.9,0.2,10.8,0,True
1772740770.671,1512,1.6,80.2,0.2,10.8,0,True
1772740770.761,1513,1.5,78.8,0.2,10.8,0,True
1772740770.852,1514,1.6,80.3,0.2,10.8,0,True
1772740770.951,1515,2.1,86.4,0.2,10.8,0,True
1772740771.042,1516,1.5,79.7,0.2,10.8,0,True
1772740771.134,1517,1.5,80.1,0.2,10.8,0,True
1772740771.228,1518,1.5,83.0,0.2,10.8,0,True
1772740771.319,1519,1.5,79.9,0.2,10.8,0,True
1772740771.411,1520,1.5,80.6,0.2,10.8,0,True
1772740771.503,1521,1.5,79.9,0.2,10.8,0,True
1772740771.595,1522,1.5,80.9,0.2,10.8,0,True
1772740771.688,1523,1.8,79.5,0.2,10.8,1,True
1772740771.778,1524,1.5,79.5,0.2,10.9,0,True
1772740771.871,1525,1.8,80.0,0.2,10.8,1,True
1772740771.963,1526,1.5,79.6,0.2,10.8,1,True
1772740772.056,1527,2.0,80.9,0.2,10.8,0,True
1772740772.149,1528,1.5,79.8,0.2,10.9,1,True
1772740772.245,1529,2.0,83.1,0.2,10.8,1,True
1772740772.337,1530,1.5,79.5,0.2,10.8,1,True
1772740772.432,1531,2.3,81.1,0.2,10.8,1,True
1772740772.524,1532,1.5,80.4,0.2,10.8,1,True
1772740772.616,1533,1.3,79.7,0.2,10.8,0,True
1772740772.707,1534,1.5,79.6,0.2,10.8,0,True
1772740772.800,1535,1.6,80.4,0.2,10.8,1,True
1772740772.892,1536,1.5,79.5,0.2,10.8,1,True
1772740772.985,1537,2.0,81.0,0.2,10.8,1,True
1772740773.078,1538,1.5,80.7,0.2,10.8,1,True
1772740773.171,1539,2.0,80.4,0.3,10.8,1,True
1772740773.265,1540,1.5,82.4,0.2,10.8,0,True
1772740773.357,1541,1.7,80.5,0.2,10.8,0,True
1772740773.448,1542,1.5,79.0,0.2,10.8,0,True
1772740773.541,1543,1.6,81.9,0.2,10.8,0,True
1772740773.641,1544,1.5,88.1,0.3,10.7,2,True
1772740773.733,1545,1.5,80.3,0.2,10.7,0,True
1772740773.824,1546,1.5,80.4,0.3,10.7,0,True
1772740773.917,1547,1.7,80.3,0.2,10.8,0,True
1772740774.008,1548,1.6,80.8,0.2,10.8,0,True
1772740774.104,1549,2.4,82.9,0.2,10.8,0,True
1772740774.196,1550,1.5,80.5,0.2,10.8,0,True
1772740774.289,1551,0.8,83.5,0.2,10.8,0,True
1772740774.380,1552,1.6,80.5,0.2,10.8,0,True
1772740774.472,1553,1.8,81.1,0.2,10.8,0,True
1772740774.563,1554,1.6,80.3,0.2,10.8,0,True
1772740774.657,1555,1.9,80.7,0.2,10.8,0,True
1772740774.750,1556,1.6,80.0,0.2,10.8,0,True
1772740774.842,1557,1.7,80.4,0.2,10.8,0,True
1772740774.931,1558,1.6,77.2,0.2,10.8,0,True
1772740775.254,1559,0.9,81.9,0.2,9.6,0,True
1772740775.349,1560,1.1,82.5,0.2,9.6,0,True
1772740775.461,1561,2.3,97.7,0.2,9.5,0,True
1772740775.556,1562,1.6,83.0,0.3,9.5,0,True
1772740775.649,1563,1.6,81.3,0.2,9.5,0,True
1772740775.743,1564,1.6,81.6,0.2,9.5,0,True
1772740775.839,1565,1.6,84.1,0.5,9.5,0,True
1772740775.934,1566,1.6,83.2,0.3,9.5,0,True
1772740776.031,1567,1.7,85.1,0.3,9.5,0,True
1772740776.125,1568,1.6,83.2,0.3,9.4,0,True
1772740776.224,1569,2.3,85.6,0.3,9.4,0,True
1772740776.318,1570,1.6,81.3,0.3,9.4,0,True
1772740776.410,1571,1.6,80.9,0.2,9.4,0,True
1772740776.502,1572,1.6,80.6,0.2,9.4,0,True
1772740776.595,1573,1.6,80.7,0.2,9.4,1,True
1772740776.688,1574,1.5,80.9,0.2,9.4,0,True
1772740776.780,1575,1.7,80.9,0.2,9.4,1,True
1772740776.873,1576,1.6,80.8,0.3,9.4,0,True
1772740776.965,1577,1.6,80.9,0.2,9.4,0,True
1772740777.058,1578,1.6,81.1,0.2,9.4,0,True
1772740777.151,1579,1.5,80.5,0.2,10.5,1,True
1772740777.248,1580,1.1,84.0,0.4,10.5,1,True
1772740777.343,1581,1.6,81.0,0.2,10.6,1,True
1772740777.437,1582,1.6,82.4,0.2,10.6,0,True
1772740777.531,1583,1.6,82.8,0.3,10.6,0,True
1772740777.626,1584,1.6,83.2,0.2,10.6,0,True
1772740777.720,1585,1.6,82.3,0.3,10.6,0,True
1772740777.817,1586,1.8,83.5,0.3,10.6,0,True
1772740777.913,1587,1.6,83.5,0.3,10.6,1,True
1772740778.008,1588,1.7,82.4,0.2,10.6,0,True
1772740778.102,1589,1.6,82.9,0.3,10.6,0,True
1772740778.196,1590,1.7,81.5,0.3,10.6,0,True
1772740778.300,1591,0.8,93.5,0.2,10.6,0,True
1772740778.396,1592,1.6,83.3,0.3,10.6,0,True
1772740778.492,1593,1.6,83.2,0.3,10.5,0,True
1772740778.595,1594,1.6,90.0,0.3,10.5,0,True
1772740778.706,1595,1.5,98.1,0.3,10.4,0,True
1772740778.803,1596,0.8,84.1,0.3,10.4,0,True
1772740778.901,1597,1.6,82.4,0.2,10.3,0,True
1772740779.000,1598,1.6,84.4,0.3,10.3,0,True
1772740779.103,1599,1.6,83.5,0.3,10.2,0,True
1772740779.210,1600,1.6,83.4,0.4,10.2,0,True
1772740779.310,1601,1.6,86.3,0.3,10.2,0,True
1772740779.408,1602,1.6,84.8,0.3,10.1,0,True
1772740779.505,1603,1.6,83.6,0.3,10.1,1,True
1772740779.604,1604,2.1,83.7,0.3,10.1,1,True
1772740779.701,1605,1.5,83.6,0.3,10.1,0,True
1772740779.798,1606,1.7,83.8,0.3,10.1,0,True
1772740779.896,1607,1.6,84.8,0.3,10.1,0,True
1772740779.992,1608,1.6,83.5,0.3,10.1,0,True
1772740780.089,1609,1.6,83.5,0.3,10.1,0,True
1772740780.187,1610,1.6,84.7,0.3,10.0,1,True
1772740780.294,1611,2.6,92.6,0.3,10.0,1,True
1772740780.388,1612,1.4,80.2,0.2,10.0,1,True
1772740780.483,1613,1.5,80.8,0.4,10.0,1,True
1772740780.575,1614,1.2,80.5,0.2,10.1,0,True
1772740780.670,1615,1.2,81.6,0.3,10.2,1,True
1772740780.764,1616,1.2,80.5,0.2,10.2,1,True
1772740780.860,1617,1.3,82.2,0.3,10.2,1,True
1772740780.952,1618,1.2,79.3,0.2,10.2,2,True
1772740781.046,1619,1.5,80.5,0.2,10.3,2,True
1772740781.138,1620,1.5,79.8,0.2,10.4,1,True
1772740781.238,1621,2.0,86.0,0.3,10.4,1,True
1772740781.331,1622,1.2,79.9,0.2,10.4,1,True
1772740781.424,1623,1.2,80.0,0.2,10.4,1,True
1772740781.516,1624,1.2,79.3,0.2,10.5,2,True
1772740781.609,1625,1.2,79.6,0.2,10.5,1,True
1772740781.702,1626,1.5,80.1,0.2,10.5,1,True
1772740781.795,1627,1.6,80.0,0.2,10.5,0,True
1772740781.887,1628,1.2,79.5,0.2,10.6,1,True
1772740781.979,1629,1.2,79.5,0.2,10.6,0,True
1772740782.072,1630,1.1,80.3,0.2,10.6,0,True
1772740782.166,1631,1.2,79.9,0.2,10.7,1,True
1772740782.260,1632,1.6,81.9,0.2,10.7,0,True
1772740782.351,1633,1.2,79.9,0.2,10.7,0,True
1772740782.442,1634,1.2,79.6,0.2,10.7,0,True
1772740782.534,1635,1.2,80.1,0.2,10.7,0,True
1772740782.625,1636,1.2,80.3,0.2,10.7,0,True
1772740782.718,1637,1.3,80.0,0.2,10.8,0,True
1772740782.809,1638,1.2,79.6,0.2,10.8,0,True
1772740782.899,1639,1.9,78.5,0.2,10.8,0,True
1772740782.986,1640,1.2,77.0,0.2,10.8,0,True
1772740783.275,1641,0.9,81.7,0.3,9.8,0,True
1772740783.369,1642,0.9,82.7,0.2,9.8,0,True
1772740783.462,1643,1.5,80.8,0.2,9.8,0,True
1772740783.553,1644,1.2,80.9,0.2,9.8,0,True
1772740783.661,1645,1.5,96.4,0.2,9.7,0,True
1772740783.754,1646,1.9,81.2,0.2,9.7,0,True
1772740783.845,1647,1.2,80.5,0.2,9.8,0,True
1772740783.937,1648,1.3,81.6,0.2,9.8,0,True
1772740784.028,1649,1.2,80.4,0.2,9.8,0,True
1772740784.120,1650,1.2,81.3,0.2,9.8,0,True
1772740784.217,1651,1.5,84.3,0.3,9.8,0,True
1772740784.310,1652,1.6,82.2,0.2,9.8,0,True
1772740784.402,1653,1.2,80.6,0.2,9.8,0,True
1772740784.495,1654,1.2,82.5,0.2,9.7,0,True
1772740784.587,1655,1.2,80.6,0.2,9.7,0,True
1772740784.681,1656,1.2,82.0,0.2,9.7,0,True
1772740784.773,1657,1.2,80.6,0.2,9.7,0,True
1772740784.869,1658,1.6,84.1,0.2,9.7,0,True
1772740784.964,1659,1.5,82.9,0.2,9.7,0,True
1772740785.058,1660,2.0,80.7,0.2,9.7,0,True
1772740785.150,1661,1.5,80.5,0.2,10.7,0,False
1772740785.249,1662,1.0,83.3,0.2,10.6,0,False
1772740785.344,1663,1.5,80.3,0.3,10.6,2,True
1772740785.438,1664,1.6,80.5,0.2,10.6,2,True
1772740785.533,1665,1.5,81.2,0.3,10.7,0,True
1772740785.628,1666,1.6,81.1,0.2,10.7,0,True
1772740785.723,1667,1.5,82.2,0.2,10.7,0,True
1772740785.815,1668,1.6,80.3,0.2,10.7,0,True
1772740785.909,1669,1.5,82.6,0.2,10.6,1,True
1772740786.002,1670,1.6,80.1,0.2,10.6,1,True
1772740786.095,1671,2.0,81.1,0.2,10.6,0,True
1772740786.188,1672,1.6,80.6,0.2,10.7,1,True
1772740786.284,1673,1.6,83.1,0.2,10.6,2,True
1772740786.375,1674,1.5,80.6,0.2,10.6,0,True
1772740786.469,1675,2.2,80.2,0.2,10.6,1,True
1772740786.562,1676,1.5,80.6,0.2,10.6,2,True
1772740786.655,1677,1.8,80.5,0.2,10.6,0,True
1772740786.749,1678,1.5,80.6,0.3,10.6,2,True
1772740786.842,1679,1.5,80.2,0.2,10.6,2,True
1772740786.935,1680,1.6,80.4,0.2,10.7,2,True
1772740787.040,1681,1.4,89.3,0.2,10.6,2,True
1772740787.134,1682,1.6,81.6,0.2,10.6,1,True
1772740787.231,1683,1.3,84.0,0.2,10.6,1,True
1772740787.344,1684,1.2,98.8,0.3,10.5,1,True
1772740787.439,1685,0.8,84.7,0.2,10.5,0,True
1772740787.535,1686,1.6,83.0,0.3,10.5,1,True
1772740787.628,1687,1.6,80.0,0.2,10.5,2,True
1772740787.724,1688,1.5,82.9,0.3,10.5,2,True
1772740787.821,1689,1.7,83.4,0.3,10.5,2,True
1772740787.918,1690,2.2,83.0,0.3,10.4,1,True
1772740788.011,1691,1.6,80.2,0.2,10.4,2,True
1772740788.107,1692,1.6,82.0,0.3,10.4,3,True
1772740788.204,1693,1.5,83.1,0.4,10.4,3,True
1772740788.298,1694,1.4,82.7,0.2,10.4,3,True
1772740788.393,1695,1.6,82.7,0.2,10.4,3,True
1772740788.486,1696,1.5,80.8,0.2,10.4,3,True
1772740788.583,1697,1.6,82.9,0.2,10.4,3,True
1772740788.676,1698,0.8,81.6,0.3,10.4,1,True
1772740788.772,1699,1.9,83.6,0.3,10.4,0,True
1772740788.867,1700,1.6,82.1,0.2,10.4,3,True
1772740788.962,1701,1.5,81.7,0.2,10.4,2,True
1772740789.056,1702,1.5,81.1,0.2,10.4,1,True
1772740789.150,1703,1.5,81.1,0.2,10.4,2,True
1772740789.246,1704,1.6,84.9,0.2,10.5,0,True
1772740789.339,1705,1.5,81.6,0.2,10.5,0,True
1772740789.434,1706,1.5,82.1,0.2,10.5,1,True
1772740789.527,1707,1.5,81.2,0.2,10.5,1,True
1772740789.623,1708,1.5,83.1,0.2,10.5,1,True
1772740789.716,1709,1.5,81.1,0.2,10.6,2,True
1772740789.810,1710,1.8,81.8,0.2,10.6,0,True
1772740789.906,1711,1.5,83.3,0.2,10.6,0,True
1772740790.001,1712,1.6,82.2,0.3,10.6,1,True
1772740790.097,1713,1.6,82.9,0.3,10.6,1,True
1772740790.192,1714,1.6,83.5,0.2,10.6,0,True
1772740790.293,1715,0.8,87.4,0.3,10.5,2,True
1772740790.388,1716,1.5,83.1,0.3,10.5,1,True
1772740790.483,1717,1.6,81.4,0.2,10.5,1,True
1772740790.576,1718,1.5,80.7,0.3,10.5,1,True
1772740790.673,1719,1.6,83.8,0.3,10.5,2,True
1772740790.770,1720,1.5,83.1,0.5,10.5,2,True
1772740790.864,1721,1.5,81.4,0.2,10.5,2,True
1772740790.956,1722,1.5,78.9,0.2,10.5,1,True
1772740791.047,1723,1.5,79.2,0.2,10.5,1,True
1772740791.302,1724,0.9,82.8,0.3,9.7,1,True
1772740791.403,1725,0.8,88.9,0.3,9.7,2,True
1772740791.500,1726,1.6,83.8,0.3,9.7,2,True
1772740791.596,1727,2.5,82.2,0.3,9.7,1,True
1772740791.690,1728,1.6,82.1,0.2,9.7,0,True
1772740791.783,1729,1.5,81.3,0.3,9.7,0,True
1772740791.876,1730,1.6,81.4,0.2,9.7,0,True
1772740791.969,1731,1.5,81.3,0.3,9.7,0,True
1772740792.063,1732,1.6,82.5,0.3,9.7,0,True
1772740792.158,1733,1.6,83.5,0.3,9.7,0,True
1772740792.254,1734,1.6,84.4,0.4,9.7,1,True
1772740792.349,1735,1.6,81.5,0.2,9.7,1,True
1772740792.445,1736,1.6,82.9,0.2,9.7,1,True
1772740792.540,1737,1.5,81.0,0.2,9.7,1,True
1772740792.635,1738,1.8,81.2,0.2,9.7,1,True
1772740792.731,1739,1.5,82.8,0.3,9.7,1,True
1772740792.827,1740,1.6,82.7,0.3,9.7,1,True
1772740792.926,1741,1.6,85.3,0.3,9.7,0,True
1772740793.021,1742,1.6,81.9,0.3,9.7,1,True
1772740793.117,1743,2.1,82.8,0.2,9.7,0,True
1772740793.214,1744,1.5,84.0,0.3,10.5,0,True
1772740793.311,1745,1.0,83.9,0.2,10.5,0,True
1772740793.408,1746,1.6,83.0,0.2,10.5,0,True
1772740793.504,1747,1.5,82.5,0.3,10.5,0,True
1772740793.607,1748,1.8,87.3,0.3,10.4,0,True
1772740793.704,1749,1.5,81.9,0.3,10.4,0,True
1772740793.799,1750,1.5,81.5,0.2,10.4,0,True
1772740793.897,1751,1.5,82.8,0.2,10.4,0,True
1772740793.996,1752,1.6,81.7,0.2,10.3,1,True
1772740794.090,1753,1.5,80.8,0.2,10.3,0,True
1772740794.187,1754,1.6,82.2,0.4,10.3,0,True
1772740794.288,1755,2.5,84.8,0.3,10.3,0,True
1772740794.386,1756,1.6,82.4,0.2,10.3,0,True
1772740794.484,1757,1.6,82.3,0.4,10.3,0,True
1772740794.581,1758,1.6,83.1,0.3,10.3,0,True
1772740794.680,1759,1.6,83.6,0.3,10.3,0,True
1772740794.776,1760,1.6,82.0,0.3,10.3,0,True
1772740794.873,1761,1.6,83.4,0.3,10.3,0,True
1772740794.971,1762,1.6,84.0,0.2,10.3,0,True
1772740795.068,1763,1.5,82.6,0.3,10.3,0,True
1772740795.164,1764,1.7,82.9,0.3,10.3,0,True
1772740795.263,1765,1.5,88.5,0.2,10.2,0,True
1772740795.358,1766,1.6,83.6,0.3,10.3,0,True
1772740795.456,1767,1.1,85.4,0.2,10.3,0,True
1772740795.550,1768,1.5,82.7,0.2,10.3,1,True
1772740795.645,1769,1.9,82.6,0.3,10.3,0,True
1772740795.740,1770,1.7,82.8,0.3,10.3,0,True
1772740795.837,1771,1.6,85.1,0.3,10.3,0,True
1772740795.933,1772,1.6,84.6,0.3,10.3,0,True
1772740796.028,1773,1.6,84.3,0.3,10.3,0,True
1772740796.124,1774,2.0,84.1,0.3,10.3,0,True
1772740796.220,1775,1.5,85.0,0.3,10.4,0,True
1772740796.315,1776,1.7,83.2,0.3,10.4,0,True
1772740796.410,1777,1.6,82.9,0.3,10.4,0,True
1772740796.503,1778,1.6,82.4,0.3,10.4,0,True
1772740796.600,1779,1.5,85.5,0.3,10.4,0,True
1772740796.693,1780,1.6,82.9,0.2,10.4,0,True
1772740796.791,1781,1.6,85.8,0.3,10.4,0,True
1772740796.885,1782,1.6,83.2,0.2,10.4,0,True
1772740796.981,1783,2.1,83.7,0.3,10.5,0,True
1772740797.077,1784,1.5,83.6,0.3,10.5,0,True
1772740797.173,1785,1.6,83.1,0.3,10.5,0,True
1772740797.271,1786,1.5,87.8,0.3,10.5,0,True
1772740797.365,1787,1.6,83.8,0.3,10.5,0,True
1772740797.459,1788,2.0,81.9,0.2,10.5,1,True
1772740797.551,1789,1.5,80.7,0.3,10.5,1,True
1772740797.647,1790,2.1,83.6,0.3,10.5,1,True
1772740797.744,1791,1.6,83.7,0.3,10.5,2,True
1772740797.839,1792,1.6,82.2,0.3,10.5,2,True
1772740797.935,1793,1.5,83.9,0.3,10.5,2,True
1772740798.030,1794,1.5,83.6,0.3,10.5,2,True
1772740798.127,1795,1.6,85.0,0.3,10.5,1,True
1772740798.230,1796,1.5,90.8,0.3,10.4,1,True
1772740798.328,1797,1.7,86.3,0.3,10.4,0,True
1772740798.425,1798,1.6,85.7,0.3,10.4,0,True
1772740798.518,1799,1.6,81.8,0.2,10.4,0,True
1772740798.623,1800,1.8,92.7,0.2,10.4,1,True
1772740798.722,1801,1.5,86.8,0.3,10.4,0,True
1772740798.816,1802,1.6,83.1,0.3,10.4,0,True
1772740798.912,1803,2.1,82.1,0.3,10.4,1,True
1772740799.004,1804,1.6,79.9,0.3,10.4,1,True
1772740799.326,1805,0.9,83.2,0.3,9.3,0,True
1772740799.420,1806,0.9,83.9,0.4,9.3,1,True
1772740799.514,1807,1.5,81.6,0.3,9.3,1,True
1772740799.611,1808,1.7,85.5,0.3,9.3,1,True
1772740799.706,1809,1.6,83.3,0.3,9.3,0,True
1772740799.802,1810,2.1,83.4,0.3,9.3,1,True
1772740799.897,1811,1.6,83.2,0.3,9.3,2,True
1772740799.993,1812,1.7,83.3,0.3,9.3,0,True
1772740800.088,1813,1.5,84.0,0.3,9.3,0,True
1772740800.183,1814,1.7,83.2,0.3,9.3,0,True
1772740800.296,1815,1.6,101.9,0.3,9.2,0,True
1772740800.393,1816,1.7,85.2,0.3,9.2,0,True
1772740800.487,1817,1.6,82.8,0.2,9.3,0,True
1772740800.583,1818,2.2,83.4,0.3,9.3,0,True
1772740800.679,1819,1.6,83.8,0.3,9.3,0,True
1772740800.773,1820,1.6,83.2,0.2,9.3,0,True
1772740800.869,1821,1.6,84.1,0.5,9.3,0,True
1772740800.963,1822,1.6,83.6,0.3,9.3,0,True
1772740801.058,1823,1.5,84.5,0.3,9.3,0,True
1772740801.153,1824,1.6,83.4,0.3,9.3,0,True
1772740801.255,1825,1.6,91.9,0.2,10.4,0,True
1772740801.367,1826,1.1,99.7,0.2,10.3,1,True
1772740801.457,1827,1.5,79.5,0.2,10.3,0,True
1772740801.548,1828,1.6,79.6,0.2,10.3,0,True
1772740801.639,1829,1.5,80.2,0.2,10.3,0,True
1772740801.731,1830,2.3,79.8,0.2,10.4,0,True
1772740801.826,1831,1.0,82.3,0.2,10.4,0,True
1772740801.918,1832,1.6,80.2,0.2,10.4,0,True
1772740802.009,1833,1.5,79.6,0.2,10.4,0,True
1772740802.100,1834,1.9,80.7,0.2,10.4,0,True
1772740802.191,1835,1.5,80.2,0.2,10.6,0,True
1772740802.285,1836,1.6,83.3,0.2,10.6,0,True
1772740802.376,1837,1.5,80.2,0.2,10.6,0,True
1772740802.467,1838,1.5,80.4,0.2,10.6,0,True
1772740802.558,1839,1.5,79.9,0.2,10.6,0,True
1772740802.650,1840,1.6,80.0,0.3,10.7,0,True
1772740802.741,1841,1.5,79.7,0.2,10.7,0,True
1772740802.831,1842,1.6,78.4,0.2,10.7,0,True
1772740802.931,1843,1.5,88.4,0.2,10.7,0,True
1772740803.023,1844,1.5,80.3,0.3,10.7,0,True
1772740803.114,1845,1.5,79.1,0.2,10.8,0,True
1772740803.207,1846,1.6,82.5,0.3,10.9,1,True
1772740803.298,1847,1.5,79.5,0.2,10.9,1,True
1772740803.389,1848,1.6,79.8,0.2,10.9,0,True
1772740803.481,1849,1.5,79.6,0.3,10.9,1,True
1772740803.572,1850,1.5,79.9,0.2,10.9,1,True
1772740803.670,1851,1.5,85.4,0.2,10.8,1,True
1772740803.762,1852,1.6,79.8,0.3,10.8,1,True
1772740803.853,1853,1.5,79.7,0.2,10.8,1,True
1772740803.946,1854,1.5,80.5,0.2,10.8,1,True
1772740804.038,1855,1.5,80.1,0.2,10.8,0,True
1772740804.129,1856,1.5,80.0,0.2,10.9,0,True
1772740804.222,1857,1.8,81.7,0.2,10.8,0,True
1772740804.314,1858,1.6,80.7,0.2,10.8,0,True
1772740804.407,1859,2.2,81.0,0.2,10.8,0,True
1772740804.497,1860,1.5,78.0,0.2,10.8,1,True
1772740804.593,1861,2.0,82.3,0.2,10.8,1,True
1772740804.685,1862,1.5,80.1,0.2,10.8,1,True
1772740804.779,1863,1.9,82.1,0.2,10.8,0,True
1772740804.871,1864,1.5,80.1,0.2,10.8,1,True
1772740804.966,1865,2.1,82.5,0.3,10.8,0,True
1772740805.062,1866,1.6,83.4,0.3,10.8,1,True
1772740805.156,1867,1.6,83.0,0.3,10.8,0,True
1772740805.260,1868,1.6,91.8,0.3,10.7,1,True
1772740805.356,1869,1.6,83.2,0.3,10.7,1,True
1772740805.452,1870,1.7,83.6,0.3,10.6,0,True
1772740805.547,1871,1.5,83.0,0.2,10.7,0,True
1772740805.641,1872,1.6,82.6,0.3,10.6,0,True
1772740805.737,1873,1.6,84.1,0.3,10.6,1,True
1772740805.831,1874,1.6,83.3,0.3,10.6,0,True
1772740805.926,1875,1.5,83.2,0.3,10.6,1,True
1772740806.021,1876,1.6,82.9,0.3,10.6,1,True
1772740806.117,1877,2.5,83.3,0.3,10.6,0,True
1772740806.214,1878,1.6,85.7,0.2,10.5,0,True
1772740806.308,1879,1.6,82.3,0.3,10.5,0,True
1772740806.402,1880,1.6,83.2,0.4,10.5,0,True
1772740806.495,1881,1.6,81.3,0.2,10.5,0,True
1772740806.589,1882,1.6,83.6,0.3,10.5,0,True
1772740806.687,1883,1.6,86.5,0.3,10.5,0,True
1772740806.801,1884,2.8,101.8,0.2,10.4,0,True
1772740806.898,1885,1.0,87.4,0.2,10.3,0,True
1772740806.987,1886,1.6,78.4,0.2,10.4,0,True
1772740807.076,1887,1.2,77.8,0.2,10.4,0,True
1772740807.342,1888,0.8,80.0,0.2,9.6,0,True
1772740807.447,1889,0.8,92.5,0.2,9.6,0,True
1772740807.543,1890,1.5,84.8,0.2,9.6,0,True
1772740807.638,1891,1.9,82.9,0.2,9.6,0,True
1772740807.728,1892,1.5,79.7,0.2,9.6,0,True
1772740807.820,1893,1.9,80.5,0.2,9.6,0,True
1772740807.911,1894,1.5,80.1,0.2,9.6,0,True
1772740808.003,1895,1.5,80.7,0.2,9.6,0,True
1772740808.095,1896,1.5,80.0,0.2,9.6,1,True
1772740808.187,1897,1.5,80.6,0.2,9.7,0,True
1772740808.280,1898,2.2,81.3,0.2,9.7,0,True
1772740808.372,1899,1.5,79.7,0.3,9.7,1,True
1772740808.463,1900,1.5,79.6,0.2,9.7,1,True
1772740808.554,1901,1.5,79.8,0.2,9.7,0,True
1772740808.651,1902,1.5,86.0,0.2,9.7,0,True
1772740808.743,1903,1.3,81.3,0.2,9.7,0,True
1772740808.835,1904,1.2,80.4,0.2,9.8,0,True
1772740808.927,1905,1.5,81.2,0.2,9.9,0,True
1772740809.018,1906,1.6,79.0,0.2,9.9,0,True
1772740809.110,1907,1.6,80.6,0.2,9.8,0,True
1772740809.203,1908,1.6,83.1,0.2,10.7,0,True
1772740809.299,1909,1.3,84.5,0.2,10.8,0,True
1772740809.390,1910,1.6,80.2,0.2,10.8,0,True
1772740809.482,1911,1.5,80.7,0.2,10.8,0,True
1772740809.576,1912,1.6,82.3,0.2,10.8,0,True
1772740809.667,1913,1.5,80.2,0.2,10.8,0,True
1772740809.758,1914,1.6,80.3,0.2,10.8,1,True
1772740809.850,1915,1.6,80.8,0.2,10.8,1,True
1772740809.942,1916,1.6,81.2,0.2,10.8,0,True
1772740810.032,1917,1.5,81.3,0.2,10.8,0,True
1772740810.125,1918,1.8,81.2,0.2,10.8,0,True
1772740810.218,1919,1.5,82.4,0.2,10.8,0,True
1772740810.309,1920,2.1,81.1,0.2,10.8,0,True
1772740810.402,1921,2.0,82.6,0.3,10.8,0,True
1772740810.493,1922,2.1,80.7,0.2,10.9,0,True
1772740810.584,1923,1.5,80.9,0.2,10.9,0,True
1772740810.678,1924,1.6,82.1,0.2,10.9,0,True
1772740810.781,1925,1.5,80.6,0.2,10.8,0,True
1772740810.911,1926,1.4,80.4,0.2,10.6,0,True
1772740811.047,1927,0.8,82.0,0.2,10.3,0,True
1772740811.173,1928,0.8,82.6,0.2,10.2,0,True
1772740811.311,1929,0.8,85.3,0.5,9.9,0,True
1772740811.487,1930,1.8,117.2,0.2,9.5,0,True
1772740811.600,1931,0.7,82.4,0.2,9.4,0,True
1772740811.690,1932,0.7,81.9,0.2,9.5,0,True
1772740811.784,1933,1.6,80.2,0.2,9.4,0,True
1772740811.877,1934,1.6,80.2,0.2,9.4,0,True
1772740811.966,1935,1.5,80.1,0.2,9.4,0,True
1772740812.057,1936,1.6,80.5,0.2,9.5,0,True
1772740812.147,1937,1.5,80.0,0.2,9.5,0,True
1772740812.241,1938,2.0,84.7,0.2,9.4,0,True
1772740812.330,1939,1.5,79.9,0.2,9.5,0,True
1772740812.421,1940,1.6,81.7,0.2,9.5,0,True
1772740812.512,1941,1.5,80.5,0.2,9.5,0,True
1772740812.602,1942,1.6,80.8,0.2,9.5,0,True
1772740812.692,1943,1.5,80.3,0.2,9.5,0,True
1772740812.784,1944,1.5,80.6,0.3,9.5,0,True
1772740812.877,1945,1.5,80.7,0.2,9.5,0,False
1772740812.971,1946,1.6,81.6,0.2,9.7,0,False
1772740813.068,1947,1.5,80.3,0.2,9.9,0,False
1772740813.162,1948,1.6,80.9,0.4,10.1,0,False
1772740813.264,1949,1.0,84.2,0.2,10.2,0,False
1772740813.357,1950,2.3,80.7,0.2,10.7,0,False
1772740813.454,1951,1.5,83.2,0.2,10.8,0,False
1772740813.545,1952,1.5,80.0,0.2,10.8,0,False
1772740813.641,1953,1.5,84.2,0.2,10.8,0,False
1772740813.734,1954,1.5,80.2,0.2,10.8,0,False
1772740813.825,1955,1.5,79.9,0.2,10.8,0,False
1772740813.916,1956,1.6,80.0,0.2,10.8,0,False
1772740814.006,1957,1.5,80.4,0.2,10.8,0,False
1772740814.098,1958,2.0,80.5,0.2,10.8,0,False
1772740814.191,1959,1.6,79.8,0.2,10.7,0,False
1772740814.286,1960,1.8,82.5,0.2,10.7,0,False
1772740814.382,1961,1.5,79.9,0.2,10.7,1,False
1772740814.474,1962,1.5,79.8,0.2,10.7,0,False
1772740814.565,1963,1.6,80.1,0.2,10.7,0,False
1772740814.656,1964,1.8,80.0,0.2,10.7,0,False
1772740814.747,1965,1.5,79.8,0.2,10.7,1,False
1772740814.840,1966,1.9,80.6,0.2,10.7,1,False
1772740814.930,1967,1.5,80.2,0.2,10.7,0,False
1772740815.020,1968,1.6,78.8,0.2,10.8,0,False
1772740815.108,1969,1.5,77.7,0.2,10.8,0,False
1772740815.361,1970,0.9,80.3,0.2,10.0,0,False
1772740815.453,1971,0.8,82.1,0.2,10.0,0,False
1772740815.545,1972,2.0,80.8,0.2,10.0,0,False
1772740815.636,1973,1.5,79.8,0.2,10.0,0,False
1772740815.727,1974,1.5,80.2,0.2,10.0,0,False
1772740815.818,1975,1.5,80.5,0.2,10.0,0,False
1772740815.910,1976,1.6,80.7,0.3,10.0,0,False
1772740816.000,1977,1.6,78.7,0.3,10.0,0,False
1772740816.091,1978,1.6,79.9,0.2,10.0,0,False
1772740816.184,1979,1.5,79.9,0.2,10.0,0,False
1772740816.278,1980,1.5,82.3,0.2,10.0,0,False
1772740816.378,1981,1.5,88.0,0.2,10.0,0,False
1772740816.471,1982,1.4,81.5,0.2,10.0,1,False
1772740816.563,1983,1.5,80.1,0.2,10.0,0,False
1772740816.655,1984,1.6,81.8,0.2,10.0,0,False
1772740816.745,1985,1.5,80.2,0.2,10.0,0,False
1772740816.836,1986,1.6,80.6,0.3,10.0,0,False
1772740816.930,1987,1.5,79.9,0.2,10.0,1,False
1772740817.021,1988,1.6,79.7,0.2,10.0,0,False
1772740817.112,1989,1.5,80.4,0.2,10.0,1,False
1772740817.206,1990,1.6,83.1,0.2,10.8,0,False
1772740817.296,1991,1.6,80.1,0.2,10.8,0,False
1772740817.388,1992,1.5,80.2,0.2,10.9,1,False
1772740817.482,1993,1.5,80.2,0.2,10.8,0,False
1772740817.573,1994,1.6,80.2,0.2,10.8,0,False
1772740817.669,1995,1.7,83.8,0.2,10.8,0,False
1772740817.765,1996,1.2,85.0,0.3,10.8,0,False
1772740817.856,1997,1.2,79.7,0.3,10.8,0,False
1772740817.946,1998,1.2,79.7,0.2,10.8,0,False
1772740818.038,1999,1.4,80.4,0.2,10.8,0,False
1772740818.129,2000,1.1,80.6,0.2,10.8,0,False
1772740818.224,2001,1.6,81.9,0.2,10.8,1,False
1772740818.317,2002,1.5,81.8,0.2,10.8,0,False
1772740818.409,2003,1.5,80.4,0.2,10.8,0,False
1772740818.501,2004,1.5,81.3,0.2,10.8,0,False
1772740818.598,2005,1.8,84.4,0.2,10.8,0,False
1772740818.689,2006,1.5,80.7,0.2,10.8,0,False
1772740818.783,2007,1.5,83.3,0.2,10.8,0,False
1772740818.874,2008,1.2,81.1,0.2,10.8,0,False
1772740818.966,2009,1.6,80.6,0.2,10.8,1,False
1772740819.058,2010,1.3,80.8,0.2,10.8,0,False
1772740819.153,2011,1.3,82.2,0.2,10.8,0,False
1772740819.246,2012,1.5,82.1,0.2,10.8,0,False
1772740819.338,2013,1.6,81.0,0.2,10.8,0,False
1772740819.430,2014,1.6,80.8,0.2,10.8,0,False
1772740819.523,2015,2.2,80.3,0.2,10.8,1,False
1772740819.614,2016,1.6,80.4,0.2,10.8,1,False
1772740819.707,2017,2.1,80.6,0.2,10.8,1,False
1772740819.800,2018,1.5,80.4,0.2,10.8,1,False
1772740819.894,2019,2.5,81.0,0.2,10.8,0,False
1772740819.986,2020,1.6,80.2,0.2,10.8,1,False
1772740820.080,2021,2.1,81.3,0.2,10.8,0,False
1772740820.173,2022,1.6,80.1,0.2,10.8,1,False
1772740820.267,2023,1.6,81.9,0.2,10.8,0,False
1772740820.359,2024,1.5,80.4,0.2,10.8,0,False
1772740820.451,2025,1.5,80.0,0.2,10.8,0,False
1772740820.543,2026,1.5,80.4,0.2,10.8,0,False
1772740820.635,2027,2.1,80.5,0.2,10.8,0,False
1772740820.727,2028,1.5,80.3,0.2,10.8,0,False
1772740820.819,2029,1.9,80.7,0.2,10.8,0,False
1772740820.911,2030,1.5,80.5,0.2,10.8,0,False
1772740821.005,2031,1.8,82.7,0.2,10.8,0,False
1772740821.096,2032,1.5,80.3,0.2,10.8,0,False
1772740821.190,2033,1.5,81.8,0.2,10.8,0,False
1772740821.283,2034,1.6,81.2,0.2,10.8,0,False
1772740821.376,2035,1.8,81.6,0.2,10.8,0,False
1772740821.468,2036,1.5,80.2,0.2,10.8,0,False
1772740821.562,2037,1.7,81.7,0.2,10.8,0,False
1772740821.653,2038,1.6,80.4,0.2,10.8,0,False
1772740821.746,2039,1.6,81.6,0.2,10.8,0,False
1772740821.838,2040,1.6,80.4,0.2,10.8,0,False
1772740821.934,2041,1.6,84.1,0.2,10.8,0,False
1772740822.025,2042,1.6,80.1,0.2,10.8,0,False
1772740822.118,2043,1.5,81.7,0.2,10.8,0,False
1772740822.212,2044,1.6,82.1,0.2,10.8,0,False
1772740822.306,2045,1.9,81.6,0.2,10.8,0,False
1772740822.397,2046,1.5,79.7,0.2,10.8,0,False
1772740822.491,2047,1.5,82.3,0.2,10.8,0,False
1772740822.582,2048,1.6,80.4,0.2,10.8,0,False
1772740822.677,2049,1.9,81.1,0.2,10.8,0,False
1772740822.768,2050,1.5,80.0,0.3,10.8,0,False
1772740822.862,2051,1.5,82.3,0.2,10.8,0,False
1772740822.954,2052,1.5,80.6,0.2,10.8,0,False
1772740823.044,2053,1.5,78.9,0.2,10.8,0,False
1772740823.134,2054,1.5,78.5,0.2,10.8,0,False
1772740823.383,2055,0.8,80.7,0.2,10.0,0,False
1772740823.486,2056,0.8,93.0,0.3,9.9,0,False
1772740823.580,2057,1.1,82.0,0.2,9.9,0,False
1772740823.677,2058,1.8,84.4,0.2,9.9,0,False
1772740823.769,2059,1.5,81.1,0.2,9.9,0,False
1772740823.862,2060,1.5,81.7,0.2,9.9,0,False
1772740823.954,2061,1.5,80.8,0.2,9.9,0,False
1772740824.048,2062,1.5,82.7,0.2,9.9,0,False
1772740824.140,2063,1.3,80.5,0.2,9.9,0,False
1772740824.235,2064,1.2,83.6,0.2,9.9,0,False
1772740824.327,2065,1.2,80.8,0.2,9.9,0,False
1772740824.420,2066,1.1,81.9,0.2,9.9,0,False
1772740824.513,2067,1.2,80.6,0.2,9.9,0,False
1772740824.607,2068,1.7,82.4,0.2,9.9,0,False
1772740824.699,2069,1.2,80.4,0.2,9.9,0,False
1772740824.792,2070,1.2,81.7,0.2,9.9,0,False
1772740824.886,2071,1.5,82.3,0.2,9.9,0,False
1772740824.979,2072,2.0,80.6,0.2,9.9,0,False
1772740825.071,2073,1.1,80.1,0.2,9.9,0,False
1772740825.165,2074,1.6,81.5,0.3,9.8,0,False
1772740825.259,2075,1.5,82.7,0.2,10.7,0,False
1772740825.354,2076,1.1,82.0,0.2,10.7,0,False
1772740825.447,2077,1.5,81.2,0.2,10.7,0,False
1772740825.540,2078,1.3,80.9,0.2,10.7,0,False
1772740825.636,2079,1.5,83.4,0.7,10.7,0,False
1772740825.727,2080,1.5,79.1,0.2,10.7,0,False
1772740825.819,2081,1.5,80.9,0.2,10.7,0,False
1772740825.911,2082,1.5,80.5,0.2,10.7,0,False
1772740826.005,2083,1.5,82.0,0.3,10.7,0,False
1772740826.098,2084,1.6,81.5,0.2,10.7,0,False
1772740826.191,2085,1.5,81.0,0.2,10.7,0,False
1772740826.291,2086,1.5,88.1,0.2,10.7,0,False
1772740826.386,2087,1.5,83.0,0.2,10.7,0,False
1772740826.478,2088,1.6,80.4,0.2,10.7,0,False
1772740826.572,2089,1.5,81.6,0.3,10.7,0,False
1772740826.664,2090,1.6,80.9,0.2,10.7,0,False
1772740826.758,2091,1.5,81.6,0.2,10.7,0,False
1772740826.850,2092,1.6,80.6,0.2,10.7,0,False
1772740826.944,2093,1.5,82.0,0.2,10.7,0,False
1772740827.035,2094,1.6,80.3,0.2,10.7,0,False
1772740827.128,2095,1.5,81.5,0.3,10.7,0,False
1772740827.226,2096,1.6,85.2,0.2,10.7,0,False
1772740827.319,2097,2.0,81.3,0.2,10.7,0,False
1772740827.411,2098,1.6,80.2,0.2,10.7,0,False
1772740827.505,2099,1.8,81.6,0.2,10.7,0,False
1772740827.597,2100,1.6,80.5,0.3,10.7,0,False
1772740827.702,2101,1.5,82.4,0.2,10.6,0,False
1772740827.795,2102,1.5,80.8,0.3,10.6,0,False
1772740827.886,2103,1.5,79.8,0.2,10.6,0,False
1772740827.979,2104,1.5,80.6,0.3,10.6,0,False
1772740828.071,2105,1.5,79.9,0.2,10.6,0,False
1772740828.163,2106,1.6,80.5,0.2,10.7,0,False
1772740828.257,2107,1.5,81.7,0.3,10.7,0,False
1772740828.349,2108,1.6,80.4,0.2,10.7,0,False
1772740828.441,2109,1.5,80.1,0.2,10.7,0,False
1772740828.533,2110,1.6,80.8,0.2,10.7,0,False
1772740828.633,2111,1.5,88.1,0.2,10.7,0,False
1772740828.727,2112,1.5,82.2,0.2,10.7,0,False
1772740828.820,2113,1.5,80.9,0.2,10.7,0,False
1772740828.914,2114,1.5,82.0,0.2,10.6,0,False
1772740829.006,2115,1.5,80.6,0.2,10.7,0,False
1772740829.100,2116,1.6,82.2,0.2,10.7,0,False
1772740829.192,2117,1.5,79.8,0.2,10.7,0,False
1772740829.288,2118,0.9,84.0,0.2,10.7,0,False
1772740829.380,2119,1.5,80.4,0.2,10.7,0,False
1772740829.474,2120,1.8,81.4,0.2,10.7,0,False
1772740829.567,2121,1.6,80.6,0.2,10.7,0,False
1772740829.661,2122,1.7,81.2,0.2,10.7,0,False
1772740829.753,2123,1.5,80.4,0.2,10.7,0,False
1772740829.847,2124,2.0,81.0,0.2,10.7,0,False
1772740829.940,2125,1.5,80.6,0.2,10.7,0,False
1772740830.033,2126,2.1,80.6,0.2,10.7,0,False
1772740830.126,2127,1.5,81.1,0.2,10.7,0,False
1772740830.222,2128,1.5,83.8,0.2,10.7,0,False
1772740830.315,2129,1.5,80.9,0.2,10.7,0,False
1772740830.408,2130,1.5,80.8,0.2,10.7,0,False
1772740830.509,2131,1.0,87.5,0.2,10.7,0,False
1772740830.601,2132,1.6,80.4,0.2,10.7,0,False
1772740830.696,2133,1.6,82.0,0.2,10.7,0,False
1772740830.791,2134,1.6,81.0,0.3,10.7,0,False
1772740830.886,2135,1.9,81.2,0.3,10.6,0,False
1772740830.979,2136,1.6,80.2,0.2,10.6,0,False
1772740831.069,2137,2.1,78.0,0.2,10.7,0,False
1772740831.159,2138,1.6,78.7,0.2,10.7,0,False
1772740831.411,2139,0.8,80.8,0.2,9.9,0,False
1772740831.505,2140,1.2,82.2,0.2,9.9,0,False
1772740831.598,2141,1.5,81.2,0.2,9.8,0,False
1772740831.689,2142,1.6,80.2,0.2,9.9,0,False
1772740831.780,2143,1.5,80.1,0.2,9.9,0,False
1772740831.873,2144,1.6,80.6,0.2,9.9,0,False
1772740831.964,2145,1.5,80.4,0.2,9.9,0,False
1772740832.053,2146,1.6,78.6,0.2,9.9,0,False
1772740832.145,2147,1.7,81.8,0.2,9.9,0,False
1772740832.239,2148,1.6,82.3,0.2,9.9,0,False
1772740832.333,2149,1.9,82.4,0.2,9.9,0,False
1772740832.423,2150,1.6,80.1,0.2,9.9,0,False
1772740832.516,2151,1.5,81.7,0.3,10.0,0,False
1772740832.609,2152,1.1,82.6,0.2,10.0,0,False
1772740832.701,2153,1.6,82.0,0.2,10.0,0,False
1772740832.792,2154,1.6,80.5,0.2,10.0,0,False
1772740832.884,2155,1.5,81.7,0.2,10.0,0,False
1772740832.974,2156,1.6,80.2,0.2,10.0,0,False
1772740833.066,2157,1.6,80.8,0.3,10.0,0,False
1772740833.157,2158,1.6,80.1,0.2,10.0,1,False
1772740833.250,2159,1.5,82.5,0.2,10.9,0,False
1772740833.341,2160,1.6,80.5,0.2,10.9,0,False
1772740833.436,2161,1.5,83.2,0.2,10.9,0,False
1772740833.529,2162,1.5,80.8,0.3,10.9,0,False
1772740833.625,2163,1.5,84.3,0.3,10.8,0,False
1772740833.719,2164,1.6,80.3,0.2,10.8,0,False
1772740833.812,2165,1.5,81.3,0.3,10.8,1,False
1772740833.905,2166,1.6,80.2,0.2,10.8,1,False
1772740833.998,2167,1.5,81.1,0.3,10.8,0,False
1772740834.091,2168,1.6,80.6,0.2,10.8,0,False
1772740834.182,2169,1.5,80.1,0.2,10.8,0,False
1772740834.275,2170,1.6,82.5,0.2,10.8,0,False
1772740834.366,2171,1.5,79.5,0.4,10.8,0,False
1772740834.455,2172,1.6,79.2,0.2,10.8,0,False
1772740834.547,2173,1.6,81.0,0.2,10.8,0,False
1772740834.640,2174,1.6,80.8,0.2,10.8,0,False
1772740834.734,2175,1.2,81.4,0.2,10.8,0,False
1772740834.827,2176,1.6,80.3,0.2,10.8,0,False
1772740834.921,2177,1.6,81.2,0.2,10.8,0,False
1772740835.013,2178,1.6,80.3,0.3,10.8,0,False
1772740835.106,2179,1.5,81.1,0.2,10.8,0,False
1772740835.199,2180,1.6,80.8,0.3,10.8,0,False
1772740835.292,2181,0.8,81.7,0.2,10.8,0,False
1772740835.384,2182,1.6,80.6,0.2,10.8,0,False
1772740835.478,2183,1.5,81.1,0.2,10.8,0,False
1772740835.571,2184,1.6,80.8,0.2,10.8,0,False
1772740835.663,2185,1.6,80.7,0.2,10.8,0,False
1772740835.758,2186,1.6,80.8,0.2,10.8,0,False
1772740835.851,2187,1.5,80.3,0.2,10.8,0,False
1772740835.943,2188,1.6,80.3,0.2,10.8,0,False
1772740836.037,2189,1.5,81.1,0.2,10.8,0,False
1772740836.129,2190,1.6,80.3,0.3,10.8,0,False
1772740836.228,2191,1.6,87.1,0.2,10.7,0,False
1772740836.320,2192,1.6,80.6,0.2,10.7,0,False
1772740836.413,2193,1.5,81.6,0.2,10.7,0,False
1772740836.506,2194,1.6,81.3,0.2,10.7,0,False
1772740836.600,2195,1.6,81.9,0.2,10.7,0,False
1772740836.691,2196,1.6,80.5,0.2,10.7,0,False
1772740836.785,2197,1.5,82.4,0.2,10.7,0,False
1772740836.877,2198,1.6,80.7,0.2,10.7,0,False
1772740836.970,2199,1.5,82.0,0.2,10.7,0,False
1772740837.061,2200,1.6,79.9,0.2,10.7,0,False
1772740837.154,2201,1.6,81.3,0.4,10.7,0,False
1772740837.250,2202,1.6,84.8,0.2,10.7,0,False
1772740837.343,2203,1.6,81.9,0.2,10.7,0,False
1772740837.436,2204,1.6,81.1,0.2,10.7,0,False
1772740837.529,2205,1.5,81.9,0.2,10.7,0,False
1772740837.622,2206,1.6,81.1,0.2,10.7,0,False
1772740837.716,2207,1.6,82.0,0.2,10.7,0,False
1772740837.808,2208,1.6,80.9,0.2,10.7,0,False
1772740837.901,2209,1.6,82.1,0.2,10.7,0,False
1772740837.993,2210,1.6,80.9,0.2,10.7,0,False
1772740838.087,2211,1.6,81.7,0.2,10.8,0,False
1772740838.180,2212,1.6,82.0,0.2,10.8,0,False
1772740838.276,2213,1.7,83.8,0.2,10.7,0,False
1772740838.368,2214,1.6,80.6,0.2,10.7,0,False
1772740838.462,2215,1.8,81.6,0.2,10.7,0,False
1772740838.553,2216,1.6,80.5,0.2,10.7,0,False
1772740838.649,2217,2.0,84.4,0.2,10.7,0,False
1772740838.741,2218,1.6,81.5,0.2,10.7,0,False
1772740838.849,2219,1.9,97.1,0.3,10.6,0,False
1772740838.943,2220,0.8,85.6,0.3,10.6,0,False
1772740839.035,2221,1.5,81.7,0.3,10.6,0,False
1772740839.124,2222,1.5,78.9,0.2,10.7,0,False
1772740839.427,2223,0.8,81.3,0.2,9.6,0,False
1772740839.520,2224,1.3,82.4,0.2,9.6,0,False
1772740839.614,2225,2.3,81.6,0.2,9.6,0,False
1772740839.706,2226,1.6,80.9,0.2,9.6,0,False
1772740839.799,2227,2.0,81.1,0.2,9.6,0,False
1772740839.891,2228,1.6,81.2,0.2,9.6,0,False
1772740839.984,2229,1.8,81.8,0.2,9.6,0,False
1772740840.077,2230,1.6,81.4,0.2,9.6,0,False
1772740840.169,2231,1.7,81.5,0.2,9.6,0,False
1772740840.263,2232,1.6,82.9,0.2,9.6,0,False
1772740840.357,2233,2.1,82.0,0.2,9.6,0,False
1772740840.449,2234,1.6,81.2,0.2,9.6,0,False
1772740840.542,2235,2.0,81.3,0.2,9.6,0,False
1772740840.633,2236,1.6,80.4,0.2,9.6,0,False
1772740840.726,2237,2.0,81.1,0.2,9.6,0,False
1772740840.817,2238,1.6,80.6,0.2,9.6,0,False
1772740840.911,2239,1.7,82.0,0.2,9.7,0,False
1772740841.003,2240,1.6,81.2,0.2,9.7,0,False
1772740841.097,2241,1.8,82.6,0.2,9.7,0,False
1772740841.190,2242,1.6,82.1,0.2,9.7,0,False
1772740841.286,2243,2.0,84.5,0.2,10.8,0,False
1772740841.381,2244,1.2,82.6,0.2,10.7,0,False
1772740841.474,2245,1.5,81.4,0.2,10.8,0,False
1772740841.567,2246,1.6,81.9,0.3,10.7,0,False
1772740841.661,2247,1.5,81.3,0.2,10.7,0,False
1772740841.753,2248,1.6,81.4,0.2,10.7,0,False
1772740841.847,2249,1.5,81.8,0.2,10.7,0,False
1772740841.940,2250,1.6,80.9,0.3,10.7,0,False
1772740842.036,2251,1.6,83.5,0.2,10.7,0,False
1772740842.130,2252,1.5,81.5,0.3,10.7,0,False
1772740842.223,2253,1.6,82.1,0.2,10.7,0,False
1772740842.316,2254,1.6,81.2,0.3,10.7,0,False
1772740842.408,2255,1.5,80.9,0.2,10.7,0,False
1772740842.501,2256,1.6,81.5,0.3,10.7,0,False
1772740842.593,2257,1.6,80.3,0.2,10.7,0,False
1772740842.686,2258,1.6,81.1,0.3,10.7,0,False
1772740842.778,2259,1.6,80.3,0.2,10.7,0,False
1772740842.871,2260,1.6,81.5,0.2,10.7,0,False
1772740842.963,2261,1.6,80.5,0.2,10.7,0,False
1772740843.055,2262,1.5,80.3,0.2,10.7,0,False
1772740843.147,2263,1.5,80.5,0.2,10.8,0,False
1772740843.240,2264,1.5,82.2,0.3,10.8,0,False
1772740843.332,2265,1.5,80.4,0.2,10.8,0,False
1772740843.424,2266,1.6,80.5,0.2,10.8,0,False
1772740843.515,2267,1.5,80.4,0.2,10.8,0,False
1772740843.610,2268,1.5,83.9,0.2,10.8,0,False
1772740843.701,2269,1.5,80.2,0.2,10.8,0,False
1772740843.792,2270,1.6,80.7,0.2,10.8,0,False
1772740843.884,2271,2.1,80.3,0.2,10.8,0,False
1772740843.975,2272,1.6,80.1,0.2,10.8,0,False
1772740844.067,2273,1.9,81.2,0.2,10.8,0,False
1772740844.158,2274,1.6,80.3,0.2,10.9,0,False
1772740844.257,2275,1.5,89.0,0.2,10.8,0,False
1772740844.353,2276,1.6,84.9,0.2,10.8,0,False
1772740844.445,2277,1.6,80.5,0.2,10.8,0,False
1772740844.538,2278,1.6,81.1,0.2,10.8,0,False
1772740844.630,2279,1.6,80.7,0.2,10.8,0,False
1772740844.721,2280,1.6,80.4,0.2,10.8,0,False
1772740844.818,2281,1.9,85.6,0.2,10.8,0,False
1772740844.909,2282,1.6,80.1,0.2,10.8,0,False
1772740845.000,2283,1.6,80.8,0.2,10.8,0,False
1772740845.092,2284,1.6,80.6,0.2,10.8,0,False
1772740845.183,2285,2.2,80.5,0.3,10.8,0,False
1772740845.280,2286,1.6,86.0,0.2,10.8,0,False
1772740845.371,2287,1.5,80.3,0.3,10.8,0,False
1772740845.463,2288,1.6,80.7,0.2,10.8,0,False
1772740845.555,2289,2.0,81.0,0.2,10.8,0,False
1772740845.646,2290,1.5,80.5,0.2,10.8,0,False
1772740845.739,2291,1.9,81.4,0.2,10.8,0,False
1772740845.830,2292,1.6,80.4,0.2,10.8,0,False
1772740845.922,2293,1.5,82.1,0.2,10.8,0,False
1772740846.012,2294,1.6,80.2,0.2,10.8,0,False
1772740846.105,2295,1.5,81.6,0.3,10.8,0,False
1772740846.196,2296,1.6,80.2,0.3,10.9,0,False
1772740846.305,2297,0.8,99.2,0.2,10.8,0,False
1772740846.420,2298,1.5,104.8,0.2,10.6,0,False
1772740846.513,2299,0.8,83.4,0.6,10.6,0,False
1772740846.605,2300,1.6,80.7,0.2,10.6,0,False
1772740846.697,2301,1.5,80.7,0.3,10.6,0,False
1772740846.795,2302,1.5,87.7,0.3,10.6,0,False
1772740846.892,2303,1.2,85.1,0.3,10.6,0,False
1772740846.984,2304,1.2,81.8,0.2,10.6,0,False
1772740847.076,2305,1.3,81.0,0.3,10.6,0,False
1772740847.168,2306,1.2,80.4,0.3,10.6,0,False
1772740847.451,2307,0.9,82.9,0.3,9.6,0,False
1772740847.546,2308,0.8,84.3,0.2,9.6,0,False
1772740847.638,2309,1.6,81.3,0.2,9.6,0,False
1772740847.730,2310,1.6,81.7,0.2,9.6,0,False
1772740847.824,2311,1.7,81.4,0.3,9.6,0,False
1772740847.917,2312,1.5,82.1,0.2,9.6,0,False
1772740848.009,2313,1.5,80.0,0.2,9.6,0,False
1772740848.107,2314,1.5,86.8,0.4,9.5,0,False
1772740848.202,2315,1.6,84.3,0.3,9.5,0,False
1772740848.298,2316,0.8,85.8,0.3,9.5,0,False
1772740848.391,2317,1.2,82.6,0.3,9.6,0,False
1772740848.487,2318,1.6,85.2,0.3,9.7,0,False
1772740848.580,2319,1.6,82.8,0.3,9.7,0,False
1772740848.679,2320,2.1,86.7,0.3,9.6,0,False
1772740848.772,2321,1.5,82.5,0.3,9.6,0,False
1772740848.866,2322,1.6,83.1,0.3,9.7,0,False
1772740848.960,2323,1.6,82.5,0.2,9.7,0,False
1772740849.052,2324,1.6,81.0,0.2,9.7,0,False
1772740849.144,2325,1.5,81.5,0.3,9.7,0,False
1772740849.240,2326,1.6,84.6,0.2,9.7,0,False
1772740849.331,2327,1.6,80.6,0.2,10.6,0,False
1772740849.426,2328,1.1,83.6,0.2,10.6,0,False
1772740849.522,2329,1.6,84.6,0.3,10.6,0,False
1772740849.613,2330,1.6,80.5,0.2,10.6,0,False
1772740849.707,2331,1.6,84.1,0.3,10.6,0,False
1772740849.802,2332,1.6,83.5,0.3,10.6,0,False
1772740849.898,2333,1.6,84.6,0.3,10.6,0,False
1772740849.993,2334,1.6,83.8,0.2,10.6,0,False
1772740850.088,2335,1.8,83.5,0.2,10.6,0,False
1772740850.183,2336,1.7,83.0,0.3,10.6,0,False
1772740850.280,2337,1.6,85.6,0.3,10.6,0,False
1772740850.377,2338,1.3,85.8,0.3,10.6,0,False
1772740850.472,2339,1.4,84.2,0.3,10.6,0,False
1772740850.568,2340,1.3,85.3,0.3,10.6,0,False
1772740850.665,2341,1.3,85.3,0.2,10.6,0,False
1772740850.760,2342,1.4,82.4,0.3,10.6,0,False
1772740850.855,2343,1.2,83.0,0.3,10.6,0,False
1772740850.949,2344,1.2,83.1,0.3,10.5,0,False
1772740851.045,2345,1.6,85.6,0.3,10.5,0,False
1772740851.141,2346,1.2,84.2,0.3,10.5,0,False
1772740851.240,2347,1.2,88.0,0.3,10.5,0,False
1772740851.339,2348,1.6,87.1,0.4,10.5,0,False
1772740851.433,2349,1.6,83.4,0.3,10.5,0,False
1772740851.528,2350,1.6,84.1,0.3,10.4,0,False
1772740851.623,2351,1.6,83.1,0.3,10.4,0,False
1772740851.719,2352,1.6,85.6,0.3,10.4,0,False
1772740851.814,2353,1.5,83.3,0.3,10.4,0,False
1772740851.912,2354,2.0,84.8,0.3,10.4,0,False
1772740852.008,2355,1.5,83.3,0.3,10.4,0,False
1772740852.102,2356,1.6,81.8,0.3,10.4,0,False
1772740852.199,2357,1.6,84.9,0.5,10.4,0,False
1772740852.294,2358,0.9,85.8,0.2,10.4,0,False
1772740852.390,2359,2.0,83.5,0.3,10.4,0,False
1772740852.484,2360,1.6,83.5,0.3,10.4,0,False
1772740852.580,2361,1.6,84.5,0.2,10.4,0,False
1772740852.675,2362,1.6,83.8,0.4,10.4,0,False
1772740852.771,2363,1.6,84.0,0.3,10.4,0,False
1772740852.867,2364,1.6,85.0,0.3,10.4,0,False
1772740852.962,2365,1.6,83.9,0.2,10.4,0,False
1772740853.059,2366,2.1,83.9,0.3,10.4,0,False
1772740853.154,2367,1.5,83.8,0.3,10.4,0,False
1772740853.256,2368,1.6,89.8,0.3,10.4,0,False
1772740853.371,2369,1.6,104.5,0.3,10.3,0,False
1772740853.468,2370,0.8,87.4,0.3,10.3,0,False
1772740853.564,2371,1.6,84.8,0.3,10.3,0,False
1772740853.662,2372,1.7,87.0,0.3,10.3,0,False
1772740853.758,2373,1.6,85.2,0.3,10.3,0,False
1772740853.852,2374,1.6,84.2,0.2,10.3,0,False
1772740853.957,2375,1.5,94.9,0.2,10.3,0,False
1772740854.051,2376,1.4,82.7,0.3,10.3,0,False
1772740854.141,2377,1.5,80.4,0.2,10.3,0,False
1772740854.235,2378,1.6,83.4,0.3,10.3,0,False
1772740854.325,2379,1.5,80.4,0.2,10.3,0,False
1772740854.416,2380,1.6,80.6,0.2,10.4,0,False
1772740854.507,2381,1.5,80.5,0.3,10.4,0,False
1772740854.598,2382,1.6,80.0,0.2,10.4,0,False
1772740854.690,2383,1.8,81.1,0.2,10.4,0,False
1772740854.781,2384,1.6,80.0,0.2,10.5,0,False
1772740854.873,2385,1.5,82.1,0.2,10.5,0,False
1772740854.964,2386,1.6,80.6,0.2,10.5,0,False
1772740855.057,2387,1.5,81.9,0.2,10.5,0,False
1772740855.144,2388,1.6,77.5,0.2,10.6,0,False
1772740855.470,2389,0.8,80.3,0.2,9.5,0,False
1772740855.562,2390,1.1,82.2,0.2,9.5,0,False
1772740855.655,2391,2.2,82.1,0.2,9.6,0,False
1772740855.746,2392,1.6,80.2,0.2,9.6,0,False
1772740855.838,2393,1.6,81.4,0.2,9.6,1,False
                                                                                                                                                                                                                                                                                                                                                                                                                                                                                                                                                                                                                                                                                                                                                                                                                                                                                                                                                                                                                                                                                                                                                                                                                                                       