timestamp,frame_number,preprocess_ms,inference_ms,postprocess_ms,fps,objects_detected,alert_active
1772739911.376,1,11.9,301.3,4.3,0.0,0,False
1772739913.358,2,3.2,159.6,0.3,0.5,0,False
1772739913.477,3,1.9,104.6,0.2,1.0,0,False
1772739913.575,4,0.8,84.6,0.4,1.4,0,False
1772739913.666,5,1.5,80.6,0.2,1.7,0,False
1772739913.757,6,1.6,80.5,0.3,2.1,0,False
1772739913.849,7,1.6,80.5,0.2,2.4,0,False
1772739913.940,8,1.6,80.2,0.2,2.7,0,False
1772739914.032,9,1.6,80.3,0.2,3.0,0,False
1772739914.125,10,1.6,80.6,0.2,3.3,0,False
1772739914.220,11,1.6,83.0,0.3,3.5,0,False
1772739914.310,12,1.5,79.2,0.2,3.7,0,False
1772739914.399,13,1.5,76.7,0.2,4.0,0,False
1772739914.696,14,0.9,79.9,0.2,3.9,0,False
1772739914.793,15,0.8,82.4,0.2,4.1,0,False
1772739914.887,16,1.6,80.1,0.2,4.3,0,False
1772739914.980,17,1.4,79.9,0.2,4.4,0,False
1772739915.072,18,1.6,79.8,0.2,4.6,0,False
1772739915.163,19,1.5,79.9,0.2,4.8,0,False
1772739915.262,20,1.6,85.7,0.2,4.9,0,False
1772739915.356,21,1.6,80.2,0.4,5.0,0,False
1772739915.448,22,1.6,79.7,0.2,9.6,0,False
1772739915.542,23,1.5,80.2,0.4,9.7,0,False
1772739915.634,24,1.6,79.4,0.2,9.7,0,False
1772739915.727,25,1.6,79.9,0.4,9.7,0,False
1772739915.818,26,1.6,79.2,0.2,9.7,0,False
1772739915.911,27,1.6,79.8,0.2,9.7,0,False
1772739916.003,28,1.6,79.5,0.2,9.7,0,False
1772739916.095,29,1.6,79.8,0.2,9.7,0,False
1772739916.188,30,1.6,80.0,0.2,9.7,0,False
1772739916.285,31,1.6,83.3,0.3,9.7,0,False
1772739916.375,32,1.5,76.6,0.2,9.7,0,False
1772739916.701,33,0.9,79.8,0.2,8.7,0,False
1772739916.794,34,0.9,81.6,0.2,9.5,0,False
1772739916.885,35,2.0,78.6,0.2,9.6,0,False
1772739916.976,36,1.5,79.8,0.2,9.6,0,False
1772739917.069,37,1.5,81.3,0.2,9.6,0,False
1772739917.160,38,1.6,80.2,0.2,9.6,0,False
1772739917.255,39,1.6,83.4,0.2,9.6,0,False
1772739917.347,40,1.6,80.2,0.2,9.6,0,False
1772739917.440,41,1.6,81.0,0.2,9.6,0,False
1772739917.532,42,1.6,80.2,0.2,9.6,0,False
1772739917.625,43,1.6,81.4,0.3,9.6,0,False
1772739917.717,44,1.6,80.0,0.2,9.6,0,False
1772739917.810,45,1.6,81.3,0.2,9.6,0,False
1772739917.902,46,1.6,79.9,0.2,9.6,0,False
1772739917.995,47,1.5,80.8,0.3,9.6,0,False
1772739918.088,48,1.6,80.4,0.2,9.6,0,False
1772739918.180,49,1.5,80.7,0.2,9.6,0,False
1772739918.282,50,1.6,89.6,0.2,9.6,0,False
1772739918.372,51,1.5,76.6,0.2,9.6,0,False
1772739918.708,52,0.8,79.9,0.2,8.6,0,False
1772739918.802,53,0.8,82.5,0.2,9.5,0,False
1772739918.897,54,1.5,82.7,0.2,9.5,0,False
1772739918.989,55,1.6,80.5,0.3,9.5,0,False
1772739919.081,56,1.6,80.3,0.2,9.5,0,False
1772739919.173,57,1.5,80.4,0.2,9.5,0,False
1772739919.268,58,1.6,81.7,0.3,9.5,0,False
1772739919.361,59,1.5,80.6,0.3,9.5,0,False
1772739919.455,60,1.5,82.8,0.2,9.5,0,False
1772739919.559,61,1.5,91.7,0.2,9.4,0,False
1772739919.665,62,1.6,91.7,0.2,9.4,0,False
1772739919.766,63,1.6,89.0,0.2,9.3,0,False
1772739919.858,64,2.4,79.6,0.2,9.3,0,False
1772739919.948,65,1.6,78.7,0.3,9.4,0,False
1772739920.040,66,1.7,80.5,0.3,9.4,0,False
1772739920.130,67,1.6,77.9,0.2,9.4,0,False
1772739920.225,68,1.6,82.7,0.2,9.4,0,False
1772739920.315,69,1.5,78.7,0.2,9.4,0,False
1772739920.404,70,1.5,76.3,0.2,9.4,0,False
1772739920.717,71,0.8,85.7,0.2,8.5,0,False
1772739920.812,72,0.9,84.1,0.2,9.5,0,False
1772739920.903,73,1.5,79.4,0.2,9.5,0,False
1772739920.995,74,1.5,79.6,0.2,9.5,0,False
1772739921.087,75,1.5,79.2,0.2,9.5,0,False
1772739921.177,76,1.6,79.2,0.2,9.5,0,False
1772739921.270,77,2.8,80.5,0.2,9.5,0,False
1772739921.360,78,1.6,79.0,0.2,9.6,0,False
1772739921.452,79,2.0,80.4,0.2,9.6,0,False
1772739921.545,80,1.5,81.9,0.3,9.6,0,False
1772739921.640,81,1.8,83.2,0.3,9.6,0,False
1772739921.731,82,1.6,79.0,0.2,9.7,0,False
1772739921.824,83,1.9,80.3,0.2,9.7,0,False
1772739921.915,84,1.6,79.4,0.2,9.7,0,False
1772739922.007,85,1.5,80.5,0.2,9.7,0,False
1772739922.098,86,1.5,79.4,0.2,9.7,0,False
1772739922.190,87,1.6,79.6,0.4,9.7,0,False
1772739922.281,88,1.6,80.0,0.2,9.7,0,False
1772739922.376,89,1.6,78.2,0.2,9.7,0,False
1772739922.468,90,1.6,77.1,0.2,9.7,0,False
1772739922.743,91,0.9,79.9,0.2,9.9,0,False
1772739922.837,92,0.8,81.3,0.2,9.9,0,False
1772739922.929,93,1.6,79.1,0.2,9.9,0,False
1772739923.021,94,1.5,79.5,0.3,9.9,0,False
1772739923.113,95,1.6,79.1,0.2,9.9,0,False
1772739923.207,96,1.5,81.2,0.2,9.9,0,False
1772739923.297,97,1.6,78.8,0.2,9.9,0,False
1772739923.390,98,1.6,81.7,0.2,9.9,0,False
1772739923.479,99,1.6,79.1,0.2,9.9,0,False
1772739923.569,100,1.9,79.4,0.2,9.9,0,False
1772739923.658,101,1.6,79.0,0.2,9.9,0,False
1772739923.747,102,1.6,79.1,0.3,9.9,0,False
1772739923.846,103,1.5,88.4,0.2,9.9,0,False
1772739923.937,104,1.5,80.5,0.2,9.9,0,False
1772739924.027,105,1.5,79.1,0.2,9.9,0,False
1772739924.117,106,1.5,79.6,0.2,9.9,0,False
1772739924.207,107,1.5,80.9,0.2,9.9,0,False
1772739924.297,108,1.5,79.5,0.2,9.9,0,False
1772739924.384,109,2.0,76.2,0.2,10.0,0,False
1772739924.474,110,1.4,80.8,0.2,10.0,0,False
1772739924.728,111,0.9,79.7,0.2,10.1,0,False
1772739924.821,112,0.8,81.5,0.2,10.1,0,False
1772739924.913,113,1.6,78.7,0.3,10.1,2,True
1772739925.016,114,1.5,79.5,0.3,10.0,1,True
1772739925.106,115,1.3,79.5,0.2,10.0,0,True
1772739925.198,116,1.5,81.8,0.2,10.0,0,True
1772739925.287,117,1.5,78.7,0.2,10.0,0,True
1772739925.376,118,1.5,78.7,0.2,10.1,0,True
1772739925.466,119,1.5,79.4,0.2,10.1,0,True
1772739925.556,120,1.5,79.5,0.2,10.1,0,True
1772739925.650,121,2.7,82.2,0.2,10.0,0,True
1772739925.740,122,1.5,79.4,0.2,10.0,0,True
1772739925.831,123,1.6,80.8,0.2,10.1,0,True
1772739925.921,124,1.6,79.9,0.2,10.1,0,True
1772739926.012,125,1.6,79.5,0.4,10.1,0,True
1772739926.102,126,1.6,79.8,0.2,10.1,0,True
1772739926.202,127,1.5,89.7,0.3,10.0,0,True
1772739926.293,128,1.6,80.7,0.2,10.0,0,True
1772739926.381,129,1.6,78.4,0.2,10.0,0,True
1772739926.470,130,1.6,78.3,0.2,10.0,0,True
1772739926.728,131,0.9,80.4,0.3,10.0,1,True
1772739926.820,132,0.8,82.4,0.3,10.0,0,True
1772739926.913,133,1.8,80.8,0.2,10.0,0,True
1772739927.004,134,1.6,80.5,0.2,10.1,0,True
1772739927.096,135,1.8,82.0,0.2,10.0,0,True
1772739927.188,136,1.6,80.7,0.2,10.0,0,True
1772739927.280,137,1.5,82.2,0.2,10.0,0,True
1772739927.371,138,1.5,80.4,0.2,10.0,0,True
1772739927.462,139,1.5,80.9,0.5,10.0,0,True
1772739927.552,140,1.6,80.0,0.2,10.0,0,True
1772739927.642,141,1.6,80.2,0.2,10.0,0,True
1772739927.733,142,1.5,80.3,0.3,10.0,0,True
1772739927.824,143,1.6,80.5,0.2,10.0,0,True
1772739927.915,144,2.2,80.3,0.2,10.0,0,True
1772739928.005,145,1.5,80.0,0.2,10.0,0,True
1772739928.096,146,1.5,81.4,0.2,10.0,0,True
1772739928.188,147,1.6,80.4,0.2,10.1,0,True
1772739928.281,148,1.5,82.5,0.2,10.1,0,True
1772739928.373,149,1.6,81.4,0.2,10.0,0,True
1772739928.464,150,1.6,81.1,0.3,10.0,0,True
1772739928.557,151,1.8,80.8,0.3,10.9,0,True
1772739928.648,152,1.5,80.6,0.3,10.9,0,True
1772739928.739,153,1.6,80.3,0.2,11.0,0,True
1772739928.830,154,1.6,80.7,0.2,11.0,0,True
1772739928.921,155,1.5,80.3,0.2,11.0,0,True
1772739929.012,156,1.2,80.9,0.2,11.0,0,True
1772739929.118,157,0.8,93.7,0.2,10.9,0,True
1772739929.223,158,1.2,94.5,0.3,10.8,0,True
1772739929.313,159,1.2,80.3,0.3,10.8,0,True
1772739929.404,160,1.2,79.9,0.2,10.8,0,True
1772739929.498,161,1.2,83.5,0.2,10.8,0,False
1772739929.590,162,1.5,80.4,0.2,10.8,0,False
1772739929.681,163,1.2,80.8,0.2,10.8,0,False
1772739929.772,164,1.7,80.8,0.2,10.8,0,False
1772739929.862,165,1.2,80.1,0.2,10.8,0,False
1772739929.953,166,1.6,81.9,0.2,10.8,0,False
1772739930.044,167,1.5,80.7,0.2,10.8,0,False
1772739930.136,168,1.5,81.9,0.7,10.8,0,False
1772739930.228,169,1.6,82.4,0.2,10.8,0,False
1772739930.320,170,1.5,81.0,0.4,10.8,0,False
1772739930.407,171,1.6,77.3,0.2,10.8,0,False
1772739930.738,172,0.9,80.4,0.2,9.6,0,False
1772739930.828,173,0.8,82.0,0.2,9.6,0,False
1772739930.920,174,1.5,82.2,0.2,9.6,0,False
1772739931.012,175,1.6,81.6,0.2,9.6,0,False
1772739931.104,176,1.6,82.0,0.2,9.6,0,False
1772739931.202,177,1.5,88.7,0.2,9.6,0,False
1772739931.292,178,1.8,80.2,0.2,9.7,0,False
1772739931.382,179,1.5,79.8,0.2,9.7,0,False
1772739931.471,180,1.5,79.9,0.3,9.7,0,False
1772739931.565,181,1.1,82.5,0.2,9.7,0,False
1772739931.655,182,1.4,79.9,0.2,9.7,0,False
1772739931.745,183,1.2,79.7,0.2,9.7,0,False
1772739931.835,184,1.2,79.8,0.2,9.7,0,False
1772739931.926,185,1.7,80.0,0.2,9.7,0,False
1772739932.016,186,1.2,79.6,0.2,9.7,0,False
1772739932.107,187,1.2,80.5,0.3,9.7,0,False
1772739932.199,188,1.2,82.0,0.2,9.7,0,False
1772739932.291,189,0.8,82.8,0.2,9.7,0,False
1772739932.381,190,1.5,79.4,0.2,9.7,0,False
1772739932.470,191,1.5,79.1,0.2,9.7,0,False
1772739932.560,192,1.5,78.9,0.2,11.0,0,False
1772739932.649,193,1.6,78.9,0.2,11.0,0,False
1772739932.740,194,1.6,80.8,0.2,11.0,0,False
1772739932.829,195,1.5,78.9,0.2,11.0,0,False
1772739932.918,196,1.5,79.1,0.2,11.0,0,False
1772739933.006,197,1.5,78.8,0.2,11.1,0,False
1772739933.096,198,1.5,79.8,0.2,11.1,0,False
1772739933.187,199,1.8,79.8,0.3,11.1,0,False
1772739933.277,200,1.5,79.0,0.2,11.1,0,False
1772739933.367,201,1.6,79.0,0.2,11.1,0,False
1772739933.455,202,1.5,78.5,0.2,11.1,0,False
1772739933.545,203,1.5,79.7,0.2,11.1,0,False
1772739933.636,204,1.5,78.7,0.2,11.1,0,False
1772739933.724,205,1.6,78.8,0.2,11.1,0,False
1772739933.814,206,1.5,80.0,0.2,11.1,0,False
1772739933.904,207,1.5,78.9,0.2,11.1,0,False
1772739933.994,208,1.5,79.3,0.2,11.1,0,False
1772739934.083,209,1.6,78.8,0.2,11.2,0,False
1772739934.173,210,1.5,79.4,0.2,11.2,0,False
1772739934.266,211,2.6,82.3,0.3,11.1,0,False
1772739934.356,212,1.5,79.0,0.2,11.1,0,False
1772739934.446,213,1.6,80.3,0.2,11.1,0,False
1772739934.748,214,0.8,80.3,0.2,10.0,0,False
1772739934.838,215,0.8,81.4,0.2,10.0,0,False
1772739934.928,216,1.5,80.8,0.2,9.9,0,False
1772739935.018,217,1.6,79.2,0.2,9.9,0,False
1772739935.108,218,1.5,79.7,0.2,9.9,0,False
1772739935.207,219,1.6,88.8,0.2,9.9,0,False
1772739935.297,220,1.2,80.2,0.3,9.9,0,False
1772739935.386,221,1.2,79.1,0.3,9.9,0,False
1772739935.474,222,1.2,78.1,0.2,9.9,0,False
1772739935.565,223,1.7,79.9,0.2,9.9,0,False
1772739935.654,224,1.5,79.6,0.2,9.9,0,False
1772739935.745,225,1.2,80.8,0.2,9.9,0,False
1772739935.834,226,1.2,79.2,0.2,9.9,0,False
1772739935.922,227,1.2,79.1,0.2,9.9,0,False
1772739936.013,228,1.5,79.6,0.2,9.9,0,False
1772739936.101,229,1.6,78.9,0.2,9.9,0,False
1772739936.193,230,1.5,81.6,0.3,9.9,0,False
1772739936.283,231,0.8,81.3,0.2,9.9,0,False
1772739936.373,232,1.5,79.7,0.3,9.9,0,False
1772739936.463,233,1.6,79.1,0.3,9.9,0,False
1772739936.553,234,1.5,80.2,0.2,11.1,0,False
1772739936.643,235,1.7,79.1,0.2,11.1,0,False
1772739936.732,236,1.5,79.2,0.2,11.1,0,False
1772739936.823,237,1.5,81.2,0.2,11.1,0,False
1772739936.912,238,1.5,79.0,0.2,11.1,0,False
1772739937.001,239,1.6,79.6,0.2,11.1,0,False
1772739937.090,240,1.5,79.3,0.2,11.2,0,False
1772739937.182,241,1.5,81.6,0.3,11.1,0,False
1772739937.274,242,1.9,81.2,0.2,11.1,0,False
1772739937.363,243,1.6,79.2,0.2,11.1,0,False
1772739937.454,244,1.5,80.7,0.2,11.1,0,False
1772739937.543,245,1.6,79.2,0.2,11.1,0,False
1772739937.632,246,1.5,79.4,0.2,11.1,0,False
1772739937.722,247,1.6,79.5,0.2,11.1,0,False
1772739937.811,248,1.6,79.0,0.2,11.1,0,False
1772739937.901,249,1.6,81.0,0.2,11.1,0,False
1772739937.990,250,1.5,79.4,0.3,11.1,0,False
1772739938.080,251,1.7,79.8,0.2,11.1,0,False
1772739938.169,252,1.5,79.5,0.2,11.1,0,False
1772739938.262,253,1.5,82.7,0.2,11.1,0,False
1772739938.352,254,1.5,79.1,0.2,11.1,0,False
1772739938.438,255,1.5,76.8,0.2,11.1,0,False
1772739938.758,256,0.9,79.5,0.2,9.9,0,False
1772739938.848,257,0.8,81.8,0.2,9.9,0,False
1772739938.939,258,1.6,81.2,0.2,9.9,0,False
1772739939.027,259,1.5,79.1,0.2,9.9,0,False
1772739939.116,260,1.5,79.3,0.2,9.9,0,False
1772739939.209,261,1.5,81.2,0.2,9.9,0,False
1772739939.299,262,1.5,80.2,0.2,9.9,0,False
1772739939.389,263,1.7,80.0,0.2,9.9,0,False
1772739939.483,264,1.6,85.1,0.2,9.9,0,False
1772739939.574,265,2.1,80.7,0.3,9.8,0,False
1772739939.662,266,1.6,79.2,0.2,9.9,0,False
1772739939.752,267,1.5,79.7,0.3,9.9,0,False
1772739939.839,268,1.5,78.3,0.2,9.9,0,False
1772739939.928,269,1.5,79.3,0.2,9.9,0,False
1772739940.018,270,1.5,81.0,0.2,9.9,0,False
1772739940.109,271,1.5,80.9,0.2,9.9,0,False
1772739940.201,272,1.5,82.5,0.2,9.8,0,False
1772739940.290,273,1.6,79.5,0.2,9.9,0,False
1772739940.379,274,1.0,79.4,0.2,9.9,0,False
1772739940.469,275,1.6,79.7,0.2,9.8,0,False
1772739940.557,276,1.6,79.2,0.2,11.1,0,False
1772739940.648,277,1.6,80.5,0.2,11.1,0,False
1772739940.736,278,1.5,78.8,0.2,11.1,0,False
1772739940.824,279,1.6,79.2,0.2,11.1,0,False
1772739940.914,280,1.5,79.2,0.3,11.1,0,False
1772739941.003,281,1.6,79.4,0.2,11.1,0,False
1772739941.093,282,1.5,80.8,0.2,11.1,0,False
1772739941.183,283,1.0,80.0,0.2,11.1,0,False
1772739941.275,284,0.9,81.9,0.3,11.2,0,False
1772739941.364,285,1.9,79.3,0.2,11.2,0,False
1772739941.454,286,1.6,79.5,0.2,11.2,0,False
1772739941.544,287,2.0,79.6,0.2,11.2,0,False
1772739941.633,288,1.6,79.3,0.2,11.2,0,False
1772739941.721,289,1.6,79.0,0.3,11.2,0,False
1772739941.810,290,1.6,78.9,0.3,11.2,0,False
1772739941.899,291,1.6,79.4,0.2,11.2,0,False
1772739941.989,292,2.0,79.5,0.2,11.2,0,False
1772739942.078,293,1.6,79.7,0.3,11.2,0,False
1772739942.168,294,1.6,79.3,0.2,11.2,0,False
1772739942.257,295,1.6,80.2,0.2,11.2,0,False
1772739942.346,296,1.6,79.5,0.2,11.2,0,False
1772739942.434,297,1.7,76.5,0.2,11.2,0,False
1772739942.520,298,1.6,76.8,0.2,11.2,0,False
1772739942.769,299,0.9,79.3,0.2,10.3,0,False
1772739942.859,300,0.8,81.1,0.2,10.3,0,False
1772739942.952,301,1.6,83.2,0.2,10.3,0,False
1772739943.041,302,1.5,79.6,0.2,10.3,0,False
1772739943.131,303,1.6,79.7,0.2,10.3,0,False
1772739943.222,304,1.6,81.4,0.2,10.3,0,False
1772739943.312,305,1.6,79.8,0.2,10.3,0,False
1772739943.402,306,1.7,79.1,0.2,10.3,0,False
1772739943.490,307,1.6,79.5,0.2,10.3,0,False
1772739943.580,308,1.6,80.5,0.2,10.3,0,False
1772739943.668,309,1.6,78.5,0.2,10.3,0,False
1772739943.757,310,1.5,79.6,0.2,10.3,0,False
1772739943.846,311,1.6,79.6,0.2,10.3,0,False
1772739943.936,312,1.6,79.7,0.2,10.3,0,False
1772739944.025,313,1.5,80.0,0.5,10.3,0,False
1772739944.114,314,1.6,79.0,0.2,10.3,0,False
1772739944.205,315,1.6,81.5,0.2,10.3,1,True
1772739944.296,316,1.6,80.0,0.2,10.3,0,True
1772739944.385,317,1.6,79.3,0.2,10.2,0,True
1772739944.490,318,1.9,94.8,0.2,10.2,0,True
1772739944.580,319,1.6,79.5,0.3,11.0,0,True
1772739944.669,320,1.6,79.7,0.2,11.0,0,True
1772739944.759,321,1.6,79.8,0.2,11.1,0,True
1772739944.849,322,2.0,80.1,0.2,11.1,0,True
1772739944.939,323,1.6,79.8,0.2,11.1,0,True
1772739945.029,324,1.6,81.1,0.2,11.1,0,True
1772739945.119,325,1.6,79.6,0.2,11.1,0,True
1772739945.218,326,1.5,90.0,0.3,11.0,0,True
1772739945.308,327,1.6,80.2,0.2,11.0,0,True
1772739945.397,328,1.6,79.7,0.3,11.0,0,True
1772739945.487,329,1.6,79.6,0.3,11.0,0,True
1772739945.576,330,1.5,80.4,0.2,11.0,0,True
1772739945.673,331,1.5,84.1,0.2,11.0,0,True
1772739945.762,332,1.6,80.0,0.2,10.9,0,True
1772739945.852,333,2.4,79.6,0.2,10.9,0,True
1772739945.942,334,1.5,79.7,0.2,10.9,0,True
1772739946.033,335,1.6,81.4,0.2,10.9,0,True
1772739946.121,336,1.5,79.2,0.2,11.0,0,True
1772739946.212,337,1.6,81.2,0.2,11.0,0,True
1772739946.301,338,1.5,79.5,0.2,11.0,0,True
1772739946.390,339,1.5,78.9,0.2,11.1,0,True
1772739946.476,340,1.6,76.7,0.2,11.1,0,True
1772739946.780,341,0.9,79.5,0.2,9.9,0,True
1772739946.869,342,0.8,81.4,0.2,9.9,0,True
1772739946.958,343,1.5,79.2,0.3,9.9,0,True
1772739947.047,344,1.6,79.1,0.2,9.9,0,True
1772739947.136,345,1.6,79.7,0.2,9.9,0,False
1772739947.228,346,2.2,81.2,0.2,10.0,0,False
1772739947.318,347,1.6,81.2,0.2,9.9,0,False
1772739947.422,348,4.1,92.0,0.2,9.9,0,False
1772739947.521,349,1.5,89.0,0.2,9.8,0,False
1772739947.610,350,1.6,79.3,0.2,9.8,0,False
1772739947.699,351,1.6,79.2,0.2,9.9,0,False
1772739947.788,352,1.5,79.4,0.2,9.9,0,False
1772739947.877,353,1.6,79.8,0.2,9.9,0,False
1772739947.968,354,1.8,80.3,0.2,9.9,0,False
1772739948.058,355,1.5,79.9,0.2,9.9,0,False
1772739948.147,356,1.6,79.4,0.2,9.9,0,False
1772739948.240,357,1.5,83.2,0.2,9.9,0,False
1772739948.329,358,1.5,79.2,0.2,9.9,0,False
1772739948.418,359,1.6,79.4,0.2,9.9,0,False
1772739948.507,360,1.5,79.5,0.2,9.8,0,False
1772739948.601,361,1.7,81.8,0.2,11.0,0,False
1772739948.690,362,1.5,79.4,0.2,11.0,0,False
1772739948.782,363,1.5,81.5,0.2,11.0,0,False
1772739948.870,364,1.6,79.0,0.3,11.0,0,False
1772739948.959,365,1.6,79.1,0.3,11.0,0,False
1772739949.050,366,1.3,79.7,0.2,11.0,0,False
1772739949.138,367,1.6,78.9,0.3,11.0,0,False
1772739949.234,368,1.5,84.9,0.2,11.0,0,False
1772739949.336,369,1.2,91.7,0.3,11.0,0,False
1772739949.425,370,1.2,78.9,0.2,11.0,0,False
1772739949.518,371,1.5,82.5,0.2,11.0,0,False
1772739949.607,372,1.4,79.0,0.2,11.0,0,False
1772739949.697,373,1.2,79.6,0.2,11.0,0,False
1772739949.788,374,1.9,80.2,0.2,11.0,0,False
1772739949.877,375,1.2,79.4,0.2,11.0,0,False
1772739949.967,376,1.2,79.3,0.3,11.0,0,False
1772739950.066,377,1.2,89.1,0.2,11.0,0,False
1772739950.157,378,1.1,80.9,0.2,10.9,0,False
1772739950.251,379,1.5,83.8,0.2,10.9,0,False
1772739950.343,380,1.2,81.4,0.2,10.9,0,False
1772739950.431,381,1.2,77.4,0.2,10.9,0,False
1772739950.518,382,1.2,76.9,0.2,10.9,0,False
1772739950.792,383,0.8,79.9,0.2,9.9,0,False
1772739950.882,384,0.8,81.3,0.2,9.9,0,False
1772739950.973,385,1.6,80.9,0.2,9.9,0,False
1772739951.062,386,1.5,79.5,0.2,9.9,0,False
1772739951.152,387,1.6,79.5,0.2,9.9,0,False
1772739951.243,388,1.5,81.3,0.2,10.0,0,False
1772739951.331,389,1.5,78.4,0.2,10.0,0,False
1772739951.421,390,1.9,80.0,0.2,10.0,0,False
1772739951.513,391,1.6,81.7,0.2,10.0,0,False
1772739951.604,392,1.5,81.2,0.2,10.0,0,False
1772739951.693,393,1.2,79.4,0.2,10.0,0,False
1772739951.783,394,1.2,79.5,0.2,10.0,0,False
1772739951.872,395,1.2,79.5,0.2,10.0,0,False
1772739951.962,396,1.2,79.4,0.2,10.0,0,False
1772739952.052,397,1.6,80.2,0.2,10.1,0,False
1772739952.141,398,1.1,79.4,0.2,10.1,0,False
1772739952.234,399,1.2,82.5,0.2,10.1,0,False
1772739952.324,400,1.2,79.8,0.2,10.1,0,False
1772739952.414,401,1.6,79.6,0.2,10.1,0,False
1772739952.504,402,1.2,79.5,0.2,10.1,0,False
1772739952.594,403,1.2,79.5,0.2,11.1,0,False
1772739952.684,404,1.9,80.4,0.2,11.1,0,False
1772739952.774,405,1.2,79.4,0.2,11.1,0,False
1772739952.863,406,1.2,79.3,0.3,11.1,0,False
1772739952.952,407,1.3,78.8,0.2,11.1,0,False
1772739953.042,408,1.2,79.4,0.2,11.1,0,False
1772739953.133,409,1.2,79.3,0.2,11.1,0,False
1772739953.224,410,1.2,81.0,0.2,11.1,0,False
1772739953.314,411,1.6,80.1,0.2,11.1,0,False
1772739953.404,412,1.2,79.3,0.2,11.1,0,False
1772739953.493,413,1.2,78.9,0.2,11.1,0,False
1772739953.582,414,1.5,79.2,0.3,11.1,0,False
1772739953.671,415,1.2,79.1,0.2,11.1,0,False
1772739953.762,416,1.4,79.8,0.2,11.1,0,False
1772739953.851,417,1.2,79.2,0.2,11.1,0,False
1772739953.941,418,1.2,79.1,0.2,11.1,0,False
1772739954.029,419,1.6,78.5,0.2,11.1,0,False
1772739954.120,420,1.2,79.8,0.2,11.1,0,False
1772739954.222,421,1.4,89.8,0.2,11.1,0,False
1772739954.317,422,1.3,84.3,0.2,11.0,0,False
1772739954.412,423,1.5,85.0,0.2,11.0,0,False
1772739954.505,424,1.2,82.4,0.2,11.0,0,False
1772739954.804,425,0.8,81.5,0.2,9.8,0,False
1772739954.894,426,0.8,80.8,0.2,9.8,0,False
1772739954.986,427,1.5,81.4,0.2,9.8,0,False
1772739955.076,428,1.5,80.2,0.2,9.8,0,False
1772739955.166,429,1.5,79.6,0.2,9.8,0,False
1772739955.259,430,1.5,82.4,0.3,9.8,0,False
1772739955.350,431,1.5,80.6,0.3,9.8,0,False
1772739955.440,432,1.5,79.6,0.2,9.8,0,False
1772739955.531,433,1.5,80.1,0.2,9.8,0,False
1772739955.621,434,1.5,79.3,0.2,9.8,0,False
1772739955.711,435,1.5,79.4,0.3,9.8,0,False
1772739955.803,436,1.6,81.1,0.3,9.8,0,False
1772739955.894,437,1.6,80.0,0.2,9.8,0,False
1772739955.986,438,1.5,81.3,0.2,9.8,0,False
1772739956.075,439,1.7,79.4,0.2,9.8,0,False
1772739956.164,440,1.5,79.8,0.2,9.8,0,False
1772739956.262,441,1.6,88.6,0.2,9.8,0,False
1772739956.352,442,1.5,80.0,0.2,9.8,0,False
1772739956.440,443,1.6,79.9,0.2,9.9,0,False
1772739956.528,444,1.5,79.6,0.2,9.9,0,False
1772739956.618,445,1.5,81.0,0.2,11.0,1,True
1772739956.707,446,1.5,79.7,0.2,11.0,0,True
1772739956.796,447,1.5,79.6,0.2,11.0,1,True
1772739956.887,448,1.5,79.6,0.3,11.0,1,True
1772739956.977,449,1.5,80.5,0.2,11.0,1,True
1772739957.068,450,1.9,80.1,0.2,11.1,0,True
1772739957.160,451,1.5,81.8,0.2,11.1,0,True
1772739957.252,452,1.7,82.0,0.2,11.0,0,True
1772739957.343,453,1.6,80.3,0.3,11.0,0,True
1772739957.435,454,1.2,81.7,0.2,11.0,0,True
1772739957.525,455,1.2,80.1,0.2,11.0,0,True
1772739957.616,456,1.2,79.7,0.3,11.0,1,True
1772739957.706,457,1.2,79.5,0.2,11.0,0,True
1772739957.796,458,1.2,79.7,0.2,11.0,0,True
1772739957.887,459,1.3,79.7,0.2,11.0,0,True
1772739957.976,460,1.2,79.5,0.2,11.0,0,True
1772739958.068,461,1.2,81.9,0.2,11.1,0,True
1772739958.158,462,1.2,80.1,0.2,11.1,0,True
1772739958.251,463,1.6,83.3,0.2,11.0,0,True
1772739958.342,464,1.2,80.0,0.2,11.0,0,True
1772739958.432,465,1.2,80.2,0.2,11.0,0,True
1772739958.520,466,1.2,77.4,0.2,11.0,0,True
1772739958.818,467,0.9,80.3,0.2,9.9,0,True
1772739958.910,468,0.8,82.1,0.2,9.9,1,True
1772739959.001,469,1.7,79.8,0.2,9.9,1,True
1772739959.090,470,1.5,79.4,0.3,9.9,0,True
1772739959.181,471,1.5,81.2,0.2,9.9,0,True
1772739959.273,472,1.5,81.7,0.2,9.9,0,True
1772739959.363,473,1.5,80.5,0.4,9.9,1,True
1772739959.456,474,1.6,83.3,0.2,9.9,1,True
1772739959.555,475,1.5,89.0,0.3,9.9,1,True
1772739959.644,476,1.3,80.8,0.2,9.9,0,True
1772739959.735,477,1.1,81.8,0.2,9.9,0,True
1772739959.825,478,1.1,80.1,0.2,9.9,1,True
1772739959.917,479,1.3,82.9,0.2,9.8,0,True
1772739960.006,480,1.6,79.4,0.2,9.9,1,True
1772739960.097,481,1.5,80.8,0.3,9.9,0,True
1772739960.189,482,2.6,81.0,0.3,9.8,0,True
1772739960.279,483,1.6,79.1,0.3,9.9,1,True
1772739960.369,484,1.1,80.8,0.2,9.9,1,True
1772739960.459,485,1.2,79.8,0.2,9.9,0,True
1772739960.549,486,1.2,80.0,0.2,9.9,0,True
1772739960.639,487,1.2,80.2,0.2,11.0,0,True
1772739960.730,488,1.2,80.4,0.2,11.0,1,True
1772739960.820,489,1.1,79.6,0.2,11.0,0,True
1772739960.909,490,1.5,79.6,0.2,11.0,0,True
1772739961.000,491,1.2,81.5,0.2,11.0,0,True
1772739961.090,492,1.2,79.9,0.2,11.0,1,True
1772739961.181,493,1.2,80.3,0.2,11.0,1,True
1772739961.272,494,1.2,80.9,0.2,11.0,1,True
1772739961.362,495,1.2,80.7,0.2,11.1,0,True
1772739961.453,496,1.5,79.6,0.2,11.1,1,True
1772739961.543,497,1.5,79.4,0.3,11.1,1,True
1772739961.636,498,1.7,80.6,0.3,11.0,1,True
1772739961.727,499,1.2,79.5,0.2,11.1,1,True
1772739961.818,500,1.2,80.4,0.3,11.0,1,True
1772739961.909,501,1.6,79.7,0.2,11.0,0,True
1772739961.999,502,1.2,79.8,0.3,11.1,0,True
1772739962.089,503,1.2,79.4,0.2,11.0,0,True
1772739962.179,504,1.6,79.5,0.2,11.1,0,True
1772739962.281,505,1.2,81.3,0.2,11.0,0,True
1772739962.392,506,1.2,79.9,0.3,10.8,0,True
1772739962.498,507,0.8,80.3,0.2,10.8,0,True
1772739962.584,508,1.3,77.3,0.2,10.8,0,True
1772739962.826,509,0.9,79.6,0.2,10.0,0,True
1772739962.914,510,0.8,81.0,0.2,10.0,0,True
1772739963.007,511,1.5,84.0,0.2,10.0,0,True
1772739963.102,512,1.5,79.8,0.2,9.9,0,True
1772739963.212,513,1.4,83.6,0.2,9.8,0,True
1772739963.308,514,1.2,81.5,0.2,9.8,0,True
1772739963.404,515,1.3,79.8,0.2,9.8,0,True
1772739963.500,516,1.2,79.4,0.3,9.8,0,True
1772739963.598,517,1.3,79.8,0.2,9.7,0,True
1772739963.698,518,1.6,79.5,0.2,9.7,0,True
1772739963.801,519,1.6,80.4,0.2,9.6,0,True
1772739963.903,520,1.2,79.5,0.3,9.6,0,True
1772739964.004,521,1.2,79.6,0.2,9.5,0,True
1772739964.110,522,1.2,79.3,0.2,9.5,0,True
1772739964.219,523,0.8,86.3,0.2,9.4,0,True
1772739964.328,524,2.5,81.9,0.2,9.3,0,True
1772739964.434,525,0.8,84.9,0.2,9.3,0,True
1772739964.539,526,0.9,83.6,0.2,9.3,0,True
1772739964.639,527,1.3,81.7,0.3,9.3,0,True
1772739964.728,528,1.6,80.2,0.3,9.3,0,True
1772739964.817,529,1.5,80.3,0.3,10.0,0,True
1772739964.906,530,1.6,80.9,0.2,10.0,0,False
1772739964.995,531,1.5,80.6,0.2,10.1,0,False
1772739965.086,532,1.5,82.2,0.2,10.1,0,False
1772739965.175,533,1.6,80.5,0.2,10.2,0,False
1772739965.269,534,1.6,85.0,0.2,10.2,0,False
1772739965.358,535,1.6,80.9,0.2,10.2,0,False
1772739965.447,536,1.5,80.2,0.2,10.3,0,False
1772739965.539,537,1.5,80.2,0.3,10.3,0,False
1772739965.630,538,1.3,80.7,0.2,10.3,0,False
1772739965.723,539,1.7,80.8,0.2,10.4,0,False
1772739965.818,540,1.3,80.1,0.2,10.4,0,False
1772739965.936,541,1.4,96.5,0.2,10.4,0,False
1772739966.030,542,1.5,79.1,0.2,10.4,0,False
1772739966.126,543,1.6,79.6,0.2,10.5,0,False
1772739966.230,544,1.6,85.9,0.2,10.5,0,False
1772739966.327,545,1.6,80.5,0.2,10.6,0,False
1772739966.420,546,1.6,79.8,0.2,10.6,0,False
1772739966.512,547,1.5,76.7,0.3,10.7,0,False
1772739966.850,548,0.9,79.5,0.2,9.4,0,False
1772739966.949,549,0.8,81.8,0.4,9.4,0,False
1772739967.042,550,1.6,78.6,0.2,9.4,0,False
1772739967.135,551,2.1,79.2,0.2,9.3,0,False
1772739967.227,552,1.5,81.0,0.2,9.3,0,False
1772739967.317,553,1.7,80.0,0.2,9.3,0,False
1772739967.407,554,1.5,79.1,0.2,9.4,0,False
1772739967.499,555,1.5,79.1,0.3,9.3,0,False
1772739967.596,556,1.5,79.0,0.2,9.3,0,False
1772739967.700,557,1.5,79.9,0.2,9.3,0,False
1772739967.811,558,1.3,82.2,0.4,9.2,0,False
1772739967.915,559,0.8,80.9,0.2,9.1,0,False
1772739968.018,560,1.3,78.6,0.2,9.1,0,False
1772739968.122,561,1.2,79.3,0.2,9.1,0,False
1772739968.232,562,1.3,88.5,0.2,9.1,0,False
1772739968.326,563,3.0,79.2,0.3,9.1,0,False
1772739968.422,564,1.5,79.4,0.2,9.1,0,False
1772739968.527,565,1.5,79.2,0.2,9.1,0,False
1772739968.630,566,1.7,80.1,0.2,9.0,0,False
1772739968.733,567,1.3,79.8,0.2,9.0,0,False
1772739968.839,568,1.4,79.5,0.2,10.1,0,False
1772739968.946,569,1.3,79.6,0.2,10.0,0,False
1772739969.049,570,1.4,79.1,0.2,10.0,0,False
1772739969.166,571,1.9,87.9,0.2,9.8,0,False
1772739969.271,572,1.3,81.8,0.2,9.8,0,False
1772739969.377,573,2.2,80.8,0.2,9.7,0,False
1772739969.502,574,1.3,98.5,0.2,9.5,0,False
1772739969.608,575,1.3,82.2,0.2,9.5,0,False
1772739969.722,576,1.4,89.8,0.2,9.4,0,False
1772739969.828,577,0.8,81.5,0.2,9.4,0,False
1772739969.928,578,2.4,80.0,0.2,9.4,0,False
1772739970.028,579,1.5,79.6,0.2,9.5,0,False
1772739970.129,580,1.6,80.1,0.2,9.5,0,False
1772739970.231,581,1.6,82.7,0.2,9.5,0,False
1772739970.331,582,1.5,83.5,0.2,9.5,0,False
1772739970.430,583,1.5,80.0,0.2,9.5,0,False
1772739970.531,584,1.5,76.8,0.2,9.5,0,False
1772739970.882,585,0.8,80.1,0.3,8.5,0,False
1772739970.993,586,0.8,81.9,0.2,8.5,0,False
1772739971.100,587,1.4,80.2,0.2,8.5,0,False
1772739971.209,588,1.0,82.3,0.2,8.4,0,False
1772739971.313,589,1.3,79.9,0.3,8.4,0,False
1772739971.421,590,2.5,80.4,0.2,8.4,0,False
1772739971.525,591,1.3,81.2,0.2,8.5,0,False
1772739971.630,592,1.3,80.0,0.2,8.5,0,False
1772739971.734,593,1.4,78.3,0.3,8.5,0,False
1772739971.832,594,1.3,80.1,0.2,8.6,0,False
1772739971.930,595,1.9,80.3,0.2,8.6,0,False
1772739972.028,596,1.6,80.2,0.2,8.7,0,False
1772739972.118,597,1.5,79.3,0.2,8.7,0,False
1772739972.210,598,1.5,81.3,0.2,8.8,0,False
1772739972.300,599,1.6,79.7,0.2,8.8,0,False
1772739972.391,600,1.6,80.2,0.2,8.8,0,False
1772739972.485,601,1.1,81.7,0.2,8.9,0,False
1772739972.575,602,1.5,80.2,0.2,8.9,0,False
1772739972.666,603,1.8,80.3,0.2,8.9,0,False
1772739972.756,604,1.6,79.8,0.2,9.0,0,False
1772739972.848,605,1.5,81.5,0.2,10.2,0,False
1772739972.938,606,1.5,79.8,0.2,10.3,0,False
1772739973.028,607,1.5,79.8,0.2,10.4,1,True
1772739973.118,608,1.5,80.8,0.2,10.5,1,True
1772739973.210,609,1.5,82.1,0.3,10.5,1,True
1772739973.304,610,1.5,84.1,0.2,10.6,1,True
1772739973.394,611,1.6,80.8,0.2,10.7,1,True
1772739973.485,612,2.0,79.9,0.2,10.8,1,True
1772739973.573,613,1.6,79.5,0.2,10.9,1,True
1772739973.664,614,1.5,81.2,0.2,10.9,1,True
1772739973.753,615,1.5,79.9,0.2,11.0,1,True
1772739973.842,616,1.5,79.8,0.2,11.0,1,True
1772739973.932,617,1.5,80.2,0.2,11.0,1,True
1772739974.020,618,1.6,79.9,0.2,11.0,1,True
1772739974.109,619,1.5,80.5,0.2,11.1,1,True
1772739974.200,620,1.6,81.5,0.2,11.1,1,True
1772739974.303,621,1.6,94.9,0.2,11.0,1,True
1772739974.391,622,1.5,79.4,0.2,11.0,1,True
1772739974.484,623,1.6,83.5,0.2,11.0,1,True
1772739974.569,624,1.5,76.8,0.2,11.0,1,True
1772739974.856,625,0.9,79.4,0.2,10.0,1,True
1772739974.945,626,0.8,81.3,0.2,10.0,1,True
1772739975.033,627,1.6,79.0,0.3,10.0,1,True
1772739975.121,628,1.6,79.1,0.3,10.0,1,True
1772739975.211,629,1.5,81.3,0.2,10.0,1,True
1772739975.301,630,1.9,80.3,0.2,10.0,1,True
1772739975.391,631,1.5,80.8,0.2,10.0,1,True
1772739975.480,632,1.5,80.2,0.3,10.0,1,True
1772739975.567,633,1.5,78.1,0.2,10.0,1,True
1772739975.656,634,1.5,79.7,0.2,10.0,1,True
1772739975.745,635,1.8,80.5,0.2,10.0,1,True
1772739975.834,636,1.5,79.4,0.2,10.0,1,True
1772739975.922,637,1.6,79.1,0.2,10.0,1,True
1772739976.010,638,1.5,79.2,0.2,10.1,1,True
1772739976.098,639,1.6,78.9,0.2,10.1,1,True
1772739976.189,640,1.5,81.2,0.4,10.1,1,True
1772739976.285,641,1.5,86.5,0.2,10.1,1,True
1772739976.402,642,1.5,108.5,0.2,9.9,1,True
1772739976.520,643,1.6,108.9,0.3,9.8,1,True
1772739976.616,644,0.8,88.5,0.2,9.8,1,True
1772739976.711,645,1.6,85.3,0.2,10.8,1,True
1772739976.803,646,2.1,82.0,0.2,10.8,1,True
1772739976.894,647,1.5,81.7,0.3,10.7,1,True
1772739976.983,648,1.6,80.2,0.2,10.7,1,True
1772739977.073,649,1.6,80.5,0.2,10.7,1,True
1772739977.163,650,1.6,80.6,0.2,10.7,1,True
1772739977.256,651,1.5,84.2,0.2,10.7,1,True
1772739977.347,652,1.6,80.6,0.2,10.7,1,True
1772739977.436,653,1.6,80.0,0.2,10.7,1,True
1772739977.527,654,1.5,82.3,0.2,10.7,1,True
1772739977.616,655,1.6,79.9,0.2,10.7,1,True
1772739977.704,656,1.5,80.0,0.2,10.7,0,True
1772739977.794,657,1.7,80.7,0.2,10.7,1,True
1772739977.884,658,1.5,80.3,0.2,10.7,1,True
1772739977.975,659,1.5,82.2,0.2,10.7,1,True
1772739978.064,660,1.5,80.3,0.2,10.7,1,True
1772739978.159,661,1.5,84.4,0.2,10.7,1,True
1772739978.259,662,1.5,90.9,0.2,10.8,1,True
1772739978.349,663,1.7,80.5,0.3,10.9,1,True
1772739978.439,664,1.5,80.3,0.2,11.0,1,True
1772739978.525,665,1.6,78.4,0.2,11.0,0,True
1772739978.612,666,1.6,77.9,0.3,11.1,1,True
1772739978.868,667,0.9,80.1,0.2,10.1,1,True
1772739978.957,668,0.8,81.5,0.2,10.1,1,True
1772739979.045,669,1.6,79.0,0.3,10.1,1,True
1772739979.134,670,1.6,79.7,0.2,10.1,1,True
1772739979.225,671,1.6,82.0,0.2,10.2,1,True
1772739979.315,672,1.6,79.7,0.2,10.2,1,True
1772739979.402,673,1.5,78.5,0.2,10.2,1,True
1772739979.494,674,1.5,83.2,0.2,10.2,1,True
1772739979.583,675,1.5,79.7,0.2,10.2,1,True
1772739979.672,676,1.6,79.7,0.3,10.2,1,True
1772739979.761,677,1.6,79.7,0.3,10.2,1,True
1772739979.850,678,1.6,79.7,0.2,10.2,1,True
1772739979.940,679,1.6,81.3,0.2,10.2,1,True
1772739980.029,680,1.5,79.9,0.2,10.2,1,True
1772739980.116,681,1.6,78.0,0.2,10.2,1,True
1772739980.207,682,2.3,81.2,0.2,10.3,1,True
1772739980.295,683,1.6,79.6,0.2,10.3,1,True
1772739980.384,684,1.6,80.1,0.2,10.3,1,True
1772739980.473,685,1.6,79.4,0.2,10.3,1,True
1772739980.560,686,1.6,78.2,0.2,10.3,1,True
1772739980.650,687,1.8,80.5,0.2,11.2,1,True
1772739980.738,688,1.6,79.7,0.2,11.2,1,True
1772739980.827,689,1.6,78.5,0.2,11.2,1,True
1772739980.917,690,1.5,80.7,0.2,11.2,1,True
1772739981.006,691,1.5,80.0,0.3,11.2,1,True
1772739981.097,692,1.9,80.7,0.2,11.2,1,True
1772739981.191,693,1.5,80.7,0.4,11.2,1,True
1772739981.281,694,1.1,82.7,0.2,11.2,1,True
1772739981.371,695,1.6,80.2,0.2,11.2,1,True
1772739981.460,696,1.5,80.1,0.4,11.2,0,True
1772739981.548,697,1.5,79.6,0.2,11.2,0,True
1772739981.639,698,1.5,80.1,0.2,11.2,0,True
1772739981.732,699,1.6,79.7,0.2,11.2,0,True
1772739981.823,700,1.5,78.7,0.2,11.1,0,True
1772739981.915,701,1.8,80.5,0.2,11.1,0,True
1772739982.006,702,1.6,79.7,0.2,11.1,0,True
1772739982.098,703,1.5,81.8,0.2,11.1,0,True
1772739982.191,704,1.6,80.8,0.4,11.1,0,True
1772739982.289,705,1.4,84.8,0.3,11.0,0,True
1772739982.380,706,1.6,79.8,0.3,11.0,0,True
1772739982.472,707,1.7,80.4,0.2,11.0,0,True
1772739982.560,708,1.5,76.8,0.2,11.0,0,True
1772739982.883,709,0.9,80.0,0.2,9.7,0,True
1772739982.977,710,0.8,81.9,0.2,9.7,0,True
1772739983.073,711,1.6,82.7,0.2,9.7,0,True
1772739983.163,712,1.6,80.4,0.2,9.7,0,True
1772739983.255,713,1.6,82.1,0.2,9.7,0,True
1772739983.345,714,1.6,80.4,0.2,9.7,1,True
1772739983.437,715,2.1,81.8,0.2,9.7,1,True
1772739983.526,716,1.6,80.8,0.2,9.7,0,True
1772739983.616,717,1.6,81.9,0.2,9.7,0,True
1772739983.706,718,1.6,80.5,0.2,9.7,1,True
1772739983.796,719,1.6,80.7,0.2,9.7,1,True
1772739983.886,720,1.6,80.5,0.2,9.7,1,True
1772739983.978,721,1.6,82.5,0.2,9.7,1,True
1772739984.070,722,2.5,80.8,0.3,9.7,1,True
1772739984.158,723,1.5,79.2,0.2,9.7,1,True
1772739984.250,724,1.6,83.5,0.2,9.7,1,True
1772739984.338,725,1.5,79.7,0.2,9.8,0,True
1772739984.428,726,1.5,80.1,0.2,9.8,1,True
1772739984.523,727,3.2,83.6,0.2,9.8,1,True
1772739984.611,728,1.6,79.4,0.2,9.8,1,True
1772739984.700,729,1.4,79.2,0.2,11.0,1,True
1772739984.788,730,1.6,79.6,0.2,11.0,1,True
1772739984.878,731,1.5,80.8,0.2,11.1,1,True
1772739984.966,732,1.6,79.3,0.2,11.1,1,True
1772739985.054,733,1.5,79.9,0.2,11.1,0,True
1772739985.144,734,1.8,80.3,0.2,11.1,1,True
1772739985.234,735,1.6,81.5,0.2,11.1,0,True
1772739985.322,736,1.6,79.9,0.6,11.1,0,True
1772739985.410,737,1.6,79.0,0.2,11.1,1,True
1772739985.499,738,1.5,80.3,0.2,11.2,0,True
1772739985.589,739,1.9,80.7,0.2,11.2,1,True
1772739985.677,740,1.6,80.0,0.2,11.2,0,True
1772739985.766,741,1.6,79.7,0.3,11.2,0,True
1772739985.854,742,1.5,79.6,0.2,11.2,0,True
1772739985.942,743,1.5,79.8,0.2,11.2,0,True
1772739986.031,744,1.6,81.2,0.2,11.2,0,True
1772739986.119,745,1.6,79.5,0.2,11.2,0,True
1772739986.214,746,1.5,86.7,0.2,11.2,0,True
1772739986.303,747,1.6,79.6,0.2,11.2,0,True
1772739986.391,748,1.6,80.4,0.2,11.2,0,True
1772739986.481,749,1.8,80.4,0.3,11.2,1,True
1772739986.567,750,1.6,77.0,0.2,11.2,1,True
1772739986.889,751,0.9,80.1,0.2,9.9,0,True
1772739986.978,752,0.8,82.3,0.2,9.9,0,True
1772739987.067,753,1.6,80.2,0.3,9.9,0,True
1772739987.155,754,1.6,80.0,0.2,9.9,0,True
1772739987.246,755,1.6,83.0,0.2,9.9,0,True
1772739987.336,756,2.3,79.7,0.2,9.9,0,True
1772739987.424,757,1.6,79.8,0.2,9.9,0,True
1772739987.513,758,1.6,80.4,0.2,9.9,0,True
1772739987.601,759,1.5,79.7,0.2,9.9,0,True
1772739987.690,760,1.6,80.3,0.2,9.9,0,True
1772739987.779,761,1.9,80.4,0.2,9.9,0,True
1772739987.868,762,1.6,80.1,0.2,9.9,0,True
1772739987.957,763,1.5,80.6,0.3,9.9,0,True
1772739988.047,764,1.6,80.1,0.2,9.9,1,True
1772739988.135,765,1.5,80.6,0.2,9.9,0,True
1772739988.229,766,1.9,84.4,0.2,9.9,1,True
1772739988.318,767,1.6,79.9,0.2,9.9,1,True
1772739988.409,768,1.5,81.6,0.2,9.9,1,True
1772739988.497,769,1.6,79.9,0.2,9.9,1,True
1772739988.586,770,1.6,79.8,0.2,9.9,1,True
1772739988.676,771,1.6,80.4,0.2,11.2,1,True
1772739988.764,772,1.5,79.8,0.2,11.2,1,True
1772739988.869,773,1.5,95.3,0.2,11.1,1,True
1772739988.965,774,1.6,87.4,0.3,11.0,1,True
1772739989.055,775,1.6,80.2,0.2,11.1,1,True
1772739989.144,776,1.5,79.8,0.2,11.1,1,True
1772739989.235,777,1.5,81.2,0.2,11.0,1,True
1772739989.325,778,1.5,80.5,0.2,11.0,1,True
1772739989.415,779,1.8,80.7,0.2,11.0,1,True
1772739989.517,780,1.5,91.4,0.2,10.9,1,True
1772739989.609,781,1.5,82.8,0.2,10.9,1,True
1772739989.700,782,1.5,80.8,0.2,10.9,1,True
1772739989.791,783,1.6,80.0,0.2,10.9,1,True
1772739989.879,784,1.6,78.4,0.2,10.9,1,True
1772739989.970,785,1.5,81.4,0.2,10.9,1,True
1772739990.059,786,1.5,79.9,0.2,10.9,1,True
1772739990.149,787,1.5,79.9,0.2,10.9,1,True
1772739990.241,788,1.6,82.8,0.2,10.9,1,True
1772739990.329,789,1.6,79.8,0.3,10.9,1,True
1772739990.419,790,1.7,79.7,0.2,10.9,1,True
1772739990.508,791,1.5,79.8,0.2,10.9,1,True
1772739990.594,792,1.5,77.0,0.2,10.9,1,True
1772739990.975,793,0.9,80.0,0.2,9.5,1,True
1772739991.065,794,0.8,82.0,0.2,9.5,1,True
1772739991.154,795,1.6,80.7,0.2,9.5,1,True
1772739991.246,796,1.6,82.6,0.2,9.5,1,True
1772739991.339,797,1.6,80.3,0.3,9.5,1,True
1772739991.427,798,1.6,79.6,0.2,9.5,1,True
1772739991.517,799,1.6,79.9,0.2,9.5,1,True
1772739991.607,800,2.0,80.1,0.2,9.6,1,True
1772739991.696,801,1.6,80.2,0.2,9.6,1,True
1772739991.786,802,1.6,80.7,0.2,9.6,1,True
1772739991.874,803,1.6,79.3,0.2,9.6,1,True
1772739991.963,804,1.6,80.1,0.2,9.6,1,True
1772739992.053,805,1.8,79.5,0.2,9.6,1,True
1772739992.142,806,1.6,79.9,0.2,9.6,1,True
1772739992.239,807,1.5,87.4,0.2,9.6,1,True
1772739992.327,808,1.5,80.0,0.2,9.6,1,True
1772739992.417,809,1.6,80.5,0.3,9.6,1,True
1772739992.505,810,1.6,79.4,0.2,9.6,1,True
1772739992.599,811,2.8,83.1,0.2,9.6,1,True
1772739992.688,812,1.5,79.8,0.2,9.5,1,True
1772739992.776,813,1.6,79.3,0.2,11.1,1,True
1772739992.866,814,1.6,81.3,0.2,11.1,1,True
1772739992.955,815,1.6,79.9,0.2,11.1,1,True
1772739993.043,816,1.6,79.6,0.2,11.1,1,True
1772739993.132,817,1.6,79.5,0.2,11.2,1,True
1772739993.223,818,1.6,81.8,0.2,11.1,1,True
1772739993.313,819,2.0,80.4,0.2,11.1,1,True
1772739993.401,820,1.6,79.7,0.3,11.1,1,True
1772739993.491,821,1.5,80.1,0.2,11.1,1,True
1772739993.579,822,1.6,79.6,0.2,11.2,1,True
1772739993.668,823,1.6,79.7,0.2,11.2,1,True
1772739993.758,824,1.8,81.1,0.2,11.1,1,True
1772739993.847,825,1.6,79.7,0.2,11.2,1,True
1772739993.938,826,1.6,82.1,0.3,11.1,1,True
1772739994.026,827,1.6,79.4,0.2,11.2,1,True
1772739994.116,828,1.5,80.3,0.2,11.2,1,True
1772739994.212,829,1.8,87.0,0.2,11.1,1,True
1772739994.306,830,1.5,84.6,0.2,11.1,1,True
1772739994.396,831,1.5,80.2,0.2,11.1,2,True
1772739994.486,832,1.6,81.3,0.2,11.1,1,True
1772739994.573,833,2.2,76.8,0.2,11.1,1,True
1772739994.659,834,1.6,77.2,0.2,11.2,2,True
1772739994.912,835,0.8,79.7,0.2,10.2,1,True
1772739995.001,836,0.8,81.3,0.2,10.2,1,True
1772739995.089,837,1.6,78.4,0.3,10.2,1,True
1772739995.177,838,1.3,79.9,0.2,10.2,1,True
1772739995.269,839,2.2,82.1,0.3,10.2,1,True
1772739995.359,840,1.7,79.4,0.2,10.2,1,True
1772739995.452,841,1.5,82.2,0.2,10.2,1,True
1772739995.542,842,1.9,80.3,0.2,10.2,1,True
1772739995.631,843,1.6,79.7,0.2,10.2,1,True
1772739995.720,844,1.5,79.6,0.3,10.2,1,True
1772739995.809,845,1.6,79.6,0.2,10.2,1,True
1772739995.897,846,1.6,79.9,0.3,10.2,1,True
1772739995.987,847,2.1,80.2,0.2,10.2,1,True
1772739996.075,848,1.5,79.5,0.2,10.2,1,True
1772739996.165,849,1.5,79.6,0.2,10.2,1,True
1772739996.255,850,1.6,80.8,0.2,10.3,1,True
1772739996.343,851,1.6,79.5,0.2,10.3,1,True
1772739996.433,852,1.9,80.6,0.2,10.3,1,True
1772739996.521,853,1.6,79.7,0.2,10.3,0,True
1772739996.610,854,1.5,79.9,0.3,10.3,1,True
1772739996.697,855,1.6,78.3,0.2,11.2,1,True
1772739996.785,856,1.6,79.3,0.2,11.2,1,True
1772739996.875,857,1.6,81.0,0.2,11.2,1,True
1772739996.964,858,1.6,79.7,0.2,11.2,1,True
1772739997.052,859,1.5,79.1,0.2,11.2,1,True
1772739997.141,860,1.6,79.6,0.2,11.2,1,True
1772739997.232,861,1.6,81.9,0.2,11.2,0,True
1772739997.321,862,1.6,80.7,0.2,11.2,0,True
1772739997.410,863,1.6,79.4,0.2,11.2,0,True
1772739997.498,864,1.6,79.5,0.2,11.2,0,True
1772739997.587,865,2.0,80.2,0.2,11.2,0,True
1772739997.674,866,1.5,78.1,0.2,11.3,0,True
1772739997.764,867,1.6,80.2,0.2,11.3,0,True
1772739997.853,868,1.5,79.5,0.2,11.3,1,True
1772739997.942,869,1.6,80.0,0.2,11.3,0,True
1772739998.032,870,2.0,79.7,0.2,11.3,1,True
1772739998.122,871,1.5,80.7,0.2,11.2,0,True
1772739998.215,872,1.5,83.8,0.2,11.2,1,True
1772739998.307,873,1.5,83.3,0.2,11.2,0,True
1772739998.398,874,1.5,82.2,0.2,11.2,0,True
1772739998.486,875,1.6,78.6,0.2,11.2,1,True
1772739998.572,876,1.5,78.0,0.2,11.2,0,True
1772739998.658,877,1.6,77.4,0.2,11.2,0,True
1772739998.924,878,0.8,79.8,0.2,10.2,0,True
1772739999.015,879,0.8,81.4,0.2,10.2,0,True
1772739999.107,880,1.5,80.8,0.2,10.2,0,True
1772739999.207,881,1.6,87.2,0.2,10.1,0,True
1772739999.303,882,1.7,79.3,0.2,10.1,0,True
1772739999.398,883,1.5,79.7,0.2,10.1,0,True
1772739999.498,884,1.5,86.9,0.2,10.0,0,True
1772739999.595,885,1.5,80.4,0.2,10.0,0,True
1772739999.689,886,1.5,79.4,0.2,9.9,0,True
1772739999.783,887,1.6,79.1,0.2,9.9,0,True
1772739999.877,888,1.5,79.3,0.2,9.9,0,True
1772739999.974,889,1.6,79.0,0.2,9.8,0,True
1772740000.069,890,1.5,79.6,0.2,9.8,0,True
1772740000.162,891,1.5,79.1,0.2,9.8,0,True
1772740000.264,892,1.5,87.4,0.2,9.8,0,True
1772740000.358,893,1.5,78.6,0.2,9.7,0,True
1772740000.450,894,1.8,79.9,0.2,9.7,0,True
1772740000.538,895,1.6,79.0,0.2,9.7,0,True
1772740000.627,896,1.6,80.6,0.2,9.7,0,True
1772740000.723,897,1.6,79.6,0.2,9.7,0,True
1772740000.833,898,1.5,80.7,0.2,10.5,0,True
1772740000.944,899,1.4,80.9,0.2,10.4,0,True
1772740001.053,900,1.3,80.2,0.4,10.3,0,True
1772740001.168,901,0.8,84.4,0.2,10.2,0,True
1772740001.282,902,1.0,82.6,0.2,10.1,0,True
1772740001.394,903,1.8,80.7,0.2,10.0,0,True
1772740001.505,904,1.0,81.8,0.2,10.0,0,True
1772740001.614,905,1.8,81.0,0.2,9.9,0,False
1772740001.728,906,1.4,81.1,0.2,9.8,0,False
1772740001.838,907,0.8,85.1,0.2,9.7,0,False
1772740001.949,908,1.3,81.7,0.2,9.7,0,False
1772740002.061,909,1.4,80.8,0.2,9.6,0,False
1772740002.173,910,0.7,83.5,0.2,9.5,0,False
1772740002.286,911,1.4,102.3,0.2,9.4,0,False
1772740002.377,912,1.7,80.6,0.2,9.5,0,False
1772740002.476,913,1.6,79.5,0.2,9.4,0,False
1772740002.582,914,1.5,78.1,0.2,9.4,0,False
1772740002.686,915,0.8,79.4,0.3,9.3,0,False
1772740002.968,916,0.9,79.6,0.3,8.5,0,False
1772740003.082,917,0.8,82.0,0.3,8.5,0,False
1772740003.190,918,0.8,81.9,0.2,8.5,0,False
1772740003.296,919,1.4,79.7,0.2,8.5,0,False
1772740003.402,920,1.3,79.9,0.2,8.5,0,False
1772740003.506,921,1.1,82.0,0.2,8.6,0,False
1772740003.595,922,1.3,80.2,0.3,8.6,0,False
1772740003.683,923,1.5,79.7,0.2,8.7,0,False
1772740003.771,924,1.5,79.8,0.2,8.8,0,False
1772740003.860,925,2.0,80.6,0.2,8.9,0,False
1772740003.948,926,1.6,79.9,0.2,9.0,0,False
1772740004.038,927,1.6,80.2,0.2,9.1,0,False
1772740004.126,928,1.6,79.5,0.2,9.2,0,False
1772740004.226,929,1.6,86.5,0.3,9.2,0,False
1772740004.326,930,1.6,79.7,0.2,9.3,0,False
1772740004.430,931,1.5,83.5,0.2,9.3,0,False
1772740004.545,932,1.6,93.0,0.2,9.2,0,False
1772740004.642,933,1.6,81.4,0.5,9.2,0,False
1772740004.734,934,1.5,80.2,0.2,9.3,0,False
1772740004.823,935,1.6,80.7,0.2,9.4,0,False
1772740004.912,936,1.5,79.4,0.2,10.3,0,False
1772740005.002,937,1.6,79.6,0.2,10.4,0,False
1772740005.095,938,1.5,79.9,0.2,10.5,0,False
1772740005.184,939,1.6,79.8,0.2,10.6,0,False
1772740005.275,940,2.0,81.3,0.2,10.7,0,False
1772740005.364,941,1.5,79.6,0.2,10.8,0,False
1772740005.455,942,1.6,81.0,0.2,10.8,0,False
1772740005.544,943,1.5,79.3,0.2,10.7,0,False
1772740005.633,944,1.5,79.3,0.2,10.7,0,False
1772740005.724,945,1.6,79.6,0.2,10.7,0,False
1772740005.817,946,1.2,79.8,0.2,10.7,0,False
1772740005.910,947,1.4,80.8,0.2,10.7,0,False
1772740006.003,948,1.2,79.9,0.2,10.7,0,False
1772740006.097,949,1.2,79.6,0.2,10.7,0,False
1772740006.191,950,1.6,79.9,0.3,10.7,0,False
1772740006.284,951,1.2,79.9,0.2,10.8,0,False
1772740006.377,952,1.6,80.2,0.2,10.9,0,False
1772740006.469,953,1.2,79.5,0.2,10.9,0,False
1772740006.562,954,1.3,79.7,0.2,10.9,0,False
1772740006.651,955,1.5,76.9,0.2,10.9,0,False
1772740006.950,956,0.8,79.8,0.2,9.8,0,False
1772740007.047,957,0.8,81.5,0.2,9.8,0,False
1772740007.139,958,1.6,79.4,0.2,9.8,0,False
1772740007.233,959,1.5,81.7,0.3,9.8,0,False
1772740007.325,960,1.5,79.7,0.2,9.8,0,False
1772740007.421,961,1.6,82.0,0.2,9.7,0,False
1772740007.513,962,1.5,79.2,0.3,9.7,0,False
1772740007.604,963,1.5,79.3,0.2,9.7,0,False
1772740007.696,964,1.5,79.6,0.2,9.7,0,False
1772740007.786,965,1.5,78.3,0.2,9.7,0,False
1772740007.879,966,1.6,79.3,0.2,9.7,0,False
1772740007.974,967,1.6,80.1,0.2,9.7,0,False
1772740008.068,968,1.5,79.6,0.2,9.7,0,False
1772740008.162,969,1.5,79.7,0.2,9.7,0,False
1772740008.257,970,1.6,80.4,0.2,9.7,0,False
1772740008.354,971,1.6,80.0,0.2,9.7,0,False
1772740008.453,972,1.5,79.6,0.2,9.6,0,False
1772740008.550,973,2.3,78.6,0.2,9.6,0,False
1772740008.648,974,1.5,79.8,0.2,9.6,0,False
1772740008.749,975,1.5,78.7,0.2,9.5,0,False
1772740008.848,976,1.7,81.0,0.2,10.5,0,False
1772740008.947,977,1.6,79.9,0.2,10.5,0,False
1772740009.059,978,1.6,92.1,0.2,10.4,0,False
1772740009.163,979,0.8,85.1,0.2,10.4,0,False
1772740009.270,980,0.8,86.4,0.3,10.3,0,False
1772740009.375,981,2.2,85.0,0.2,10.2,0,False
1772740009.483,982,0.8,87.1,0.2,10.1,0,False
1772740009.596,983,1.5,91.7,0.2,10.0,0,False
1772740009.694,984,0.8,87.4,0.2,10.0,0,False
1772740009.805,985,0.8,100.4,0.2,9.9,0,False
1772740009.893,986,1.6,78.5,0.2,9.9,0,False
1772740009.982,987,1.6,79.6,0.2,10.0,0,False
1772740010.071,988,1.6,80.0,0.2,10.0,0,False
1772740010.160,989,1.5,79.9,0.2,10.0,0,False
1772740010.252,990,1.8,81.7,0.2,10.0,0,False
1772740010.344,991,1.5,81.9,0.2,10.0,0,False
1772740010.439,992,1.9,84.4,0.2,10.1,0,False
1772740010.531,993,0.8,82.8,0.2,10.1,0,False
1772740010.627,994,1.2,85.1,0.2,10.1,0,False
1772740010.723,995,0.8,85.6,0.2,10.1,0,False
1772740010.819,996,0.8,85.6,0.2,10.1,0,False
1772740010.917,997,1.6,86.0,0.3,10.2,0,False
1772740011.010,998,0.8,83.1,0.2,10.2,0,False
1772740011.104,999,1.5,80.1,0.2,10.3,0,False
1772740011.201,1000,1.6,82.3,0.2,10.4,0,False
1772740011.295,1001,2.0,80.0,0.2,10.4,0,False
1772740011.396,1002,1.6,79.7,0.2,10.5,0,False
1772740011.493,1003,1.6,78.7,0.2,10.5,0,False
1772740011.590,1004,1.6,80.7,0.2,10.6,0,False
1772740011.684,1005,1.6,81.0,0.2,10.6,0,False
1772740011.781,1006,1.3,84.8,0.3,10.6,0,False
1772740011.879,1007,0.8,84.3,0.2,10.5,0,False
1772740012.003,1008,0.8,96.4,0.2,10.4,0,False
1772740012.118,1009,1.3,83.5,0.2,10.2,0,False
1772740012.227,1010,1.4,81.2,0.2,10.1,0,False
1772740012.336,1011,1.4,84.3,0.2,10.0,0,False
1772740012.441,1012,1.3,82.5,0.2,10.0,0,False
1772740012.547,1013,0.8,85.0,0.2,9.9,0,False
1772740012.657,1014,0.8,84.4,0.2,9.9,0,False
1772740012.766,1015,0.7,85.1,0.2,9.8,0,False
1772740012.880,1016,0.8,91.3,0.2,9.7,0,False
1772740012.989,1017,0.8,84.2,0.2,9.6,0,False
1772740013.094,1018,0.7,83.4,0.2,9.6,0,False
1772740013.199,1019,1.0,83.5,0.2,9.5,0,False
1772740013.306,1020,1.4,80.2,0.3,9.5,0,False
1772740013.414,1021,0.8,83.3,0.2,9.4,0,False
1772740013.521,1022,1.4,82.5,0.3,9.4,0,False
1772740013.631,1023,1.4,83.2,0.2,9.4,0,False
1772740013.740,1024,0.8,83.8,0.2,9.3,0,False
1772740013.847,1025,1.4,81.6,0.2,9.2,0,False
1772740013.956,1026,1.3,81.4,0.3,9.2,0,False
1772740014.067,1027,0.8,84.7,0.2,9.1,0,False
1772740014.176,1028,0.8,83.9,0.2,9.2,0,False
1772740014.275,1029,0.8,84.2,0.2,9.3,0,False
1772740014.369,1030,0.8,84.6,0.4,9.3,0,False
1772740014.471,1031,0.9,85.3,0.3,9.4,0,False
1772740014.586,1032,1.6,83.6,0.2,9.3,0,False
1772740014.695,1033,1.2,81.6,0.2,9.3,0,False
1772740014.993,1034,0.9,80.5,0.2,8.6,0,False
1772740015.104,1035,0.8,84.1,0.2,8.6,0,False
1772740015.212,1036,1.4,84.7,0.2,8.6,0,False
1772740015.319,1037,2.2,80.0,0.2,8.6,0,False
1772740015.429,1038,1.3,83.5,0.2,8.6,0,False
1772740015.543,1039,0.8,87.8,0.2,8.5,0,False
1772740015.657,1040,0.8,85.7,0.2,8.5,0,False
1772740015.769,1041,1.1,85.1,0.2,8.5,0,False
1772740015.881,1042,1.3,83.8,0.3,8.5,0,False
1772740015.990,1043,1.4,81.4,0.2,8.5,0,False
1772740016.096,1044,2.0,80.1,0.2,8.5,0,False
1772740016.202,1045,1.3,79.8,0.2,8.5,0,False
1772740016.315,1046,1.4,79.8,0.2,8.5,0,False
1772740016.427,1047,0.8,85.4,0.4,8.5,0,False
1772740016.538,1048,0.8,85.6,0.4,8.5,0,False
1772740016.650,1049,1.3,86.4,0.2,8.4,0,False
1772740016.763,1050,0.8,87.3,0.2,8.4,0,False
1772740016.884,1051,0.7,92.2,0.2,8.3,0,False
1772740016.999,1052,1.5,86.5,0.3,8.3,0,False
1772740017.111,1053,0.8,85.3,0.2,8.3,0,False
1772740017.230,1054,0.9,92.3,0.3,8.9,0,False
1772740017.337,1055,1.4,80.6,0.2,9.0,0,False
1772740017.453,1056,0.7,84.7,0.2,8.9,0,False
1772740017.562,1057,1.2,81.6,0.2,8.9,0,False
1772740017.670,1058,1.0,81.7,0.2,8.9,0,False
1772740017.777,1059,1.1,81.3,0.2,8.9,0,False
1772740017.887,1060,1.1,81.8,0.2,9.0,0,False
1772740018.002,1061,2.0,82.7,0.2,9.0,0,False
1772740018.112,1062,0.8,82.9,0.3,9.0,0,False
1772740018.226,1063,1.2,85.7,0.2,8.9,0,False
1772740018.342,1064,1.0,86.6,0.2,8.9,0,False
1772740018.459,1065,1.1,82.6,0.3,8.9,0,False
1772740018.570,1066,1.1,82.5,0.2,8.9,0,False
1772740018.678,1067,1.1,83.0,0.2,8.9,0,False
1772740018.778,1068,1.1,82.6,0.2,8.9,1,True
1772740018.873,1069,1.0,82.3,0.2,9.0,1,True
1772740018.964,1070,1.6,80.8,0.3,9.1,1,True
1772740019.058,1071,1.0,82.2,0.3,9.2,1,True
1772740019.149,1072,1.1,80.7,0.2,9.3,0,True
1772740019.244,1073,1.0,83.9,0.2,9.4,0,True
1772740019.335,1074,1.2,81.0,0.2,9.5,0,True
1772740019.427,1075,1.0,81.5,0.2,9.6,0,True
1772740019.522,1076,1.1,85.9,0.2,9.7,0,True
1772740019.613,1077,1.6,80.5,0.2,9.7,1,True
1772740019.706,1078,1.1,82.0,0.2,9.8,1,True
1772740019.800,1079,1.0,82.1,0.2,9.9,1,True
1772740019.893,1080,1.1,82.6,0.2,10.0,1,True
1772740019.991,1081,1.3,84.0,0.2,10.1,1,True
1772740020.084,1082,1.1,82.5,0.3,10.1,1,True
1772740020.176,1083,1.1,80.8,0.2,10.3,1,True
1772740020.270,1084,1.1,82.8,0.4,10.4,1,True
1772740020.361,1085,1.6,80.1,0.2,10.5,1,True
1772740020.455,1086,1.1,82.9,0.2,10.6,1,True
1772740020.546,1087,1.5,80.1,0.2,10.7,0,True
1772740020.638,1088,1.6,81.3,0.2,10.8,0,True
1772740020.731,1089,1.4,82.2,0.2,10.8,0,True
1772740020.824,1090,1.2,82.3,0.2,10.8,0,True
1772740020.918,1091,1.3,82.0,0.2,10.8,1,True
1772740021.011,1092,1.1,81.7,0.2,10.7,0,True
1772740021.102,1093,1.6,80.2,0.2,10.8,0,True
1772740021.205,1094,1.5,91.9,0.2,10.7,0,True
1772740021.298,1095,1.5,79.8,0.2,10.7,0,True
1772740021.404,1096,1.2,82.6,0.2,10.6,0,True
1772740021.516,1097,1.0,82.5,0.2,10.5,0,True
1772740021.626,1098,1.2,82.9,0.5,10.4,0,True
1772740021.732,1099,1.4,80.5,0.2,10.4,0,True
1772740021.840,1100,1.2,82.2,0.2,10.3,0,True
1772740021.945,1101,1.1,81.4,0.2,10.2,0,True
1772740022.052,1102,1.2,81.6,0.2,10.2,0,True
1772740022.160,1103,1.2,80.8,0.2,10.1,0,True
1772740022.268,1104,1.3,83.9,0.2,10.0,0,True
1772740022.373,1105,1.4,81.4,0.2,9.9,0,True
1772740022.480,1106,1.2,83.0,0.2,9.9,0,True
1772740022.582,1107,1.3,80.3,0.2,9.8,0,True
1772740022.685,1108,1.2,79.4,0.2,9.8,0,True
1772740023.014,1109,0.9,80.3,0.3,8.8,0,True
1772740023.120,1110,1.1,80.4,0.2,8.7,0,True
1772740023.227,1111,1.9,86.6,0.2,8.7,0,True
1772740023.335,1112,1.2,83.2,0.2,8.6,0,True
1772740023.447,1113,1.1,84.2,0.2,8.5,0,True
1772740023.555,1114,1.2,82.1,0.2,8.5,0,True
1772740023.658,1115,1.4,80.3,0.2,8.5,0,True
1772740023.760,1116,1.4,80.6,0.2,8.5,0,True
1772740023.867,1117,1.1,82.3,0.2,8.5,0,True
1772740023.976,1118,1.3,81.4,0.2,8.5,0,True
1772740024.074,1119,2.1,80.1,0.2,8.5,0,True
1772740024.171,1120,1.1,82.7,0.2,8.6,0,True
1772740024.282,1121,1.5,96.2,0.2,8.6,0,False
1772740024.375,1122,1.5,79.5,0.2,8.6,0,False
1772740024.486,1123,1.1,93.8,0.2,8.6,0,False
1772740024.587,1124,1.3,82.4,0.2,8.6,0,False
1772740024.684,1125,1.2,81.5,0.2,8.7,0,False
1772740024.785,1126,1.2,81.2,0.2,8.7,0,False
1772740024.884,1127,1.2,80.6,0.2,8.7,0,False
1772740024.985,1128,1.1,81.2,0.2,8.7,0,False
1772740025.086,1129,1.2,80.5,0.2,9.7,0,False
1772740025.189,1130,1.2,84.0,0.2,9.7,0,False
1772740025.302,1131,1.3,95.0,0.3,9.6,0,False
1772740025.401,1132,1.2,81.0,0.2,9.7,0,False
1772740025.501,1133,1.1,81.4,0.2,9.7,0,False
1772740025.602,1134,1.2,81.1,0.2,9.8,0,False
1772740025.700,1135,1.2,82.8,0.2,9.8,1,True
1772740025.800,1136,1.2,81.6,0.2,9.8,0,True
1772740025.902,1137,1.8,81.5,0.2,9.8,1,True
1772740025.998,1138,1.5,79.1,0.3,9.9,1,True
1772740026.104,1139,1.1,88.0,0.2,9.8,1,True
1772740026.203,1140,1.6,82.2,0.2,9.8,0,True
1772740026.310,1141,1.7,87.1,0.2,9.9,0,True
1772740026.409,1142,1.6,81.9,0.3,9.8,0,True
1772740026.508,1143,1.2,81.7,0.2,9.9,0,True
1772740026.605,1144,1.2,81.3,0.2,9.9,0,True
1772740026.704,1145,1.1,82.7,0.2,9.9,1,True
1772740026.801,1146,1.1,81.4,0.2,9.9,0,True
1772740026.901,1147,1.1,82.6,0.2,9.9,0,True
1772740026.996,1148,1.5,79.8,0.2,9.9,0,True
1772740027.093,1149,1.1,81.4,0.2,10.0,0,True
1772740027.204,1150,1.2,95.8,0.2,9.9,0,True
1772740027.302,1151,1.2,82.5,0.2,10.0,0,True
1772740027.398,1152,1.5,80.6,0.2,10.0,0,True
1772740027.498,1153,1.1,82.4,0.3,10.0,1,True
1772740027.594,1154,1.6,81.9,0.2,10.0,1,True
1772740027.693,1155,1.1,82.7,0.2,10.0,1,True
1772740027.792,1156,1.2,82.5,0.3,10.0,1,True
1772740027.891,1157,1.1,83.5,0.5,10.1,0,True
1772740027.989,1158,1.1,82.7,0.2,10.0,0,True
1772740028.095,1159,1.1,88.2,0.2,10.0,1,True
1772740028.198,1160,1.1,85.4,0.4,10.0,0,True
1772740028.297,1161,1.1,81.4,0.2,10.1,0,True
1772740028.396,1162,1.1,82.6,0.2,10.1,0,True
1772740028.496,1163,1.4,82.5,0.2,10.1,0,True
1772740028.593,1164,1.1,82.8,0.3,10.1,0,True
1772740028.689,1165,1.7,80.5,0.2,10.1,0,True
1772740028.788,1166,1.1,83.9,0.2,10.1,0,True
1772740028.886,1167,1.1,82.5,0.2,10.1,0,True
1772740028.982,1168,1.1,80.8,0.2,10.1,1,True
1772740029.078,1169,1.1,83.7,0.2,10.1,0,True
1772740029.174,1170,1.2,82.3,0.3,10.2,1,True
1772740029.284,1171,1.3,96.3,0.2,10.1,0,True
1772740029.380,1172,1.9,81.6,0.2,10.1,1,True
1772740029.474,1173,1.6,83.0,0.2,10.1,0,True
1772740029.567,1174,2.4,79.7,0.2,10.1,0,True
1772740029.661,1175,1.1,81.4,0.2,10.2,0,True
1772740029.754,1176,1.2,80.9,0.2,10.2,0,True
1772740029.851,1177,1.1,85.4,0.2,10.2,0,True
1772740029.941,1178,1.6,79.6,0.2,10.2,1,True
1772740030.033,1179,1.1,81.7,0.2,10.3,0,True
1772740030.125,1180,1.5,80.6,0.2,10.4,0,True
1772740030.220,1181,1.2,83.6,0.2,10.4,1,True
1772740030.322,1182,1.5,91.1,0.3,10.4,1,True
1772740030.413,1183,1.6,81.1,0.2,10.4,1,True
1772740030.503,1184,1.6,79.8,0.2,10.5,1,True
1772740030.598,1185,1.1,84.6,0.2,10.5,1,True
1772740030.687,1186,1.2,78.3,0.2,10.5,1,True
1772740031.012,1187,0.9,80.0,0.2,9.4,1,True
1772740031.104,1188,1.1,82.6,0.2,9.4,1,True
1772740031.202,1189,1.3,86.8,0.3,9.4,0,True
1772740031.297,1190,0.9,84.2,0.2,9.4,0,True
1772740031.399,1191,1.5,89.9,0.2,9.5,1,True
1772740031.495,1192,1.1,86.0,0.2,9.5,0,True
1772740031.587,1193,1.1,82.2,0.2,9.5,0,True
1772740031.681,1194,1.4,84.2,0.2,9.5,0,True
1772740031.772,1195,1.3,81.9,0.2,9.5,0,True
1772740031.866,1196,1.3,84.2,0.2,9.5,0,True
1772740031.958,1197,1.2,82.3,0.2,9.5,0,True
1772740032.052,1198,1.5,83.6,0.2,9.5,0,True
1772740032.144,1199,1.2,82.4,0.2,9.5,0,True
1772740032.241,1200,1.4,87.0,0.2,9.5,0,True
1772740032.334,1201,1.6,83.8,0.2,9.5,0,True
1772740032.427,1202,1.7,82.3,0.2,9.5,0,True
1772740032.518,1203,1.6,80.8,0.2,9.5,1,True
1772740032.617,1204,1.4,88.2,0.2,9.5,1,True
1772740032.710,1205,1.2,81.7,0.2,9.5,0,True
1772740032.802,1206,1.0,81.7,0.2,9.5,0,True
1772740032.892,1207,1.1,80.8,0.2,10.6,0,True
1772740032.985,1208,1.1,81.7,0.2,10.6,0,True
1772740033.079,1209,1.2,84.2,0.2,10.7,0,True
1772740033.172,1210,1.3,82.4,0.2,10.7,0,True
1772740033.265,1211,1.1,82.8,0.2,10.7,0,True
1772740033.355,1212,1.6,79.9,0.2,10.8,0,True
1772740033.447,1213,1.1,82.0,0.2,10.8,0,True
1772740033.546,1214,1.6,88.6,0.2,10.7,0,True
1772740033.649,1215,1.2,92.9,0.2,10.7,0,True
1772740033.749,1216,1.2,89.3,0.2,10.6,0,True
1772740033.846,1217,0.9,85.9,0.2,10.6,0,True
1772740033.939,1218,1.2,82.1,0.3,10.6,0,True
1772740034.031,1219,1.1,81.4,0.2,10.6,0,True
1772740034.124,1220,1.2,82.2,0.2,10.6,0,True
1772740034.218,1221,1.2,83.3,0.2,10.6,0,True
1772740034.311,1222,1.2,81.5,0.2,10.6,0,True
1772740034.403,1223,1.1,81.0,0.3,10.6,0,True
1772740034.503,1224,1.2,89.8,0.2,10.6,0,True
1772740034.594,1225,1.2,81.1,0.2,10.6,0,True
1772740034.688,1226,1.2,82.9,0.2,10.6,0,True
1772740034.781,1227,1.1,81.6,0.2,10.6,0,True
1772740034.878,1228,1.5,82.6,0.3,10.6,0,True
1772740034.983,1229,1.1,81.6,0.2,10.5,0,True
1772740035.081,1230,1.0,82.3,0.2,10.5,0,True
1772740035.187,1231,1.1,85.7,0.2,10.4,0,True
1772740035.293,1232,1.5,84.2,0.2,10.3,0,True
1772740035.394,1233,1.2,81.3,0.3,10.3,0,True
1772740035.487,1234,1.2,81.2,0.2,10.3,1,True
1772740035.582,1235,1.6,82.0,0.2,10.3,0,True
1772740035.674,1236,1.3,81.4,0.2,10.4,1,True
1772740035.766,1237,1.3,81.7,0.3,10.4,1,True
1772740035.857,1238,1.1,80.8,0.2,10.4,1,True
1772740035.953,1239,1.3,82.7,0.2,10.4,0,True
1772740036.056,1240,1.3,81.8,0.2,10.4,0,True
1772740036.167,1241,1.2,82.4,0.2,10.3,0,True
1772740036.264,1242,1.2,85.0,0.2,10.2,0,True
1772740036.358,1243,1.2,82.9,0.2,10.2,0,True
1772740036.450,1244,1.1,81.6,0.3,10.3,0,True
1772740036.543,1245,1.3,83.3,0.2,10.3,0,True
1772740036.635,1246,1.3,81.8,0.2,10.3,0,True
1772740036.728,1247,1.3,82.8,0.2,10.3,0,True
1772740036.821,1248,1.1,82.1,0.2,10.3,0,True
1772740036.914,1249,1.1,83.2,0.2,10.4,0,True
1772740037.017,1250,1.5,83.4,0.2,10.3,0,True
1772740037.108,1251,1.6,79.7,0.2,10.4,0,True
1772740037.204,1252,1.1,83.7,0.2,10.5,0,True
1772740037.297,1253,1.2,81.4,0.2,10.5,0,True
1772740037.389,1254,1.1,80.8,0.2,10.5,0,True
1772740037.482,1255,1.1,81.5,0.2,10.5,0,True
1772740037.572,1256,1.5,80.0,0.2,10.5,0,True
1772740037.662,1257,1.5,79.8,0.3,10.6,0,True
1772740037.751,1258,1.6,79.4,0.2,10.6,0,True
1772740037.851,1259,1.1,88.9,0.2,10.5,0,True
1772740037.949,1260,2.4,84.8,0.3,10.6,0,True
1772740038.043,1261,1.5,82.8,0.2,10.7,0,True
1772740038.137,1262,1.3,82.1,0.3,10.7,0,True
1772740038.231,1263,1.2,83.5,0.2,10.7,0,True
1772740038.326,1264,1.2,83.5,0.2,10.7,0,True
1772740038.419,1265,1.2,81.2,0.2,10.7,0,True
1772740038.514,1266,1.2,83.1,0.2,10.6,0,True
1772740038.615,1267,1.1,81.2,0.2,10.6,0,True
1772740038.716,1268,1.2,78.9,0.2,10.6,0,False
1772740039.055,1269,0.9,80.1,0.3,9.3,0,False
1772740039.170,1270,1.4,82.1,0.2,9.3,0,False
1772740039.285,1271,1.3,81.1,0.2,9.2,0,False
1772740039.400,1272,1.1,80.6,0.2,9.1,0,False
1772740039.544,1273,0.8,108.4,0.2,8.9,0,False
1772740039.655,1274,1.2,83.2,0.3,8.8,0,False
1772740039.762,1275,1.1,86.8,0.2,8.8,0,False
1772740039.864,1276,1.0,81.5,0.2,8.7,0,False
1772740039.970,1277,2.2,82.8,0.2,8.7,0,False
1772740040.068,1278,1.6,80.0,0.2,8.6,0,False
1772740040.164,1279,1.6,79.2,0.2,8.6,0,False
1772740040.265,1280,1.1,85.8,0.2,8.6,0,False
1772740040.377,1281,1.2,93.0,0.2,8.6,0,False
1772740040.477,1282,0.9,82.0,0.2,8.5,0,False
1772740040.577,1283,1.1,81.7,0.2,8.5,0,False
1772740040.683,1284,0.8,82.5,0.2,8.5,0,False
1772740040.782,1285,1.3,81.1,0.2,8.5,0,False
1772740040.881,1286,1.1,81.9,0.3,8.5,0,False
1772740040.987,1287,1.5,82.3,0.2,8.4,0,False
1772740041.088,1288,1.2,83.2,0.3,8.4,0,False
1772740041.189,1289,1.1,82.2,0.3,9.4,0,False
1772740041.285,1290,1.1,81.7,0.2,9.5,0,False
1772740041.396,1291,0.8,87.3,0.2,9.5,0,False
1772740041.494,1292,1.2,82.3,0.2,9.6,0,False
1772740041.589,1293,1.1,81.9,0.2,9.8,0,False
1772740041.686,1294,1.1,81.6,0.2,9.8,0,False
1772740041.794,1295,1.2,80.7,0.2,9.8,0,False
1772740041.908,1296,1.1,83.8,0.2,9.8,0,False
1772740042.016,1297,1.1,82.6,0.2,9.8,0,False
1772740042.121,1298,1.0,82.0,0.2,9.7,0,False
1772740042.242,1299,1.0,90.9,0.5,9.6,0,False
1772740042.360,1300,1.2,83.5,0.2,9.5,0,False
1772740042.478,1301,1.7,82.0,0.2,9.5,0,False
1772740042.596,1302,1.0,81.8,0.3,9.4,0,False
1772740042.696,1303,1.0,81.6,0.2,9.4,0,False
1772740042.791,1304,1.2,81.2,0.2,9.5,0,False
1772740042.894,1305,0.8,87.0,0.2,9.5,0,False
1772740042.998,1306,1.1,86.1,0.2,9.4,0,False
1772740043.094,1307,1.1,81.5,0.2,9.5,0,False
1772740043.194,1308,1.1,84.5,0.4,9.5,0,False
1772740043.290,1309,1.1,82.5,0.2,9.5,0,False
1772740043.386,1310,1.1,82.0,0.2,9.5,0,False
1772740043.501,1311,1.1,101.0,0.2,9.5,0,False
1772740043.601,1312,1.1,89.4,0.2,9.5,0,False
1772740043.694,1313,1.6,80.9,0.2,9.5,0,False
1772740043.793,1314,0.8,82.8,0.2,9.5,0,False
1772740043.893,1315,0.8,84.9,0.5,9.5,0,False
1772740043.992,1316,0.8,84.0,0.2,9.6,0,False
1772740044.084,1317,1.5,82.5,0.2,9.7,0,False
1772740044.176,1318,1.2,81.6,0.2,9.7,0,False
1772740044.270,1319,1.1,83.9,0.2,9.9,0,False
1772740044.362,1320,1.2,81.7,0.3,10.0,0,False
1772740044.463,1321,1.1,87.9,0.2,10.1,0,False
1772740044.566,1322,1.3,90.3,0.2,10.2,0,False
1772740044.659,1323,1.2,82.0,0.2,10.2,0,False
1772740044.752,1324,1.1,83.2,0.2,10.2,0,False
1772740044.850,1325,1.1,87.7,0.2,10.2,0,False
1772740044.945,1326,1.5,83.0,0.2,10.3,0,False
1772740045.037,1327,1.1,82.0,0.2,10.3,0,False
1772740045.130,1328,1.0,81.8,0.2,10.3,0,False
1772740045.224,1329,1.1,84.4,0.2,10.3,0,False
1772740045.317,1330,1.2,81.6,0.2,10.4,0,False
1772740045.408,1331,1.1,81.8,0.2,10.5,0,False
1772740045.500,1332,1.0,81.0,0.2,10.5,0,False
1772740045.592,1333,1.1,81.4,0.2,10.5,0,False
1772740045.684,1334,1.0,80.8,0.2,10.6,0,False
1772740045.775,1335,1.1,81.3,0.2,10.6,0,False
1772740045.867,1336,1.5,81.6,0.2,10.7,0,False
1772740045.956,1337,1.6,79.5,0.2,10.7,0,False
1772740046.050,1338,1.2,84.2,0.3,10.7,0,False
1772740046.141,1339,1.2,81.3,0.2,10.7,0,False
1772740046.235,1340,1.2,83.3,0.2,10.7,0,False
1772740046.325,1341,1.2,79.9,0.2,10.7,0,False
1772740046.415,1342,1.3,80.0,0.2,10.8,0,False
1772740046.507,1343,0.9,81.0,0.2,10.8,0,False
1772740046.596,1344,1.6,79.8,0.2,10.8,0,False
1772740046.687,1345,1.2,79.5,0.2,10.9,0,False
1772740046.775,1346,1.1,77.9,0.2,10.9,0,False
1772740047.055,1347,0.9,79.5,0.2,9.9,0,False
1772740047.147,1348,1.2,81.5,0.3,9.9,0,False
1772740047.241,1349,1.2,84.7,0.2,9.9,0,False
1772740047.336,1350,1.1,81.9,0.2,9.9,0,False
1772740047.430,1351,0.9,81.3,0.3,9.9,0,False
1772740047.519,1352,1.5,79.4,0.2,9.9,0,False
1772740047.612,1353,1.1,82.9,0.2,9.9,0,False
1772740047.703,1354,1.2,81.0,0.2,9.9,0,False
1772740047.796,1355,1.2,82.9,0.2,9.9,0,False
1772740047.885,1356,1.6,79.8,0.2,9.9,0,False
1772740047.976,1357,1.1,80.7,0.2,9.9,0,False
1772740048.067,1358,1.2,80.6,0.2,9.9,0,False
1772740048.160,1359,1.1,82.5,0.2,9.9,0,False
1772740048.261,1360,1.0,91.0,0.2,9.9,0,False
1772740048.362,1361,1.1,90.1,0.2,9.8,0,False
1772740048.453,1362,0.9,80.9,0.2,9.8,0,False
1772740048.546,1363,1.3,81.3,0.2,9.8,0,False
1772740048.638,1364,1.2,81.4,0.2,9.8,0,False
1772740048.731,1365,1.2,81.6,0.2,9.8,0,False
1772740048.824,1366,1.2,83.1,0.2,9.8,0,False
1772740048.924,1367,1.6,89.7,0.2,10.7,0,False
1772740049.016,1368,1.1,82.4,0.3,10.7,0,False
1772740049.108,1369,1.2,81.2,0.2,10.7,0,False
1772740049.200,1370,1.5,81.8,0.2,10.7,0,False
1772740049.291,1371,1.1,80.9,0.2,10.7,0,False
1772740049.383,1372,1.1,82.0,0.2,10.7,0,False
1772740049.485,1373,1.2,90.4,0.2,10.7,0,False
1772740049.588,1374,1.3,92.8,0.2,10.6,0,False
1772740049.687,1375,1.2,87.2,0.5,10.6,0,False
1772740049.778,1376,1.2,80.5,0.2,10.6,0,False
1772740049.872,1377,1.2,82.9,0.3,10.6,0,False
1772740049.964,1378,1.2,81.0,0.2,10.5,0,False
1772740050.058,1379,1.1,83.5,0.6,10.5,0,False
1772740050.151,1380,1.2,81.9,0.3,10.6,0,False
1772740050.247,1381,1.2,84.5,0.3,10.6,0,False
1772740050.339,1382,1.2,81.3,0.3,10.6,0,False
1772740050.432,1383,1.1,82.6,0.2,10.6,0,False
1772740050.524,1384,1.1,82.0,0.2,10.6,0,False
1772740050.617,1385,1.1,82.2,0.2,10.6,0,False
1772740050.710,1386,1.2,81.8,0.2,10.6,0,False
1772740050.801,1387,1.5,80.1,0.4,10.7,0,False
1772740050.893,1388,1.1,81.7,0.2,10.7,0,False
1772740050.984,1389,1.5,80.0,0.2,10.7,0,False
1772740051.075,1390,1.1,81.1,0.2,10.7,0,False
1772740051.168,1391,1.1,82.0,0.2,10.7,0,False
1772740051.260,1392,1.1,81.3,0.2,10.7,0,False
1772740051.352,1393,1.1,81.8,0.2,10.7,0,False
1772740051.444,1394,1.2,81.0,0.2,10.8,0,False
1772740051.537,1395,1.1,81.7,0.2,10.8,0,False
1772740051.630,1396,1.5,81.7,0.2,10.8,0,False
1772740051.723,1397,1.1,81.6,0.2,10.8,0,False
1772740051.816,1398,1.4,82.1,0.2,10.8,0,False
1772740051.907,1399,1.1,81.3,0.2,10.8,0,False
1772740052.002,1400,1.0,83.1,0.2,10.8,0,False
1772740052.094,1401,1.1,81.5,0.3,10.8,0,False
1772740052.187,1402,1.4,81.3,0.2,10.8,0,False
1772740052.282,1403,1.5,82.5,0.2,10.8,0,False
1772740052.375,1404,1.2,82.0,0.3,10.8,0,False
1772740052.468,1405,1.1,82.0,0.2,10.8,0,False
1772740052.558,1406,1.2,79.5,0.2,10.8,0,False
1772740052.650,1407,1.1,82.2,0.3,10.8,0,False
1772740052.743,1408,1.0,81.2,0.2,10.8,0,False
1772740052.836,1409,1.1,82.3,0.2,10.8,0,False
1772740052.929,1410,1.5,82.1,0.2,10.8,0,False
1772740053.032,1411,1.3,89.7,0.2,10.7,0,False
1772740053.121,1412,1.5,79.3,0.2,10.7,0,False
1772740053.215,1413,1.5,83.0,0.4,10.7,0,False
1772740053.307,1414,1.1,82.2,0.2,10.7,0,False
1772740053.401,1415,1.2,82.6,0.3,10.7,0,False
1772740053.494,1416,1.3,82.0,0.2,10.7,0,False
1772740053.587,1417,1.2,83.3,0.2,10.7,0,False
1772740053.677,1418,1.6,80.1,0.2,10.7,0,False
1772740053.771,1419,1.1,82.3,0.3,10.7,0,False
1772740053.864,1420,1.2,82.4,0.2,10.7,0,False
1772740053.958,1421,1.2,83.1,0.2,10.7,0,False
1772740054.050,1422,1.2,82.1,0.2,10.7,0,False
1772740054.144,1423,1.1,82.8,0.2,10.7,0,False
1772740054.238,1424,1.2,83.8,0.2,10.7,0,False
1772740054.333,1425,1.2,84.2,0.2,10.7,0,False
1772740054.426,1426,1.2,82.2,0.2,10.7,0,False
1772740054.530,1427,1.2,93.5,0.2,10.6,0,False
1772740054.624,1428,1.3,83.0,0.3,10.6,0,False
1772740054.714,1429,1.2,80.1,0.3,10.6,0,False
1772740054.804,1430,1.1,79.3,0.2,10.7,0,False
1772740055.079,1431,0.8,80.4,0.3,9.8,0,False
1772740055.170,1432,1.0,81.5,0.2,9.8,0,False
1772740055.264,1433,1.5,83.9,0.2,9.8,0,False
1772740055.355,1434,1.1,81.2,0.2,9.8,0,False
1772740055.449,1435,1.1,83.6,0.2,9.8,0,False
1772740055.539,1436,1.6,80.3,0.2,9.8,0,False
1772740055.633,1437,1.1,83.7,0.2,9.8,0,False
1772740055.725,1438,1.1,81.9,0.2,9.8,0,False
1772740055.819,1439,1.1,83.4,0.2,9.8,0,False
1772740055.911,1440,1.1,81.8,0.2,9.8,0,False
1772740056.007,1441,1.4,82.8,0.3,9.8,0,False
1772740056.099,1442,1.1,82.6,0.2,9.8,0,False
1772740056.195,1443,1.5,85.2,0.2,9.7,0,False
1772740056.286,1444,1.5,80.3,0.2,9.8,0,False
1772740056.379,1445,1.2,82.3,0.2,9.8,0,False
1772740056.471,1446,1.1,81.8,0.2,9.8,0,False
1772740056.563,1447,1.9,80.9,0.2,9.8,0,False
1772740056.655,1448,1.1,81.9,0.2,9.8,0,False
1772740056.749,1449,1.1,84.3,0.2,9.8,0,False
1772740056.842,1450,1.1,81.8,0.2,9.8,0,False
1772740056.935,1451,1.5,82.2,0.2,10.8,0,False
1772740057.026,1452,1.2,81.4,0.3,10.8,0,False
1772740057.120,1453,1.2,83.2,0.2,10.8,0,False
1772740057.213,1454,1.2,82.9,0.2,10.8,0,False
1772740057.307,1455,1.6,82.7,0.2,10.8,0,False
1772740057.399,1456,1.2,82.1,0.2,10.8,0,False
1772740057.493,1457,1.6,83.1,0.2,10.8,0,False
1772740057.585,1458,1.2,81.6,0.2,10.8,0,False
1772740057.676,1459,1.8,81.5,0.2,10.8,0,False
1772740057.768,1460,1.2,81.5,0.2,10.8,0,False
1772740057.861,1461,1.2,82.8,0.2,10.8,0,False
1772740057.953,1462,1.2,82.3,0.2,10.8,0,False
1772740058.047,1463,1.2,83.6,0.2,10.8,0,False
1772740058.136,1464,1.6,79.0,0.2,10.8,0,False
1772740058.234,1465,1.2,87.2,0.2,10.8,0,False
1772740058.335,1466,1.2,91.0,0.2,10.7,0,False
1772740058.432,1467,1.2,86.2,0.2,10.7,0,False
1772740058.526,1468,0.8,83.2,0.2,10.7,0,False
1772740058.618,1469,1.1,82.2,0.3,10.7,0,False
1772740058.711,1470,1.2,82.3,0.4,10.7,0,False
1772740058.808,1471,0.9,85.0,0.2,10.7,0,False
1772740058.908,1472,1.2,89.6,0.3,10.6,0,False
1772740059.002,1473,1.1,83.7,0.2,10.6,0,False
1772740059.101,1474,1.5,88.5,0.2,10.6,0,False
1772740059.197,1475,1.1,86.0,0.2,10.6,0,False
1772740059.289,1476,1.2,81.9,0.2,10.6,0,False
1772740059.383,1477,1.2,83.2,0.2,10.6,0,False
1772740059.478,1478,1.1,84.9,0.2,10.6,0,False
1772740059.571,1479,1.6,82.3,0.2,10.6,0,False
1772740059.663,1480,1.1,81.7,0.2,10.6,0,False
1772740059.757,1481,1.2,82.9,0.2,10.6,0,False
1772740059.847,1482,1.6,80.3,0.2,10.6,0,False
1772740059.941,1483,1.1,83.6,0.2,10.6,0,False
1772740060.031,1484,1.5,80.0,0.2,10.6,0,False
1772740060.125,1485,1.1,83.8,0.2,10.6,0,False
1772740060.218,1486,1.1,83.2,0.3,10.6,0,False
1772740060.313,1487,1.1,84.4,0.2,10.6,0,False
1772740060.415,1488,1.9,89.8,0.3,10.6,0,False
1772740060.508,1489,1.2,82.2,0.3,10.6,0,False
1772740060.602,1490,1.1,83.7,0.2,10.6,0,False
1772740060.693,1491,1.6,80.9,0.2,10.6,0,False
1772740060.784,1492,1.6,81.1,0.2,10.7,0,False
1772740060.877,1493,1.2,82.3,0.2,10.7,0,False
1772740060.971,1494,1.3,82.7,0.2,10.7,0,False
1772740061.062,1495,1.5,81.1,0.3,10.7,0,False
1772740061.156,1496,0.9,82.6,0.2,10.7,0,False
1772740061.252,1497,1.2,84.5,0.2,10.7,0,False
1772740061.345,1498,1.0,81.7,0.2,10.7,0,False
1772740061.439,1499,1.1,82.2,0.3,10.7,0,False
1772740061.534,1500,1.2,85.0,0.3,10.7,0,False
1772740061.627,1501,1.5,82.4,0.2,10.7,0,False
1772740061.722,1502,1.3,84.5,0.3,10.7,0,False
1772740061.815,1503,1.1,83.0,0.2,10.7,0,False
1772740061.910,1504,1.1,84.7,0.3,10.6,0,False
1772740062.015,1505,1.1,93.7,0.4,10.6,0,False
1772740062.108,1506,1.2,82.9,0.2,10.6,0,False
1772740062.215,1507,1.1,96.8,0.3,10.5,0,False
1772740062.307,1508,1.1,81.7,0.2,10.6,0,False
1772740062.398,1509,1.6,80.1,0.2,10.6,0,False
1772740062.490,1510,1.1,81.8,0.2,10.6,0,False
1772740062.593,1511,1.5,88.8,0.2,10.5,0,False
1772740062.687,1512,1.1,83.7,0.2,10.5,0,False
1772740062.777,1513,1.1,79.5,0.2,10.5,0,False
1772740063.106,1514,0.8,84.7,0.3,9.4,0,False
1772740063.201,1515,0.9,85.5,0.2,9.3,0,False
1772740063.293,1516,1.6,81.2,0.2,9.4,0,False
1772740063.387,1517,1.1,83.5,0.3,9.4,0,False
1772740063.480,1518,1.1,82.5,0.2,9.4,0,False
1772740063.573,1519,1.2,82.9,0.3,9.4,0,False
1772740063.662,1520,1.6,79.5,0.2,9.4,0,False
1772740063.756,1521,1.1,83.0,0.2,9.4,0,False
1772740063.850,1522,1.5,83.0,0.2,9.4,0,False
1772740063.944,1523,1.2,82.8,0.2,9.4,0,False
1772740064.038,1524,1.2,82.9,0.2,9.4,0,False
1772740064.129,1525,1.6,81.0,0.2,9.5,0,False
1772740064.227,1526,1.1,87.9,0.2,9.4,0,False
1772740064.319,1527,1.6,82.2,0.2,9.5,0,False
1772740064.412,1528,1.1,82.7,0.2,9.5,0,False
1772740064.512,1529,1.3,89.4,0.2,9.5,0,False
1772740064.603,1530,1.6,81.2,0.2,9.5,0,False
1772740064.698,1531,1.9,83.3,0.2,9.5,0,False
1772740064.788,1532,1.5,80.6,0.2,9.5,0,False
1772740064.883,1533,1.3,84.1,0.2,9.5,0,False
1772740064.975,1534,1.2,82.3,0.2,10.7,0,False
1772740065.069,1535,1.6,83.1,0.2,10.7,0,False
1772740065.163,1536,1.2,83.3,0.2,10.7,0,False
1772740065.265,1537,1.9,90.5,0.2,10.6,0,False
1772740065.360,1538,1.1,84.5,0.2,10.6,0,False
1772740065.457,1539,1.1,87.1,0.2,10.6,0,False
1772740065.551,1540,1.4,83.1,0.2,10.6,0,False
1772740065.642,1541,1.2,81.3,0.2,10.6,0,False
1772740065.734,1542,1.5,81.5,0.2,10.6,0,False
1772740065.824,1543,1.6,80.3,0.2,10.6,0,False
1772740065.917,1544,1.2,82.8,0.2,10.6,0,False
1772740066.009,1545,1.1,82.1,0.2,10.6,0,False
1772740066.102,1546,1.2,82.7,0.2,10.7,0,False
1772740066.195,1547,1.1,83.3,0.2,10.7,0,False
1772740066.289,1548,1.2,83.4,0.2,10.7,0,False
1772740066.384,1549,1.1,81.3,0.2,10.7,0,False
1772740066.481,1550,1.2,83.5,0.2,10.7,0,False
1772740066.574,1551,1.2,81.2,0.2,10.7,0,False
1772740066.666,1552,1.8,80.6,0.2,10.7,1,True
1772740066.760,1553,1.1,81.4,0.2,10.7,1,True
1772740066.853,1554,1.7,81.8,0.2,10.7,0,True
1772740066.946,1555,1.2,81.3,0.2,10.7,0,True
1772740067.044,1556,1.7,81.1,0.3,10.6,0,True
1772740067.140,1557,1.1,81.5,0.2,10.7,0,True
1772740067.266,1558,0.8,103.9,0.2,10.5,0,True
1772740067.375,1559,1.1,92.8,0.2,10.4,0,True
1772740067.479,1560,1.2,83.2,0.2,10.4,0,True
1772740067.578,1561,1.1,82.7,0.2,10.3,0,True
1772740067.674,1562,2.7,80.6,0.2,10.3,0,True
1772740067.771,1563,1.1,83.2,0.2,10.3,0,True
1772740067.866,1564,1.2,81.2,0.2,10.3,0,True
1772740067.963,1565,1.0,81.7,0.2,10.2,0,True
1772740068.063,1566,1.7,83.0,0.2,10.2,0,True
1772740068.158,1567,0.9,82.3,0.2,10.2,0,True
1772740068.254,1568,1.0,84.8,0.4,10.2,0,True
1772740068.347,1569,1.6,80.2,0.2,10.2,0,True
1772740068.438,1570,1.6,80.7,0.2,10.2,0,True
1772740068.531,1571,1.1,82.4,0.2,10.2,0,True
1772740068.628,1572,1.1,83.9,0.3,10.2,0,True
1772740068.723,1573,1.1,83.1,0.2,10.2,0,True
1772740068.816,1574,1.5,82.1,0.2,10.2,0,True
1772740068.911,1575,1.1,82.9,0.2,10.2,0,True
1772740069.015,1576,1.7,83.7,0.2,10.1,0,True
1772740069.107,1577,1.6,81.0,0.2,10.2,0,True
1772740069.202,1578,1.1,84.9,0.2,10.3,0,True
1772740069.296,1579,1.1,83.4,0.5,10.4,0,True
1772740069.390,1580,1.1,83.1,0.2,10.5,0,True
1772740069.489,1581,1.1,87.7,0.2,10.5,0,True
1772740069.583,1582,1.3,83.3,0.3,10.5,0,True
1772740069.679,1583,1.3,83.9,0.2,10.5,0,False
1772740069.773,1584,1.2,82.8,0.3,10.5,0,False
1772740069.868,1585,1.1,82.8,0.2,10.5,0,False
1772740069.962,1586,1.4,83.0,0.3,10.5,0,False
1772740070.055,1587,1.2,82.3,0.2,10.5,0,False
1772740070.150,1588,1.1,84.9,0.2,10.5,0,False
1772740070.263,1589,1.3,101.9,0.2,10.4,0,False
1772740070.363,1590,1.3,89.4,0.2,10.4,0,False
1772740070.460,1591,1.0,83.7,0.2,10.4,0,False
1772740070.554,1592,1.1,83.1,0.2,10.4,0,False
1772740070.647,1593,1.1,82.6,0.2,10.4,0,False
1772740070.739,1594,1.1,80.9,0.2,10.4,0,False
1772740070.829,1595,1.1,79.6,0.2,10.4,0,False
1772740071.123,1596,0.9,80.9,0.2,9.5,0,False
1772740071.220,1597,0.8,86.9,0.2,9.5,0,False
1772740071.315,1598,1.2,82.9,0.3,9.5,0,False
1772740071.409,1599,1.2,82.6,0.2,9.5,0,False
1772740071.503,1600,1.0,82.0,0.2,9.5,0,False
1772740071.604,1601,0.8,84.9,0.2,9.5,0,False
1772740071.703,1602,1.1,82.8,0.2,9.4,0,False
1772740071.801,1603,1.2,82.6,0.2,9.4,0,False
1772740071.898,1604,1.1,82.8,0.4,9.4,0,False
1772740071.994,1605,1.1,82.7,0.2,9.4,0,False
1772740072.089,1606,1.5,83.5,0.2,9.4,0,False
1772740072.185,1607,1.0,82.8,0.2,9.4,0,False
1772740072.296,1608,0.8,88.4,0.2,9.3,0,False
1772740072.403,1609,1.1,93.0,0.2,9.3,0,False
1772740072.498,1610,1.9,82.4,0.2,9.4,0,False
1772740072.595,1611,1.1,82.6,0.2,9.4,0,False
1772740072.695,1612,1.2,83.0,0.2,9.3,0,False
1772740072.792,1613,1.6,82.2,0.3,9.3,0,False
1772740072.887,1614,1.1,83.1,0.2,9.3,0,False
1772740072.983,1615,1.3,83.5,0.2,9.3,0,False
1772740073.078,1616,1.1,83.6,0.2,10.2,0,False
1772740073.173,1617,1.1,82.8,0.3,10.2,0,False
1772740073.272,1618,1.1,88.6,0.2,10.2,0,False
1772740073.376,1619,2.5,91.3,0.3,10.2,0,False
1772740073.469,1620,0.9,81.5,0.2,10.2,0,False
1772740073.563,1621,1.2,81.9,0.3,10.2,0,False
1772740073.656,1622,1.3,81.4,0.2,10.2,0,False
1772740073.752,1623,1.1,85.4,0.4,10.3,0,False
1772740073.845,1624,1.2,81.6,0.2,10.3,0,False
1772740073.935,1625,1.6,79.6,0.3,10.3,0,False
1772740074.027,1626,1.1,80.5,0.2,10.3,0,False
1772740074.122,1627,1.3,82.7,0.3,10.3,0,False
1772740074.214,1628,1.6,81.5,0.2,10.4,0,False
1772740074.307,1629,1.1,81.8,0.2,10.5,0,False
1772740074.398,1630,1.5,80.2,0.2,10.5,0,False
1772740074.494,1631,1.0,84.9,0.3,10.5,0,False
1772740074.594,1632,0.8,83.7,0.2,10.5,0,False
1772740074.688,1633,1.7,82.9,0.2,10.5,0,False
1772740074.782,1634,1.2,82.1,0.2,10.6,0,False
1772740074.876,1635,1.4,82.0,0.2,10.6,0,False
1772740074.974,1636,0.8,81.5,0.2,10.5,0,False
1772740075.067,1637,1.5,79.8,0.2,10.6,0,False
1772740075.160,1638,1.0,81.4,0.2,10.6,0,False
1772740075.260,1639,0.8,83.7,0.2,10.6,0,False
1772740075.354,1640,1.2,84.1,0.3,10.6,0,False
1772740075.453,1641,0.8,84.1,0.3,10.6,0,False
1772740075.550,1642,1.0,86.4,0.2,10.6,0,False
1772740075.641,1643,1.1,81.9,0.2,10.6,0,False
1772740075.732,1644,1.2,81.7,0.2,10.6,0,False
1772740075.823,1645,1.1,82.4,0.2,10.6,0,False
1772740075.914,1646,1.1,81.3,0.2,10.6,0,False
1772740076.004,1647,1.1,81.3,0.2,10.6,0,False
1772740076.096,1648,1.1,83.1,0.2,10.6,0,False
1772740076.188,1649,1.1,82.3,0.4,10.6,0,False
1772740076.281,1650,1.5,84.3,0.2,10.6,0,False
1772740076.373,1651,0.8,81.8,0.2,10.6,0,False
1772740076.465,1652,1.3,83.3,0.2,10.7,0,False
1772740076.555,1653,1.1,81.7,0.2,10.7,0,False
1772740076.647,1654,1.2,82.7,0.3,10.7,0,False
1772740076.737,1655,1.1,81.0,0.3,10.7,0,False
1772740076.824,1656,1.6,80.1,0.3,10.8,0,False
1772740076.922,1657,1.6,88.2,0.2,10.8,0,False
1772740077.010,1658,1.6,80.3,0.2,10.8,0,False
1772740077.104,1659,1.4,82.4,0.2,10.8,0,False
1772740077.198,1660,1.6,81.7,0.2,10.8,0,False
1772740077.289,1661,1.6,79.7,0.2,10.9,0,False
1772740077.386,1662,1.3,81.9,0.2,10.9,0,False
1772740077.482,1663,1.2,81.3,0.2,10.9,0,False
1772740077.579,1664,1.1,81.5,0.4,10.8,0,False
1772740077.676,1665,1.2,81.6,0.2,10.8,0,False
1772740077.771,1666,1.5,81.3,0.2,10.8,0,False
1772740077.871,1667,1.2,82.0,0.2,10.7,0,False
1772740077.966,1668,1.1,81.4,0.2,10.7,0,False
1772740078.061,1669,1.1,81.9,0.3,10.7,0,False
1772740078.158,1670,1.3,82.1,0.2,10.7,0,False
1772740078.249,1671,1.6,83.2,0.2,10.7,0,False
1772740078.339,1672,1.3,81.9,0.2,10.7,0,False
1772740078.429,1673,1.2,80.5,0.3,10.7,0,False
1772740078.517,1674,1.6,80.0,0.2,10.7,0,False
1772740078.608,1675,1.2,81.8,0.2,10.7,0,False
1772740078.699,1676,2.0,81.5,0.2,10.7,0,False
1772740078.785,1677,1.6,77.8,0.2,10.7,0,False
1772740078.870,1678,1.6,77.4,0.2,10.8,0,False
1772740079.142,1679,0.9,79.9,0.2,9.8,0,False
1772740079.233,1680,1.2,83.2,0.2,9.8,0,False
1772740079.327,1681,1.3,82.9,0.2,9.8,0,False
1772740079.426,1682,1.5,80.2,0.2,9.8,0,False
1772740079.539,1683,1.8,98.9,0.2,9.7,0,False
1772740079.645,1684,1.6,89.1,0.2,9.7,0,False
1772740079.747,1685,1.5,83.9,0.3,9.7,0,False
1772740079.851,1686,1.2,82.0,0.2,9.6,0,False
1772740079.952,1687,1.1,81.4,0.2,9.6,0,False
1772740080.050,1688,1.5,80.2,0.2,9.6,0,False
1772740080.148,1689,1.5,81.8,0.2,9.6,0,False
1772740080.249,1690,1.6,82.0,0.2,9.6,0,False
1772740080.346,1691,1.2,81.3,0.2,9.5,0,False
1772740080.438,1692,1.2,83.3,0.2,9.5,0,False
1772740080.525,1693,1.6,79.2,0.2,9.5,0,False
1772740080.615,1694,1.2,81.6,0.2,9.5,0,False
1772740080.705,1695,1.2,80.1,0.2,9.5,0,False
1772740080.796,1696,1.2,81.6,0.2,9.5,0,False
1772740080.887,1697,1.6,81.7,0.2,9.5,0,False
1772740080.975,1698,1.6,79.7,0.2,9.5,0,False
1772740081.067,1699,1.2,82.1,0.3,10.4,0,False
1772740081.157,1700,1.6,80.0,0.2,10.4,0,False
1772740081.253,1701,1.2,85.4,0.2,10.4,0,False
1772740081.343,1702,1.3,80.5,0.2,10.4,0,False
1772740081.437,1703,1.3,83.2,0.4,10.5,0,False
1772740081.526,1704,1.6,79.7,0.3,10.6,0,False
1772740081.616,1705,1.6,80.1,0.2,10.7,0,False
1772740081.706,1706,1.8,80.2,0.3,10.8,0,False
1772740081.795,1707,1.5,79.5,0.2,10.9,0,False
1772740081.884,1708,1.6,79.8,0.3,10.9,0,False
1772740081.974,1709,1.1,80.7,0.2,11.0,0,False
1772740082.063,1710,1.6,80.0,0.2,11.0,0,False
1772740082.164,1711,0.8,86.7,0.2,11.0,0,False
1772740082.269,1712,1.3,91.5,0.3,10.9,0,False
1772740082.365,1713,1.2,85.0,0.2,10.9,0,False
1772740082.470,1714,1.1,95.3,0.3,10.8,0,False
1772740082.578,1715,1.9,97.2,0.2,10.7,0,False
1772740082.678,1716,3.2,86.2,0.2,10.6,0,False
1772740082.776,1717,1.1,87.1,0.3,10.6,0,False
1772740082.869,1718,1.2,81.2,0.2,10.6,0,False
1772740082.963,1719,1.1,82.0,0.3,10.5,0,False
1772740083.054,1720,1.6,79.8,0.2,10.5,0,False
1772740083.147,1721,1.1,81.6,0.3,10.6,0,False
1772740083.248,1722,1.2,89.8,0.2,10.5,0,False
1772740083.342,1723,1.5,82.7,0.2,10.5,0,False
1772740083.435,1724,1.3,81.5,0.2,10.5,0,False
1772740083.530,1725,1.7,83.2,0.2,10.4,0,False
1772740083.623,1726,1.2,81.7,0.2,10.4,0,False
1772740083.717,1727,1.3,82.0,0.2,10.4,0,False
1772740083.811,1728,1.2,82.1,0.2,10.4,0,False
1772740083.901,1729,1.5,80.3,0.2,10.4,0,False
1772740083.991,1730,1.6,79.4,0.3,10.4,0,False
1772740084.084,1731,1.4,82.5,0.2,10.4,0,False
1772740084.181,1732,1.1,85.3,0.2,10.5,0,False
1772740084.277,1733,1.1,84.8,0.2,10.5,0,False
1772740084.370,1734,1.2,81.9,0.2,10.5,0,False
1772740084.467,1735,1.1,87.1,0.2,10.6,0,False
1772740084.560,1736,0.8,83.0,0.5,10.6,0,False
1772740084.652,1737,1.1,81.0,0.2,10.7,0,False
1772740084.755,1738,1.1,93.1,0.2,10.6,0,False
1772740084.847,1739,1.1,79.8,0.2,10.6,0,False
1772740084.939,1740,1.6,81.3,0.2,10.6,0,False
1772740085.032,1741,1.6,81.6,0.2,10.6,0,False
1772740085.124,1742,1.9,81.3,0.2,10.7,0,False
1772740085.221,1743,1.1,85.2,0.2,10.6,0,False
1772740085.317,1744,0.8,82.6,0.2,10.6,0,False
1772740085.411,1745,1.3,81.3,0.2,10.6,0,False
1772740085.506,1746,1.2,81.1,0.2,10.6,0,False
1772740085.601,1747,1.1,81.7,0.2,10.6,0,False
1772740085.699,1748,1.1,80.5,0.2,10.6,0,False
1772740085.795,1749,1.6,82.9,0.2,10.6,0,False
1772740085.888,1750,1.1,81.4,0.3,10.5,0,False
1772740085.981,1751,1.0,81.5,0.2,10.5,0,False
1772740086.081,1752,1.5,82.6,0.2,10.5,0,False
1772740086.176,1753,1.1,81.9,0.2,10.5,1,True
1772740086.270,1754,1.1,82.7,0.2,10.5,0,True
1772740086.362,1755,1.1,81.4,0.2,10.6,0,True
1772740086.459,1756,1.1,82.4,0.2,10.5,0,True
1772740086.553,1757,1.2,80.9,0.3,10.5,0,True
1772740086.651,1758,1.6,81.6,0.2,10.6,0,True
1772740086.749,1759,1.2,81.5,0.2,10.5,0,True
1772740086.846,1760,1.5,79.1,0.2,10.5,0,True
1772740087.174,1761,0.9,80.0,0.2,9.3,0,True
1772740087.281,1762,1.5,88.9,0.2,9.3,0,True
1772740087.379,1763,1.2,81.7,0.2,9.3,0,True
1772740087.475,1764,1.1,81.0,0.2,9.3,0,True
1772740087.570,1765,1.1,81.6,0.3,9.3,0,True
1772740087.663,1766,1.1,81.3,0.2,9.3,0,True
1772740087.758,1767,1.1,83.1,0.2,9.3,0,True
1772740087.853,1768,1.1,81.8,0.2,9.3,0,True
1772740087.946,1769,1.9,80.6,0.2,9.3,0,True
1772740088.043,1770,1.2,81.8,0.2,9.3,0,True
1772740088.140,1771,1.5,83.9,0.2,9.3,0,True
1772740088.249,1772,1.2,96.7,0.2,9.2,0,True
1772740088.343,1773,1.1,81.5,0.2,9.2,0,True
1772740088.437,1774,1.1,81.2,0.2,9.2,0,True
1772740088.530,1775,1.2,81.9,0.2,9.2,0,True
1772740088.623,1776,1.2,81.2,0.2,9.2,0,True
1772740088.717,1777,1.2,82.3,0.2,9.2,0,True
1772740088.809,1778,1.2,80.9,0.2,9.3,0,True
1772740088.900,1779,1.6,79.8,0.2,9.3,0,True
1772740088.991,1780,1.6,79.8,0.2,9.3,0,True
1772740089.085,1781,1.2,82.1,0.2,10.5,0,True
1772740089.176,1782,1.6,80.2,0.2,10.6,0,True
1772740089.270,1783,1.6,82.2,0.2,10.6,0,False
1772740089.364,1784,1.4,81.2,0.2,10.6,0,False
1772740089.458,1785,1.2,81.5,0.2,10.6,0,False
1772740089.564,1786,0.8,92.9,0.2,10.5,0,False
1772740089.661,1787,1.7,84.2,0.3,10.5,0,False
1772740089.781,1788,1.4,103.9,0.2,10.4,0,False
1772740089.890,1789,1.3,87.6,0.2,10.3,0,False
1772740089.995,1790,1.2,84.0,0.2,10.2,0,False
1772740090.090,1791,1.2,81.9,0.2,10.3,0,False
1772740090.188,1792,1.3,81.9,0.2,10.3,0,False
1772740090.288,1793,1.6,85.2,0.2,10.3,0,False
1772740090.385,1794,1.3,82.2,0.2,10.3,0,False
1772740090.481,1795,1.3,81.3,0.2,10.3,0,False
1772740090.577,1796,1.2,82.3,0.3,10.2,0,False
1772740090.677,1797,1.3,87.0,0.2,10.2,0,False
1772740090.773,1798,1.9,82.0,0.2,10.2,0,False
1772740090.869,1799,1.2,82.7,0.3,10.2,0,False
1772740090.964,1800,1.2,81.6,0.2,10.1,0,False
1772740091.063,1801,1.4,85.7,0.2,10.1,0,False
1772740091.156,1802,1.6,80.5,0.2,10.1,0,False
1772740091.254,1803,1.1,85.6,0.2,10.1,0,False
1772740091.347,1804,1.1,80.5,0.2,10.1,0,False
1772740091.443,1805,1.2,82.9,0.2,10.1,0,False
1772740091.542,1806,1.1,84.6,0.3,10.1,0,False
1772740091.638,1807,1.1,81.3,0.2,10.1,0,False
1772740091.742,1808,0.9,84.1,0.3,10.2,0,False
1772740091.839,1809,1.2,82.1,0.3,10.3,0,False
1772740091.934,1810,1.1,82.0,0.2,10.3,0,False
1772740092.031,1811,1.2,83.5,0.2,10.3,0,False
1772740092.127,1812,1.1,81.2,0.2,10.3,0,False
1772740092.226,1813,1.4,83.9,0.2,10.3,0,False
1772740092.323,1814,1.0,83.1,0.2,10.3,0,False
1772740092.424,1815,0.8,84.1,0.2,10.3,0,False
1772740092.520,1816,1.1,81.6,0.2,10.3,0,False
1772740092.615,1817,1.1,81.8,0.2,10.3,0,False
1772740092.709,1818,1.1,81.0,0.3,10.3,0,False
1772740092.805,1819,1.2,83.0,0.4,10.3,0,False
1772740092.900,1820,1.5,82.3,0.2,10.3,0,False
1772740092.997,1821,1.1,83.8,0.2,10.3,0,False
1772740093.092,1822,1.1,81.9,0.2,10.3,0,False
1772740093.191,1823,1.6,84.9,0.3,10.3,0,False
1772740093.288,1824,1.6,85.3,0.3,10.3,0,False
1772740093.382,1825,1.1,81.4,0.2,10.3,0,False
1772740093.479,1826,1.1,84.1,0.2,10.3,0,False
1772740093.574,1827,1.1,81.3,0.2,10.3,0,False
1772740093.670,1828,1.6,81.9,0.2,10.4,0,False
1772740093.766,1829,1.1,82.6,0.2,10.4,0,False
1772740093.860,1830,1.2,81.2,0.2,10.4,0,False
1772740093.961,1831,1.4,86.5,0.2,10.4,0,False
1772740094.056,1832,1.2,81.2,0.2,10.4,0,False
1772740094.152,1833,1.3,82.3,0.2,10.4,0,False
1772740094.250,1834,1.2,83.8,0.3,10.4,0,False
1772740094.345,1835,1.3,81.0,0.2,10.4,0,False
1772740094.441,1836,1.2,83.5,0.5,10.4,0,False
1772740094.537,1837,1.6,83.4,0.2,10.4,0,False
1772740094.631,1838,1.5,81.6,0.2,10.4,0,False
1772740094.723,1839,1.5,80.3,0.2,10.4,0,False
1772740094.818,1840,1.6,81.4,0.2,10.4,0,False
1772740094.910,1841,1.2,78.2,0.2,10.5,0,False
1772740095.192,1842,0.9,80.1,0.3,9.5,0,False
1772740095.289,1843,0.8,84.5,0.2,9.5,0,False
1772740095.383,1844,1.1,81.1,0.2,9.5,0,False
1772740095.478,1845,1.1,81.6,0.4,9.5,0,False
1772740095.571,1846,1.5,79.3,0.2,9.6,0,False
1772740095.667,1847,1.1,82.1,0.3,9.6,0,False
1772740095.761,1848,1.2,81.3,0.2,9.6,0,False
1772740095.857,1849,1.1,82.9,0.3,9.6,0,False
1772740095.950,1850,1.6,79.9,0.2,9.6,0,False
1772740096.046,1851,1.2,81.5,0.2,9.6,0,False
1772740096.141,1852,1.2,81.6,0.2,9.6,0,False
1772740096.237,1853,1.2,81.3,0.2,9.6,0,False
1772740096.331,1854,1.3,80.6,0.2,9.6,0,False
1772740096.426,1855,0.9,80.7,0.3,9.6,0,False
1772740096.522,1856,1.1,82.1,0.4,9.6,0,False
1772740096.622,1857,0.8,82.9,0.2,9.6,0,False
1772740096.724,1858,0.8,83.4,0.2,9.6,0,False
1772740096.821,1859,1.2,82.9,0.2,9.5,0,False
1772740096.915,1860,1.6,80.0,0.2,9.5,0,False
1772740097.012,1861,1.4,81.9,0.2,9.5,0,False
1772740097.109,1862,1.2,81.7,0.2,10.4,0,False
1772740097.206,1863,1.1,82.9,0.3,10.4,0,False
1772740097.316,1864,0.9,91.0,0.2,10.3,0,False
1772740097.424,1865,1.5,88.6,0.2,10.3,0,False
1772740097.520,1866,1.1,81.8,0.2,10.3,0,False
1772740097.614,1867,1.1,80.7,0.2,10.3,0,False
1772740097.711,1868,1.1,82.9,0.2,10.3,0,False
1772740097.811,1869,1.1,86.0,0.2,10.2,0,False
1772740097.909,1870,0.8,82.6,0.2,10.2,0,False
1772740098.007,1871,0.8,82.8,0.3,10.2,0,False
1772740098.104,1872,0.8,82.0,0.2,10.2,0,False
1772740098.202,1873,1.3,83.7,0.2,10.2,0,False
1772740098.299,1874,0.9,82.7,0.3,10.2,0,False
1772740098.392,1875,1.6,79.3,0.2,10.2,0,False
1772740098.486,1876,1.6,79.6,0.2,10.2,0,False
1772740098.581,1877,1.1,80.8,0.2,10.2,0,False
1772740098.677,1878,1.1,82.8,0.2,10.2,0,False
1772740098.773,1879,1.2,81.9,0.2,10.2,0,False
1772740098.870,1880,1.4,81.6,0.2,10.2,0,False
1772740098.967,1881,1.0,81.1,0.2,10.2,0,False
1772740099.071,1882,1.1,83.3,0.2,10.2,0,False
1772740099.167,1883,1.6,81.8,0.2,10.2,0,False
1772740099.265,1884,1.2,83.4,0.2,10.3,0,False
1772740099.359,1885,1.1,80.7,0.2,10.3,0,False
1772740099.455,1886,1.1,80.0,0.4,10.3,0,False
1772740099.555,1887,0.8,85.8,0.2,10.3,0,False
1772740099.654,1888,1.3,82.0,0.2,10.3,0,False
1772740099.748,1889,1.1,80.5,0.2,10.3,0,False
1772740099.856,1890,3.8,89.2,0.2,10.3,0,False
1772740099.963,1891,1.0,91.8,0.2,10.2,0,False
1772740100.060,1892,1.4,82.8,0.2,10.2,0,False
1772740100.155,1893,1.1,82.2,0.2,10.2,0,False
1772740100.255,1894,1.2,87.4,0.2,10.2,0,False
1772740100.352,1895,1.2,84.0,0.2,10.2,0,False
1772740100.446,1896,1.1,81.4,0.2,10.2,0,False
1772740100.541,1897,1.0,81.6,0.2,10.2,0,False
1772740100.636,1898,1.1,82.0,0.2,10.2,0,False
1772740100.730,1899,1.2,81.5,0.2,10.2,0,False
1772740100.824,1900,1.1,81.6,0.3,10.2,0,False
1772740100.919,1901,1.1,81.4,0.2,10.2,0,False
1772740101.014,1902,1.1,81.5,0.3,10.3,0,False
1772740101.111,1903,1.1,81.3,0.2,10.3,0,False
1772740101.211,1904,1.1,84.7,0.2,10.3,0,False
1772740101.310,1905,1.2,80.7,0.2,10.2,0,False
1772740101.409,1906,0.9,82.5,0.2,10.2,0,False
1772740101.507,1907,1.4,82.3,0.2,10.2,0,False
1772740101.612,1908,0.8,85.8,0.2,10.2,0,False
1772740101.708,1909,1.2,81.4,0.2,10.2,0,False
1772740101.803,1910,1.8,80.7,0.2,10.3,0,False
1772740101.897,1911,1.5,80.7,0.2,10.3,0,False
1772740101.994,1912,1.3,82.2,0.2,10.3,0,False
1772740102.091,1913,1.1,83.6,0.3,10.3,0,False
1772740102.187,1914,1.2,82.1,0.2,10.3,0,False
1772740102.286,1915,1.7,84.4,0.2,10.3,0,False
1772740102.391,1916,0.8,85.2,0.2,10.3,0,False
1772740102.494,1917,0.8,84.4,0.2,10.2,0,False
1772740102.606,1918,1.1,99.6,0.2,10.2,0,False
1772740102.702,1919,1.1,82.4,0.2,10.1,0,False
1772740102.797,1920,1.1,81.6,0.3,10.1,0,False
1772740102.890,1921,1.5,79.4,0.2,10.1,0,False
1772740103.216,1922,0.9,82.1,0.2,9.1,0,False
1772740103.309,1923,1.5,79.2,0.2,9.1,0,False
1772740103.405,1924,1.2,81.8,0.2,9.1,0,False
1772740103.502,1925,1.1,83.2,0.3,9.1,0,False
1772740103.597,1926,1.1,81.7,0.2,9.1,0,False
1772740103.696,1927,1.1,85.0,0.2,9.1,0,False
1772740103.788,1928,1.2,79.5,0.2,9.2,0,False
1772740103.883,1929,1.2,81.3,0.2,9.2,0,False
1772740103.979,1930,1.2,81.8,0.2,9.2,0,False
1772740104.074,1931,1.2,81.2,0.2,9.2,0,False
1772740104.167,1932,1.6,79.8,0.2,9.2,0,False
1772740104.264,1933,1.1,83.3,0.2,9.2,0,False
1772740104.361,1934,1.2,83.6,0.3,9.2,0,False
1772740104.457,1935,1.2,81.5,0.2,9.2,0,False
1772740104.569,1936,0.9,97.9,0.2,9.2,0,False
1772740104.664,1937,1.3,80.5,0.2,9.2,0,False
1772740104.764,1938,1.1,85.8,0.3,9.3,0,False
1772740104.861,1939,1.5,83.8,0.2,9.3,0,False
1772740104.962,1940,0.8,88.5,0.2,9.2,0,False
1772740105.062,1941,0.8,87.4,0.3,9.2,0,False
1772740105.164,1942,0.8,87.1,0.2,10.3,0,False
1772740105.266,1943,0.8,86.7,0.2,10.2,0,False
1772740105.367,1944,0.8,87.7,0.2,10.2,0,False
1772740105.464,1945,0.8,84.3,0.2,10.2,0,False
1772740105.562,1946,0.8,84.9,0.2,10.2,0,False
1772740105.658,1947,1.5,83.5,0.2,10.2,0,False
1772740105.758,1948,0.8,86.5,0.3,10.2,0,False
1772740105.857,1949,1.0,86.8,0.2,10.1,0,False
1772740105.963,1950,0.8,92.0,0.2,10.1,0,False
1772740106.070,1951,0.8,94.8,0.2,10.0,0,False
1772740106.177,1952,1.4,93.4,0.3,10.0,0,False
1772740106.284,1953,0.8,93.4,0.4,9.9,0,False
1772740106.388,1954,0.8,91.0,0.2,9.9,0,False
1772740106.485,1955,2.1,81.7,0.2,9.9,0,False
1772740106.593,1956,1.1,92.1,0.2,9.9,0,False
1772740106.703,1957,0.8,96.6,0.3,9.8,0,False
1772740106.813,1958,1.5,94.9,0.2,9.8,0,False
1772740106.926,1959,0.8,100.0,0.2,9.7,0,False
1772740107.034,1960,0.8,93.4,0.2,9.6,0,False
1772740107.127,1961,0.9,81.1,0.2,9.7,0,False
1772740107.229,1962,0.8,89.0,0.2,9.7,0,False
1772740107.328,1963,0.8,85.5,0.2,9.7,0,False
1772740107.427,1964,0.8,85.6,0.2,9.7,0,False
1772740107.529,1965,1.0,88.8,0.2,9.7,0,False
1772740107.636,1966,0.8,94.8,0.3,9.6,0,False
1772740107.738,1967,1.1,88.6,0.5,9.6,0,False
1772740107.833,1968,1.5,81.0,0.2,9.6,0,False
1772740107.931,1969,0.9,85.1,0.2,9.6,0,False
1772740108.025,1970,0.9,81.6,0.2,9.7,0,False
1772740108.119,1971,0.8,80.4,0.2,9.8,0,False
1772740108.215,1972,0.8,82.9,0.2,9.8,0,False
1772740108.322,1973,0.8,91.8,0.2,9.8,0,False
1772740108.430,1974,1.5,90.8,0.2,9.8,0,False
1772740108.536,1975,1.0,89.9,0.2,9.8,0,False
1772740108.639,1976,1.1,84.5,0.3,9.8,0,False
1772740108.751,1977,0.8,91.3,0.2,9.8,0,False
1772740108.869,1978,0.8,96.0,0.2,9.7,0,False
1772740108.984,1979,1.6,94.5,0.2,9.7,0,False
1772740109.094,1980,0.8,94.4,0.2,9.7,0,False
1772740109.229,1981,0.8,116.6,0.2,9.5,0,False
1772740109.378,1982,0.8,131.6,0.2,9.3,0,False
1772740109.501,1983,0.7,100.8,0.2,9.2,0,False
1772740109.601,1984,1.3,82.8,0.2,9.2,0,False
1772740109.708,1985,1.8,87.9,0.3,9.2,0,False
1772740109.819,1986,0.8,93.7,0.3,9.2,0,False
1772740109.937,1987,2.6,99.9,0.4,9.1,0,False
1772740110.084,1988,2.5,132.0,0.4,8.9,0,False
1772740110.189,1989,0.8,91.9,0.4,8.9,0,False
1772740110.295,1990,1.2,90.3,0.2,8.8,0,False
1772740110.390,1991,0.8,81.9,0.2,8.8,0,False
1772740110.481,1992,1.6,79.4,0.2,8.8,0,False
1772740110.573,1993,0.8,80.0,0.2,8.9,0,False
1772740110.672,1994,0.8,84.7,0.2,8.9,0,False
1772740110.780,1995,0.8,85.7,0.2,8.9,0,False
1772740110.887,1996,0.8,84.3,0.2,8.9,0,False
1772740110.990,1997,0.8,81.5,0.3,8.9,0,False
1772740111.284,1998,0.9,94.8,0.4,8.3,0,False
1772740111.447,1999,0.7,133.6,0.2,8.1,0,False
1772740111.577,2000,0.7,115.3,0.2,8.1,0,False
1772740111.714,2001,0.8,101.3,0.2,8.0,0,False
1772740111.857,2002,0.7,100.6,0.2,8.1,0,False
1772740111.977,2003,0.8,88.9,0.2,8.1,0,False
1772740112.094,2004,1.1,86.0,0.2,8.0,0,False
1772740112.224,2005,0.8,103.0,0.2,8.0,0,False
1772740112.338,2006,0.7,92.5,0.2,7.9,0,False
1772740112.484,2007,1.5,118.9,0.3,7.9,0,False
1772740112.638,2008,0.7,124.4,0.2,7.8,0,False
1772740112.766,2009,1.3,94.4,0.3,7.8,0,False
1772740112.898,2010,0.8,107.4,0.2,7.7,0,False
1772740113.012,2011,0.8,86.0,0.3,7.6,0,False
1772740113.134,2012,1.1,93.9,0.2,7.5,0,False
1772740113.271,2013,0.7,111.7,0.2,7.4,0,False
1772740113.414,2014,1.3,117.0,0.3,7.3,0,False
1772740113.536,2015,1.1,100.9,0.2,7.3,0,False
1772740113.654,2016,2.2,94.1,0.2,7.2,0,False
1772740113.763,2017,1.3,88.4,0.2,7.2,0,False
1772740113.878,2018,0.9,95.5,0.3,7.7,0,False
1772740113.993,2019,0.8,96.3,0.2,7.9,0,False
1772740114.113,2020,1.2,97.6,0.3,7.9,0,False
1772740114.288,2021,1.8,149.4,0.2,7.8,0,False
1772740114.435,2022,1.3,120.5,0.2,7.8,0,False
1772740114.546,2023,0.7,93.9,0.2,7.8,0,False
1772740114.648,2024,0.8,82.5,0.2,7.8,0,False
1772740114.744,2025,0.8,80.9,0.2,7.9,0,False
1772740114.844,2026,1.2,83.4,0.2,8.0,0,False
1772740114.945,2027,0.8,83.1,0.3,8.1,0,False
1772740115.049,2028,0.8,83.5,0.2,8.3,0,False
1772740115.150,2029,1.0,82.7,0.2,8.4,0,False
1772740115.251,2030,2.0,82.2,0.2,8.5,0,False
1772740115.348,2031,0.8,80.2,0.2,8.6,0,False
1772740115.444,2032,0.8,79.4,0.2,8.7,0,False
1772740115.542,2033,0.8,80.4,0.4,8.8,0,False
1772740115.639,2034,0.8,79.5,0.2,9.0,0,False
1772740115.737,2035,0.8,79.7,0.3,9.1,0,False
1772740115.833,2036,0.8,79.4,0.2,9.2,0,False
1772740115.933,2037,0.8,79.3,0.2,9.2,0,False
1772740116.033,2038,1.1,82.2,0.2,9.3,0,False
1772740116.134,2039,0.9,82.1,0.3,9.3,0,False
1772740116.241,2040,0.8,89.3,0.2,9.4,0,False
1772740116.348,2041,1.5,87.2,0.2,9.7,0,False
1772740116.456,2042,0.9,89.7,0.2,9.9,0,False
1772740116.556,2043,0.8,79.5,0.2,10.0,0,False
1772740116.654,2044,0.8,79.4,0.3,10.0,0,False
1772740116.754,2045,0.8,79.6,0.2,9.9,0,False
1772740116.850,2046,0.8,79.6,0.2,10.0,0,False
1772740116.945,2047,0.8,79.9,0.2,10.0,0,False
1772740117.040,2048,0.8,78.9,0.2,10.0,0,False
1772740117.146,2049,0.8,80.2,0.3,10.0,0,False
1772740117.266,2050,0.8,89.1,0.2,9.9,0,False
1772740117.384,2051,0.7,81.2,0.2,9.8,0,False
1772740117.512,2052,0.9,79.7,0.2,9.7,0,False
1772740117.635,2053,0.9,79.9,0.2,9.6,0,False
1772740117.756,2054,0.9,80.8,0.2,9.4,0,False
1772740117.880,2055,0.7,80.1,0.2,9.3,0,False
1772740117.998,2056,0.8,78.4,0.2,9.2,0,False
1772740118.104,2057,0.9,80.2,0.2,9.2,1,True
1772740118.207,2058,0.8,93.1,0.3,9.2,1,True
1772740118.297,2059,0.8,79.2,0.2,9.2,1,True
1772740118.387,2060,0.8,79.9,0.2,9.3,1,True
1772740118.476,2061,0.8,79.3,0.2,9.4,1,True
1772740118.563,2062,0.8,79.4,0.2,9.5,0,True
1772740118.652,2063,0.8,79.8,0.2,9.5,1,True
1772740118.741,2064,0.8,79.2,0.2,9.6,1,True
1772740118.828,2065,0.8,79.5,0.2,9.6,0,True
1772740118.915,2066,1.0,77.2,0.2,9.7,1,True
1772740119.000,2067,0.8,77.4,0.2,9.7,0,True
1772740119.257,2068,0.8,81.6,0.2,9.0,1,True
1772740119.345,2069,0.8,79.4,0.2,9.1,0,True
1772740119.434,2070,0.8,79.8,0.3,9.2,1,True
1772740119.527,2071,1.6,82.1,0.2,9.3,1,True
1772740119.616,2072,0.8,79.6,0.3,9.5,1,True
1772740119.706,2073,0.8,79.7,0.2,9.7,0,True
1772740119.797,2074,0.8,80.0,0.2,9.8,0,True
1772740119.887,2075,0.8,80.1,0.3,10.0,0,True
1772740119.976,2076,0.8,79.6,0.2,10.1,1,True
1772740120.067,2077,0.8,81.4,0.2,10.2,0,True
1772740120.157,2078,0.8,79.9,0.2,10.3,1,True
1772740120.250,2079,0.8,82.5,0.3,10.2,0,True
1772740120.339,2080,0.8,79.6,0.3,10.2,0,True
1772740120.428,2081,0.9,80.3,0.2,10.2,0,True
1772740120.518,2082,0.8,79.6,0.2,10.2,0,True
1772740120.607,2083,0.8,79.6,0.2,10.2,0,True
1772740120.698,2084,0.8,81.6,0.3,10.2,0,True
1772740120.788,2085,0.8,79.5,0.2,10.2,0,True
1772740120.877,2086,0.8,79.5,0.2,10.2,0,True
1772740120.966,2087,0.9,79.5,0.2,10.2,0,True
1772740121.054,2088,0.8,79.2,0.2,11.1,0,True
1772740121.144,2089,0.9,81.1,0.2,11.1,0,True
1772740121.234,2090,0.9,80.5,0.2,11.1,0,True
1772740121.325,2091,0.9,82.4,0.3,11.1,0,True
1772740121.415,2092,0.9,80.1,0.2,11.1,0,True
1772740121.505,2093,0.8,80.6,0.2,11.1,0,True
1772740121.595,2094,0.9,79.9,0.2,11.1,0,True
1772740121.683,2095,0.9,79.7,0.2,11.1,0,True
1772740121.774,2096,0.8,80.8,0.2,11.1,0,True
1772740121.862,2097,0.9,79.7,0.2,11.1,0,True
1772740121.952,2098,0.8,80.0,0.2,11.1,0,True
1772740122.043,2099,0.9,81.7,0.2,11.2,0,True
1772740122.141,2100,0.8,88.0,0.2,11.1,0,True
1772740122.234,2101,1.6,82.5,0.2,11.1,0,True
1772740122.324,2102,0.8,79.9,0.2,11.1,0,True
1772740122.415,2103,0.8,80.3,0.2,11.1,0,True
1772740122.505,2104,0.8,80.0,0.2,11.1,0,True
1772740122.595,2105,1.1,80.9,0.2,11.1,0,True
1772740122.684,2106,0.8,79.9,0.2,11.1,0,True
1772740122.775,2107,0.8,80.4,0.2,11.1,0,True
1772740122.865,2108,0.8,79.8,0.2,11.0,0,False
1772740122.955,2109,0.8,80.5,0.2,11.0,0,False
1772740123.045,2110,0.8,80.0,0.2,11.0,0,False
1772740123.134,2111,0.8,79.7,0.2,11.1,0,False
1772740123.227,2112,0.8,84.3,0.2,11.0,0,False
1772740123.317,2113,0.8,80.1,0.2,11.0,0,False
1772740123.407,2114,0.8,80.3,0.4,11.0,0,False
1772740123.496,2115,0.8,79.8,0.2,11.0,0,False
1772740123.586,2116,0.8,80.0,0.2,11.0,0,False
1772740123.676,2117,0.8,79.9,0.2,11.0,0,False
1772740123.767,2118,0.8,82.2,0.2,11.0,0,False
1772740123.857,2119,0.8,81.3,0.2,11.0,0,False
1772740123.946,2120,0.8,79.8,0.2,11.1,0,False
1772740124.036,2121,0.8,80.1,0.4,11.1,0,False
1772740124.125,2122,0.8,79.9,0.2,11.1,0,False
1772740124.217,2123,0.8,82.2,0.2,11.1,0,False
1772740124.306,2124,0.8,80.0,0.2,11.1,0,False
1772740124.395,2125,0.8,79.8,0.2,11.1,0,False
1772740124.492,2126,0.8,86.7,0.2,11.1,0,False
1772740124.581,2127,0.8,80.2,0.2,11.1,0,False
1772740124.672,2128,0.8,81.2,0.2,11.1,0,False
1772740124.761,2129,0.8,79.5,0.2,11.1,0,False
1772740124.851,2130,0.8,79.4,0.3,11.1,0,False
1772740124.943,2131,1.1,79.7,0.2,11.1,0,False
1772740125.033,2132,0.8,80.1,0.2,11.1,0,False
1772740125.123,2133,0.8,80.1,0.2,11.1,0,False
1772740125.218,2134,0.8,84.7,0.2,11.0,0,False
1772740125.308,2135,0.8,80.0,0.2,11.0,0,False
1772740125.406,2136,0.8,87.6,0.2,11.0,0,False
1772740125.496,2137,0.8,79.8,0.2,11.0,0,False
1772740125.586,2138,1.2,80.8,0.2,11.0,0,False
1772740125.678,2139,0.8,83.1,0.2,11.0,0,False
1772740125.767,2140,0.8,80.0,0.2,11.0,0,False
1772740125.857,2141,0.8,79.4,0.3,11.0,0,False
1772740125.945,2142,0.8,79.3,0.2,11.0,0,False
1772740126.034,2143,0.8,79.9,0.2,11.0,0,False
1772740126.124,2144,1.1,80.1,0.2,11.0,0,False
1772740126.215,2145,0.8,82.1,0.3,11.0,0,False
1772740126.308,2146,0.8,84.2,0.2,11.0,0,False
1772740126.398,2147,0.8,80.2,0.3,11.0,0,False
1772740126.496,2148,1.1,88.9,0.2,11.0,0,False
1772740126.585,2149,0.8,80.0,0.2,11.0,0,False
1772740126.679,2150,2.2,83.4,0.2,10.9,0,False
1772740126.771,2151,0.8,82.2,0.2,10.9,0,False
1772740126.861,2152,0.8,79.0,0.3,10.9,0,False
1772740126.948,2153,0.8,76.7,0.2,11.0,0,False
1772740127.297,2154,0.8,97.8,0.2,9.6,0,False
1772740127.388,2155,0.9,79.5,0.2,9.6,0,False
1772740127.476,2156,0.8,79.8,0.2,9.7,0,False
1772740127.565,2157,0.8,80.0,0.3,9.7,0,False
1772740127.653,2158,0.8,79.3,0.2,9.7,0,False
1772740127.742,2159,0.8,79.8,0.2,9.7,0,False
1772740127.831,2160,1.0,80.0,0.2,9.7,0,False
1772740127.922,2161,0.9,79.6,0.3,9.7,0,False
1772740128.012,2162,0.8,79.9,0.2,9.7,0,False
1772740128.102,2163,0.8,79.4,0.2,9.7,0,False
1772740128.196,2164,0.8,82.1,0.3,9.7,0,False
1772740128.288,2165,0.8,79.1,0.2,9.6,0,False
1772740128.377,2166,0.8,80.0,0.2,9.7,0,False
1772740128.468,2167,0.8,80.0,0.2,9.7,0,False
1772740128.556,2168,0.8,79.7,0.2,9.7,0,False
1772740128.647,2169,0.8,81.1,0.2,9.7,0,False
1772740128.737,2170,0.8,80.4,0.2,9.7,0,False
1772740128.836,2171,0.8,84.4,0.2,9.7,0,False
1772740128.941,2172,0.8,83.3,0.3,9.6,0,False
1772740129.041,2173,0.8,80.6,0.2,9.6,0,False
1772740129.145,2174,1.1,81.6,0.2,10.8,0,False
1772740129.252,2175,0.8,86.9,0.2,10.7,0,False
1772740129.347,2176,0.8,80.5,0.2,10.7,1,True
1772740129.446,2177,1.1,88.6,0.2,10.6,0,True
1772740129.540,2178,0.8,85.4,0.2,10.6,1,True
1772740129.639,2179,0.8,88.9,0.2,10.5,0,True
1772740129.733,2180,0.8,82.8,0.2,10.5,0,True
1772740129.824,2181,0.8,80.8,0.2,10.5,0,True
1772740129.917,2182,0.8,80.0,0.2,10.5,0,True
1772740130.012,2183,0.8,82.1,0.2,10.5,0,True
1772740130.108,2184,0.8,81.6,0.4,10.5,0,True
1772740130.203,2185,0.8,82.6,0.2,10.4,0,True
1772740130.298,2186,0.8,82.6,0.2,10.4,0,True
1772740130.395,2187,0.8,85.0,0.2,10.4,0,True
1772740130.489,2188,0.8,81.8,0.2,10.3,0,True
1772740130.584,2189,1.1,80.5,0.2,10.3,0,True
1772740130.684,2190,0.8,83.8,0.2,10.3,0,True
1772740130.780,2191,1.5,79.4,0.2,10.3,0,True
1772740130.872,2192,0.8,79.6,0.2,10.4,0,True
1772740130.963,2193,0.8,79.0,0.2,10.4,0,True
1772740131.052,2194,0.8,79.8,0.2,10.5,0,True
1772740131.140,2195,0.8,79.4,0.2,10.6,0,True
1772740131.236,2196,0.8,87.2,0.2,10.6,0,True
1772740131.326,2197,0.8,79.3,0.2,10.6,0,True
1772740131.415,2198,0.8,81.3,0.2,10.7,0,True
1772740131.504,2199,0.8,81.0,0.2,10.7,0,True
1772740131.594,2200,1.5,79.6,0.2,10.7,0,True
1772740131.682,2201,0.8,79.3,0.3,10.8,0,True
1772740131.771,2202,0.8,79.3,0.2,10.8,0,True
1772740131.859,2203,0.8,79.2,0.2,10.8,0,True
1772740131.960,2204,0.8,81.5,0.2,10.8,0,True
1772740132.066,2205,0.8,79.6,0.2,10.7,0,True
1772740132.164,2206,0.7,79.6,0.2,10.7,0,True
1772740132.270,2207,0.9,81.4,0.2,10.7,0,True
1772740132.375,2208,0.8,80.5,0.5,10.6,0,False
1772740132.476,2209,0.7,79.6,0.2,10.6,0,False
1772740132.579,2210,0.8,79.6,0.2,10.6,0,False
1772740132.677,2211,0.8,79.7,0.2,10.5,0,False
1772740132.775,2212,0.8,78.3,0.3,10.5,0,False
1772740132.873,2213,0.7,79.3,0.2,10.5,0,False
1772740132.972,2214,0.8,79.9,0.2,10.4,0,False
1772740133.070,2215,0.8,82.7,0.4,10.4,0,False
1772740133.164,2216,0.8,79.9,0.2,10.4,0,False
1772740133.259,2217,1.1,81.5,0.2,10.3,0,False
1772740133.353,2218,0.8,81.5,0.2,10.3,0,False
1772740133.448,2219,0.8,79.6,0.2,10.3,0,False
1772740133.545,2220,0.8,82.2,0.2,10.2,0,False
1772740133.643,2221,1.5,81.6,0.2,10.2,0,False
1772740133.739,2222,0.8,82.0,0.2,10.2,0,False
1772740133.833,2223,0.8,80.2,0.2,10.1,0,False
1772740133.927,2224,1.1,80.4,0.2,10.2,0,False
1772740134.026,2225,1.1,82.3,0.2,10.2,0,False
1772740134.120,2226,0.8,79.6,0.3,10.2,0,False
1772740134.216,2227,0.8,81.0,0.2,10.3,0,False
1772740134.312,2228,0.8,79.8,0.2,10.3,0,False
1772740134.409,2229,0.8,81.4,0.2,10.3,0,False
1772740134.532,2230,0.8,107.1,0.2,10.2,0,False
1772740134.628,2231,0.8,80.1,0.3,10.3,0,False
1772740134.722,2232,0.8,79.7,0.2,10.3,0,False
1772740134.819,2233,0.8,81.2,0.2,10.3,0,False
1772740134.914,2234,0.8,79.5,0.2,10.3,0,False
1772740135.006,2235,0.8,77.0,0.2,10.3,0,False
1772740135.308,2236,0.8,79.8,0.2,9.3,0,False
1772740135.410,2237,0.9,80.2,0.2,9.3,0,False
1772740135.509,2238,0.8,80.4,0.2,9.3,0,False
1772740135.609,2239,0.9,80.4,0.2,9.3,0,False
1772740135.708,2240,0.8,80.1,0.3,9.2,0,False
1772740135.808,2241,0.8,80.2,0.2,9.2,0,False
1772740135.905,2242,0.9,80.0,0.2,9.2,0,False
1772740136.004,2243,0.8,80.2,0.3,9.2,0,False
1772740136.102,2244,0.8,80.2,0.2,9.2,0,False
1772740136.203,2245,0.8,81.3,0.2,9.2,0,False
1772740136.303,2246,0.8,79.9,0.3,9.2,0,False
1772740136.413,2247,0.8,80.7,0.2,9.1,0,False
1772740136.522,2248,1.0,81.9,0.2,9.0,0,False
1772740136.626,2249,0.8,80.5,0.2,9.0,0,False
1772740136.728,2250,0.8,80.2,0.2,9.1,0,False
1772740136.834,2251,1.9,81.6,0.2,9.1,0,False
1772740136.934,2252,0.8,80.7,0.3,9.0,0,False
1772740137.035,2253,0.8,79.7,0.2,9.0,0,False
1772740137.145,2254,0.8,87.0,0.2,9.0,0,False
1772740137.255,2255,0.8,88.1,0.2,8.9,0,False
1772740137.361,2256,0.8,83.8,0.2,9.7,0,False
1772740137.469,2257,1.1,85.7,0.2,9.7,0,False
1772740137.573,2258,0.8,81.3,0.2,9.7,0,False
1772740137.677,2259,0.8,82.6,0.2,9.7,0,False
1772740137.777,2260,0.8,80.2,0.2,9.7,0,False
1772740137.878,2261,0.8,79.9,0.2,9.7,0,False
1772740137.981,2262,0.8,81.4,0.2,9.6,0,False
1772740138.083,2263,0.8,80.4,0.2,9.6,0,False
1772740138.188,2264,0.8,80.2,0.2,9.6,0,False
1772740138.307,2265,0.8,93.0,0.3,9.5,0,False
1772740138.426,2266,0.8,83.6,0.2,9.4,0,False
1772740138.537,2267,0.8,80.5,0.2,9.4,0,False
1772740138.644,2268,0.9,83.6,0.2,9.4,0,False
1772740138.766,2269,0.7,80.2,0.2,9.3,0,False
1772740138.897,2270,0.9,81.6,0.3,9.2,0,False
1772740139.004,2271,1.0,80.0,0.2,9.2,0,False
1772740139.097,2272,0.8,80.1,0.2,9.2,0,False
1772740139.188,2273,0.8,80.1,0.2,9.3,0,False
1772740139.283,2274,1.5,83.9,0.2,9.4,0,False
1772740139.381,2275,0.8,88.4,0.3,9.4,0,False
1772740139.482,2276,0.8,92.6,0.3,9.4,0,False
1772740139.599,2277,0.8,107.3,0.3,9.4,0,False
1772740139.695,2278,0.8,86.8,0.3,9.4,0,False
1772740139.800,2279,0.8,95.8,0.2,9.4,0,False
1772740139.899,2280,0.8,90.3,0.4,9.4,0,False
1772740139.993,2281,1.5,84.6,0.2,9.5,0,False
1772740140.083,2282,0.8,81.2,0.2,9.5,0,False
1772740140.175,2283,0.8,83.1,0.2,9.6,0,False
1772740140.283,2284,0.8,87.6,0.2,9.5,0,False
1772740140.394,2285,0.8,80.6,0.2,9.6,0,False
1772740140.506,2286,1.0,82.0,0.3,9.6,0,False
1772740140.619,2287,0.7,86.2,0.2,9.6,0,False
1772740140.732,2288,0.8,82.2,0.2,9.6,0,False
1772740140.843,2289,0.7,80.9,0.4,9.6,0,False
1772740140.946,2290,0.7,80.3,0.2,9.8,0,False
1772740141.050,2291,0.8,80.5,0.3,9.8,0,False
1772740141.154,2292,0.8,80.6,0.2,9.7,0,False
1772740141.259,2293,0.7,81.4,0.2,9.7,0,False
1772740141.359,2294,0.8,81.7,0.2,9.6,0,False
1772740141.459,2295,0.8,80.4,0.2,9.6,0,False
1772740141.558,2296,0.8,79.7,0.2,9.6,0,False
1772740141.664,2297,1.1,84.6,0.2,9.7,0,False
1772740141.768,2298,0.8,82.4,0.2,9.6,0,False
1772740141.868,2299,0.8,80.0,0.2,9.7,0,False
1772740141.966,2300,0.8,79.6,0.2,9.7,0,False
1772740142.064,2301,1.0,80.7,0.2,9.7,0,False
1772740142.162,2302,0.8,80.5,0.2,9.6,0,False
1772740142.262,2303,0.8,80.8,0.2,9.6,0,False
1772740142.363,2304,0.8,81.7,0.2,9.6,0,False
1772740142.472,2305,0.9,84.4,0.2,9.6,0,False
1772740142.579,2306,0.8,82.0,0.4,9.6,0,False
1772740142.687,2307,0.8,80.8,0.2,9.7,0,False
1772740142.795,2308,0.8,80.4,0.2,9.7,0,False
1772740142.894,2309,2.0,82.6,0.2,9.8,0,False
1772740142.988,2310,1.2,78.2,0.2,9.8,0,False
1772740143.089,2311,1.7,80.3,0.2,9.8,0,False
1772740143.338,2312,0.9,80.3,0.2,9.2,0,False
1772740143.429,2313,0.9,81.6,0.2,9.2,0,False
1772740143.519,2314,0.9,80.1,0.2,9.3,0,False
1772740143.612,2315,0.8,82.2,0.4,9.3,0,False
1772740143.702,2316,0.8,80.6,0.2,9.3,0,False
1772740143.792,2317,0.8,80.0,0.2,9.4,0,False
1772740143.884,2318,0.8,79.9,0.2,9.5,0,False
1772740143.981,2319,0.8,80.2,0.2,9.5,0,False
1772740144.079,2320,0.8,79.8,0.2,9.5,0,False
1772740144.178,2321,0.8,81.9,0.2,9.5,0,False
1772740144.279,2322,0.8,83.3,0.3,9.4,0,False
1772740144.380,2323,0.9,82.7,0.2,9.4,0,False
1772740144.486,2324,1.0,88.0,0.2,9.4,0,False
1772740144.585,2325,0.8,82.9,0.3,9.5,0,False
1772740144.684,2326,0.8,80.9,0.2,9.5,0,False
1772740144.782,2327,0.8,80.9,0.3,9.5,0,False
1772740144.880,2328,0.8,81.3,0.3,9.6,0,False
1772740144.978,2329,0.8,81.5,0.3,9.6,0,False
1772740145.080,2330,0.8,82.3,0.4,9.6,0,False
1772740145.185,2331,0.8,84.3,0.2,9.5,0,False
1772740145.299,2332,0.8,80.8,0.3,10.2,0,False
1772740145.390,2333,0.9,81.8,0.2,10.2,0,False
1772740145.482,2334,0.8,80.5,0.2,10.2,0,False
1772740145.589,2335,0.8,81.0,0.2,10.1,0,False
1772740145.695,2336,0.7,80.7,0.3,10.0,0,False
1772740145.801,2337,0.7,81.0,0.2,10.0,0,False
1772740145.896,2338,0.8,80.4,0.3,9.9,0,False
1772740146.011,2339,0.8,80.9,0.3,9.9,0,False
1772740146.130,2340,0.7,82.2,0.2,9.8,0,False
1772740146.248,2341,1.3,85.0,0.2,9.7,0,False
1772740146.356,2342,0.8,79.5,0.2,9.6,0,False
1772740146.471,2343,0.7,79.6,0.2,9.6,0,False
1772740146.579,2344,0.7,79.8,0.2,9.6,0,False
1772740146.686,2345,0.7,79.4,0.2,9.5,0,False
1772740146.792,2346,0.7,81.4,0.2,9.5,0,False
1772740146.895,2347,0.8,81.2,0.2,9.5,0,False
1772740147.010,2348,0.7,79.9,0.2,9.4,0,False
1772740147.119,2349,0.8,81.1,0.2,9.3,0,False
1772740147.229,2350,0.7,81.9,0.2,9.3,0,False
1772740147.336,2351,0.7,80.5,0.2,9.3,0,False
1772740147.447,2352,0.7,80.6,0.2,9.3,0,False
1772740147.551,2353,0.7,79.9,0.2,9.3,0,False
1772740147.651,2354,0.7,80.2,0.2,9.2,0,False
1772740147.754,2355,0.8,79.9,0.2,9.2,0,False
1772740147.857,2356,0.8,79.2,0.4,9.3,0,False
1772740147.969,2357,0.7,83.0,0.2,9.2,0,False
1772740148.075,2358,0.7,80.3,0.2,9.2,0,False
1772740148.187,2359,0.7,80.0,0.2,9.2,0,False
1772740148.295,2360,1.3,79.6,0.2,9.2,0,False
1772740148.407,2361,0.7,79.4,0.2,9.3,0,False
1772740148.515,2362,0.7,79.5,0.2,9.3,0,False
1772740148.630,2363,0.8,79.9,0.2,9.3,0,False
1772740148.739,2364,0.7,80.2,0.2,9.3,0,False
1772740148.841,2365,0.7,79.5,0.2,9.3,0,False
1772740148.950,2366,0.7,79.6,0.2,9.3,0,False
1772740149.050,2367,0.9,79.8,0.2,9.3,0,False
1772740149.155,2368,0.8,79.7,0.2,9.3,0,False
1772740149.267,2369,0.8,80.9,0.2,9.3,0,False
1772740149.378,2370,0.7,79.9,0.2,9.3,0,False
1772740149.481,2371,1.0,85.2,0.2,9.3,0,False
1772740149.574,2372,0.9,79.2,0.2,9.4,0,False
1772740149.664,2373,0.8,79.4,0.4,9.5,0,False
1772740149.754,2374,0.8,79.4,0.2,9.5,0,False
1772740149.843,2375,0.8,78.3,0.2,9.6,0,False
1772740149.934,2376,0.8,79.2,0.2,9.6,0,False
1772740150.022,2377,0.8,79.0,0.2,9.7,0,False
1772740150.113,2378,0.9,80.7,0.2,9.8,0,False
1772740150.204,2379,0.8,81.1,0.2,9.9,0,False
1772740150.296,2380,0.8,81.5,0.3,10.0,0,False
1772740150.384,2381,0.8,78.9,0.2,10.1,0,False
1772740150.475,2382,0.8,79.5,0.2,10.2,0,False
1772740150.568,2383,0.8,79.2,0.2,10.3,0,False
1772740150.663,2384,0.8,78.7,0.2,10.4,0,False
1772740150.763,2385,0.8,78.8,0.2,10.4,0,False
1772740150.863,2386,0.8,79.5,0.3,10.5,0,False
1772740150.963,2387,0.8,78.4,0.2,10.5,0,False
1772740151.060,2388,1.3,79.0,0.2,10.5,0,False
1772740151.354,2389,0.9,79.8,0.3,9.6,0,False
1772740151.455,2390,0.9,79.9,0.2,9.6,0,False
1772740151.553,2391,0.8,80.6,0.2,9.7,0,False
1772740151.649,2392,0.8,79.4,0.3,9.6,0,False
1772740151.748,2393,0.8,81.1,0.2,9.6,0,False
1772740151.843,2394,0.9,79.5,0.2,9.6,0,False
1772740151.940,2395,0.8,80.2,0.2,9.5,0,False
1772740152.036,2396,0.8,78.9,0.2,9.5,0,False
1772740152.135,2397,0.8,81.6,0.3,9.5,0,False
1772740152.235,2398,0.8,82.1,0.3,9.4,0,False
1772740152.333,2399,0.8,81.4,0.2,9.4,0,False
1772740152.431,2400,0.9,78.9,0.2,9.4,0,False
1772740152.535,2401,1.5,82.7,0.2,9.3,0,False
1772740152.633,2402,0.8,80.9,0.2,9.3,0,False
1772740152.731,2403,0.8,79.9,0.3,9.2,0,False
1772740152.828,2404,0.8,79.7,0.3,9.2,0,False
1772740152.924,2405,0.8,79.4,0.3,9.3,0,False
1772740153.020,2406,1.2,79.5,0.2,9.3,0,False
1772740153.121,2407,1.7,82.0,0.2,9.3,0,False
1772740153.222,2408,0.8,84.1,0.4,9.2,0,False
1772740153.317,2409,0.8,79.5,0.2,10.2,0,False
1772740153.416,2410,0.8,83.0,0.2,10.2,0,False
1772740153.508,2411,0.8,78.8,0.2,10.2,0,False
1772740153.601,2412,0.8,79.4,0.2,10.2,0,False
1772740153.699,2413,0.8,81.2,0.2,10.3,0,False
1772740153.798,2414,0.8,81.3,0.2,10.2,0,False
1772740153.896,2415,0.8,79.1,0.2,10.2,0,False
1772740153.991,2416,0.8,79.2,0.2,10.2,0,False
1772740154.090,2417,0.8,79.4,0.2,10.2,0,False
1772740154.185,2418,0.8,79.6,0.3,10.3,0,False
1772740154.284,2419,1.0,80.1,0.2,10.3,0,False
1772740154.393,2420,0.8,79.7,0.2,10.2,0,False
1772740154.500,2421,0.9,80.8,0.2,10.2,0,False
1772740154.605,2422,0.8,80.5,0.2,10.1,0,False
1772740154.704,2423,0.7,79.6,0.2,10.1,0,False
1772740154.803,2424,1.1,80.5,0.2,10.1,0,False
1772740154.906,2425,0.8,79.9,0.2,10.1,0,False
1772740155.001,2426,0.8,79.7,0.2,10.1,1,True
1772740155.093,2427,1.1,80.3,0.2,10.1,1,True
1772740155.183,2428,0.8,79.8,0.3,10.2,1,True
1772740155.275,2429,1.0,81.4,0.3,10.2,1,True
1772740155.364,2430,0.9,79.7,0.2,10.3,1,True
1772740155.455,2431,1.5,79.6,0.2,10.3,1,True
1772740155.544,2432,0.8,79.5,0.2,10.3,0,True
1772740155.632,2433,0.8,79.7,0.2,10.3,1,True
1772740155.722,2434,0.8,81.0,0.2,10.4,1,True
1772740155.811,2435,0.8,79.7,0.2,10.4,0,True
1772740155.901,2436,0.8,80.2,0.2,10.5,0,True
1772740155.989,2437,0.8,79.5,0.2,10.5,0,True
1772740156.079,2438,0.8,79.4,0.2,10.6,1,True
1772740156.169,2439,1.1,80.6,0.2,10.6,1,True
1772740156.263,2440,0.8,84.5,0.2,10.7,0,True
1772740156.365,2441,0.8,81.4,0.2,10.7,0,True
1772740156.466,2442,0.8,80.3,0.2,10.7,0,True
1772740156.566,2443,0.9,79.7,0.2,10.7,0,True
1772740156.665,2444,0.8,79.5,0.2,10.7,0,True
1772740156.766,2445,0.8,79.8,0.2,10.8,0,True
1772740156.865,2446,0.8,79.8,0.2,10.7,0,True
1772740156.963,2447,0.8,80.0,0.2,10.7,0,True
1772740157.056,2448,0.8,79.8,0.3,10.7,0,True
1772740157.150,2449,0.8,79.4,0.2,10.7,0,True
1772740157.250,2450,0.8,82.1,0.3,10.6,0,True
1772740157.350,2451,0.7,79.7,0.3,10.6,0,True
1772740157.450,2452,0.8,79.5,0.3,10.5,0,True
1772740157.549,2453,0.8,81.1,0.2,10.4,0,True
1772740157.650,2454,0.8,80.1,0.3,10.4,0,True
1772740157.749,2455,0.8,79.5,0.2,10.3,0,True
1772740157.850,2456,1.2,80.7,0.2,10.3,0,True
1772740157.950,2457,0.8,80.0,0.2,10.2,0,True
1772740158.049,2458,0.8,79.9,0.2,10.2,0,True
1772740158.147,2459,1.0,82.0,0.2,10.1,0,True
1772740158.245,2460,0.8,81.7,0.2,10.1,0,True
1772740158.345,2461,1.5,82.9,0.2,10.1,0,True
1772740158.440,2462,1.0,80.5,0.2,10.1,0,True
1772740158.533,2463,0.8,79.6,0.2,10.2,0,True
1772740158.628,2464,0.9,79.5,0.2,10.2,0,True
1772740158.723,2465,0.8,82.6,0.2,10.2,0,True
1772740158.816,2466,0.8,79.9,0.2,10.3,0,True
1772740158.910,2467,0.8,80.3,0.2,10.3,0,True
1772740159.001,2468,0.8,78.3,0.2,10.3,0,True
1772740159.091,2469,0.8,77.5,0.2,10.3,0,False
1772740159.371,2470,0.9,80.3,0.2,9.4,0,False
1772740159.480,2471,1.0,80.5,0.2,9.4,0,False
1772740159.582,2472,0.8,79.6,0.2,9.4,0,False
1772740159.687,2473,0.7,79.7,0.2,9.4,0,False
1772740159.795,2474,0.8,79.1,0.2,9.3,0,False
1772740159.897,2475,1.2,80.3,0.2,9.3,0,False
1772740160.003,2476,0.8,80.2,0.2,9.3,0,False
1772740160.109,2477,0.9,80.3,0.2,9.3,0,False
1772740160.214,2478,0.8,81.5,0.2,9.2,0,False
1772740160.314,2479,0.7,79.5,0.3,9.2,0,False
1772740160.414,2480,1.0,80.5,0.2,9.2,0,False
1772740160.524,2481,0.9,79.6,0.2,9.2,0,False
1772740160.637,2482,0.8,80.3,0.2,9.1,0,False
1772740160.739,2483,1.0,80.0,0.2,9.1,0,False
1772740160.856,2484,0.8,79.9,0.2,9.0,0,False
1772740160.971,2485,0.9,80.1,0.2,8.9,1,True
1772740161.068,2486,0.8,80.2,0.4,8.9,1,True
1772740161.157,2487,0.8,79.3,0.2,8.9,1,True
1772740161.249,2488,0.8,81.8,0.4,8.9,1,True
1772740161.339,2489,0.8,79.4,0.2,8.9,0,True
1772740161.428,2490,0.8,80.2,0.2,9.7,1,True
1772740161.519,2491,2.1,79.7,0.2,9.8,0,True
1772740161.610,2492,0.8,79.4,0.2,9.9,1,True
1772740161.700,2493,0.9,80.7,0.2,9.9,1,True
1772740161.789,2494,0.8,79.3,0.2,10.0,0,True
1772740161.878,2495,0.9,79.4,0.2,10.1,0,True
1772740161.968,2496,0.9,79.5,0.2,10.2,0,True
1772740162.056,2497,0.8,79.5,0.2,10.3,0,True
1772740162.146,2498,0.9,80.4,0.2,10.4,0,True
1772740162.236,2499,0.8,80.9,0.2,10.4,0,True
1772740162.328,2500,0.9,81.2,0.4,10.5,0,True
1772740162.418,2501,0.8,79.8,0.2,10.6,0,True
1772740162.511,2502,0.9,80.1,0.2,10.7,0,True
1772740162.601,2503,0.8,79.5,0.2,10.7,0,True
1772740162.692,2504,0.8,79.6,0.2,10.9,0,True
1772740162.785,2505,1.0,80.1,0.2,11.0,0,True
1772740162.877,2506,0.8,79.4,0.2,11.1,0,True
1772740162.968,2507,1.1,80.4,0.2,11.0,0,True
1772740163.060,2508,0.8,79.4,0.2,11.0,0,True
1772740163.151,2509,0.9,81.1,0.3,11.0,0,True
1772740163.241,2510,0.8,81.2,0.2,11.0,0,True
1772740163.330,2511,0.8,79.8,0.3,11.0,0,True
1772740163.418,2512,0.8,78.7,0.3,11.1,0,True
1772740163.508,2513,0.8,80.1,0.2,11.1,0,True
1772740163.597,2514,1.1,80.2,0.2,11.1,0,True
1772740163.686,2515,0.8,79.7,0.3,11.1,0,True
1772740163.774,2516,0.8,79.3,0.2,11.1,0,True
1772740163.863,2517,0.8,79.6,0.2,11.1,0,True
1772740163.951,2518,0.8,79.4,0.2,11.1,0,True
1772740164.041,2519,0.8,81.2,0.2,11.1,0,True
1772740164.130,2520,0.8,79.9,0.2,11.1,0,True
1772740164.225,2521,1.3,82.2,0.2,11.1,0,True
1772740164.313,2522,0.8,79.2,0.2,11.1,0,True
1772740164.403,2523,0.8,79.7,0.2,11.1,0,False
1772740164.502,2524,0.8,89.7,0.2,11.0,0,False
1772740164.592,2525,0.8,80.0,0.3,11.1,0,False
1772740164.683,2526,0.8,79.7,0.2,11.1,0,False
1772740164.774,2527,0.8,80.2,0.2,11.1,0,False
1772740164.867,2528,0.8,78.5,0.2,11.1,0,False
1772740164.957,2529,0.8,80.2,0.2,11.1,0,False
1772740165.049,2530,1.0,79.5,0.2,11.1,0,False
1772740165.141,2531,0.8,79.7,0.2,11.0,0,False
1772740165.247,2532,1.0,92.2,0.2,10.9,0,False
1772740165.343,2533,0.8,81.6,0.2,10.9,0,False
1772740165.435,2534,0.8,80.8,0.3,10.9,1,True
1772740165.526,2535,0.8,81.9,0.2,10.9,0,True
1772740165.615,2536,0.8,80.5,0.2,10.9,0,True
1772740165.705,2537,0.8,81.0,0.2,10.9,0,True
1772740165.795,2538,0.9,80.5,0.2,10.8,0,True
1772740165.885,2539,0.8,81.2,0.2,10.8,0,True
1772740165.975,2540,1.3,80.6,0.2,10.8,0,True
1772740166.064,2541,0.8,80.5,0.2,10.9,0,True
1772740166.154,2542,0.8,81.3,0.7,10.9,0,True
1772740166.244,2543,0.8,82.2,0.2,10.9,0,True
1772740166.333,2544,0.8,80.4,0.2,10.9,0,True
1772740166.423,2545,0.8,80.4,0.2,10.9,0,True
1772740166.512,2546,0.8,80.5,0.2,10.9,0,True
1772740166.603,2547,0.8,82.8,0.2,10.9,0,True
1772740166.693,2548,0.8,80.9,0.2,11.0,0,True
1772740166.783,2549,0.8,80.6,0.3,11.0,0,True
1772740166.874,2550,0.8,80.9,0.2,11.0,0,True
1772740166.968,2551,0.8,80.6,0.2,10.9,0,True
1772740167.055,2552,0.8,77.2,0.2,11.1,0,True
1772740167.390,2553,0.8,81.2,0.2,9.8,0,True
1772740167.480,2554,1.0,80.8,0.2,9.8,0,True
1772740167.588,2555,0.8,82.8,0.2,9.7,0,True
1772740167.691,2556,0.9,81.9,0.2,9.6,0,True
1772740167.787,2557,0.8,79.4,0.3,9.6,0,True
1772740167.881,2558,0.8,80.6,0.2,9.6,0,True
1772740167.975,2559,0.8,80.9,0.3,9.6,0,True
1772740168.068,2560,0.8,80.2,0.2,9.6,0,True
1772740168.163,2561,0.8,81.3,0.2,9.5,0,True
1772740168.260,2562,0.8,83.7,0.2,9.5,0,True
1772740168.354,2563,1.0,82.3,0.3,9.5,0,True
1772740168.446,2564,0.9,80.5,0.2,9.5,0,False
1772740168.540,2565,1.1,81.5,0.2,9.4,0,False
1772740168.633,2566,0.8,80.7,0.2,9.4,0,False
1772740168.726,2567,1.1,81.0,0.2,9.4,0,False
1772740168.819,2568,0.8,80.2,0.2,9.4,0,False
1772740168.918,2569,1.3,83.2,0.3,9.4,0,False
1772740169.013,2570,0.8,80.7,0.2,9.4,0,False
1772740169.131,2571,0.8,80.3,0.2,9.2,0,False
1772740169.254,2572,0.9,83.5,0.2,9.1,0,False
1772740169.355,2573,0.8,80.9,0.2,10.2,0,False
1772740169.459,2574,0.8,81.0,0.2,10.1,0,False
1772740169.559,2575,0.8,83.0,0.2,10.1,0,False
1772740169.656,2576,0.8,82.6,0.2,10.2,0,False
1772740169.752,2577,0.8,80.1,0.2,10.2,0,False
1772740169.846,2578,0.8,80.7,0.2,10.2,0,False
1772740169.940,2579,0.8,80.9,0.2,10.2,0,False
1772740170.036,2580,0.8,80.6,0.3,10.2,0,False
1772740170.133,2581,1.5,82.7,0.2,10.2,0,False
1772740170.229,2582,0.8,82.6,0.2,10.2,0,False
1772740170.325,2583,1.1,81.4,0.2,10.1,0,False
1772740170.419,2584,0.8,80.6,0.3,10.1,0,False
1772740170.514,2585,0.8,80.5,0.2,10.1,0,False
1772740170.607,2586,0.9,80.7,0.2,10.1,0,False
1772740170.701,2587,0.8,80.5,0.2,10.1,0,False
1772740170.797,2588,0.8,80.9,0.2,10.1,0,False
1772740170.891,2589,0.8,80.3,0.3,10.1,0,False
1772740170.987,2590,0.8,81.3,0.4,10.1,0,False
1772740171.082,2591,0.8,80.7,0.2,10.3,0,False
1772740171.179,2592,1.1,82.1,0.2,10.4,0,False
1772740171.277,2593,2.0,82.9,0.2,10.4,0,False
1772740171.373,2594,0.9,80.4,0.2,10.4,0,False
1772740171.468,2595,0.8,80.9,0.4,10.5,0,False
1772740171.563,2596,0.9,80.4,0.2,10.5,0,False
1772740171.660,2597,0.8,81.8,0.2,10.5,0,False
1772740171.755,2598,0.9,80.2,0.2,10.5,0,False
1772740171.850,2599,0.8,80.5,0.2,10.5,0,False
1772740171.947,2600,0.8,81.0,0.2,10.5,0,False
1772740172.042,2601,0.8,80.3,0.2,10.5,0,False
1772740172.138,2602,0.8,80.8,0.3,10.5,0,False
1772740172.238,2603,0.8,82.3,0.2,10.5,0,False
1772740172.334,2604,0.9,80.0,0.3,10.4,0,False
1772740172.429,2605,0.9,81.0,0.2,10.4,0,False
1772740172.525,2606,0.8,80.3,0.2,10.4,0,False
1772740172.621,2607,0.8,80.9,0.3,10.4,0,False
1772740172.717,2608,0.8,80.9,0.3,10.4,0,False
1772740172.816,2609,1.1,81.2,0.2,10.4,0,False
1772740172.915,2610,0.8,80.8,0.2,10.4,0,False
1772740173.017,2611,1.5,81.2,0.2,10.3,0,False
1772740173.117,2612,0.9,80.5,0.2,10.3,0,False
1772740173.218,2613,0.8,83.0,0.3,10.3,0,False
1772740173.316,2614,0.9,80.5,0.2,10.3,0,False
1772740173.414,2615,0.8,80.4,0.2,10.3,0,False
1772740173.513,2616,0.8,81.7,0.3,10.3,0,False
1772740173.612,2617,0.7,81.7,0.2,10.2,0,False
1772740173.710,2618,0.8,80.5,0.2,10.2,0,False
1772740173.810,2619,0.8,80.7,0.2,10.2,0,False
1772740173.902,2620,0.9,80.6,0.2,10.2,0,False
1772740173.994,2621,0.8,81.9,0.3,10.2,0,False
1772740174.087,2622,0.9,80.7,0.2,10.3,1,True
1772740174.182,2623,0.8,81.3,0.2,10.3,1,True
1772740174.277,2624,1.5,81.8,0.2,10.3,1,True
1772740174.368,2625,1.1,81.2,0.3,10.3,1,True
1772740174.458,2626,0.8,80.7,0.3,10.3,1,True
1772740174.552,2627,1.6,83.0,0.2,10.4,1,True
1772740174.642,2628,0.8,81.0,0.3,10.4,1,True
1772740174.731,2629,0.9,80.7,0.3,10.4,1,True
1772740174.821,2630,0.8,80.7,0.2,10.5,1,True
1772740174.911,2631,0.8,81.0,0.2,10.6,1,True
1772740175.002,2632,0.8,82.2,0.2,10.6,1,True
1772740175.092,2633,0.8,80.8,0.2,10.7,1,True
1772740175.182,2634,0.8,81.8,0.2,10.7,1,True
1772740175.273,2635,1.3,80.2,0.2,10.8,1,True
1772740175.362,2636,0.8,79.2,0.2,10.8,1,True
1772740175.451,2637,0.9,80.4,0.2,10.9,1,True
1772740175.540,2638,0.8,80.5,0.2,10.9,1,True
1772740175.631,2639,1.0,81.3,0.2,11.0,1,True
1772740175.721,2640,0.8,80.5,0.2,11.0,1,True
1772740175.814,2641,1.4,82.9,0.2,11.0,0,True
1772740175.901,2642,0.8,79.2,0.2,11.0,0,True
1772740175.990,2643,0.8,80.4,0.2,11.1,0,True
1772740176.079,2644,0.8,80.5,0.2,11.1,0,True
1772740176.168,2645,0.8,80.3,0.2,11.1,0,True
1772740176.261,2646,0.9,85.1,0.3,11.1,0,True
1772740176.350,2647,0.8,80.3,0.3,11.1,0,True
1772740176.439,2648,0.9,80.8,0.3,11.1,0,True
1772740176.528,2649,0.9,80.6,0.2,11.1,0,True
1772740176.618,2650,0.8,80.9,0.3,11.1,1,True
1772740176.709,2651,1.4,80.8,0.2,11.1,1,True
1772740176.798,2652,0.8,80.5,0.3,11.1,0,True
1772740176.888,2653,0.8,81.4,0.2,11.1,0,True
1772740176.976,2654,0.9,80.0,0.2,11.2,0,True
1772740177.065,2655,0.8,80.7,0.2,11.2,0,True
1772740177.154,2656,0.9,80.8,0.2,11.2,0,True
1772740177.245,2657,0.8,81.7,0.2,11.1,1,True
1772740177.336,2658,0.8,81.9,0.2,11.1,0,True
1772740177.424,2659,0.9,80.6,0.2,11.2,0,True
1772740177.514,2660,0.8,80.5,0.2,11.2,0,True
1772740177.602,2661,0.8,78.5,0.3,11.2,1,True
1772740177.691,2662,0.8,80.2,0.2,11.2,0,True
1772740177.782,2663,0.8,82.1,0.2,11.2,0,True
1772740177.871,2664,0.9,81.1,0.2,11.2,0,True
1772740177.962,2665,0.8,81.2,0.4,11.1,0,True
1772740178.052,2666,0.9,80.9,0.2,11.2,0,True
1772740178.142,2667,0.8,81.2,0.3,11.2,0,True
1772740178.235,2668,0.9,83.4,0.2,11.1,0,True
1772740178.325,2669,0.8,81.7,0.2,11.1,0,True
1772740178.416,2670,1.1,81.4,0.2,11.1,0,True
1772740178.509,2671,1.5,81.4,0.2,11.1,0,True
1772740178.600,2672,0.8,82.4,0.2,11.1,1,True
1772740178.691,2673,0.8,80.6,0.3,11.1,1,True
1772740178.783,2674,0.8,82.5,0.3,11.1,1,True
1772740178.873,2675,0.8,80.8,0.3,11.1,1,True
1772740178.962,2676,0.8,80.6,0.2,11.1,0,True
1772740179.053,2677,0.8,80.9,0.2,11.1,1,True
1772740179.142,2678,0.8,80.8,0.2,11.1,0,True
1772740179.236,2679,1.3,85.3,0.2,11.0,0,True
1772740179.325,2680,0.9,80.9,0.2,11.0,0,True
1772740179.416,2681,0.8,82.1,0.2,11.0,0,True
1772740179.512,2682,0.9,87.8,0.2,11.0,0,True
1772740179.602,2683,0.8,81.8,0.2,11.0,0,True
1772740179.691,2684,0.8,80.5,0.2,11.0,0,True
1772740179.780,2685,0.8,79.9,0.2,11.0,0,True
1772740179.869,2686,0.8,79.9,0.2,11.0,0,True
1772740179.958,2687,0.8,80.0,0.2,11.0,0,True
1772740180.048,2688,0.8,81.4,0.2,11.0,0,True
1772740180.137,2689,0.8,80.3,0.2,11.0,0,True
1772740180.229,2690,0.8,82.8,0.3,11.0,0,True
1772740180.319,2691,0.8,80.4,0.2,11.0,0,True
1772740180.408,2692,0.8,80.7,0.2,11.1,0,True
1772740180.497,2693,0.8,79.9,0.2,11.1,0,True
1772740180.586,2694,0.8,80.1,0.2,11.1,0,True
1772740180.677,2695,0.8,80.9,0.3,11.1,0,True
1772740180.765,2696,0.9,79.2,0.2,11.1,0,True
1772740180.854,2697,0.8,80.1,0.2,11.1,0,True
1772740180.943,2698,0.9,80.0,0.2,11.1,0,True
1772740181.033,2699,0.8,80.2,0.2,11.1,0,True
1772740181.122,2700,0.8,80.0,0.4,11.1,0,True
1772740181.215,2701,1.5,82.2,0.2,11.1,0,True
1772740181.305,2702,0.9,79.9,0.3,11.2,0,True
1772740181.395,2703,0.8,80.4,0.2,11.2,0,True
1772740181.487,2704,0.9,81.0,0.2,11.1,0,True
1772740181.578,2705,0.8,80.4,0.2,11.1,0,True
1772740181.668,2706,0.8,80.7,0.2,11.1,0,True
1772740181.759,2707,1.0,80.9,0.2,11.1,0,False
1772740181.851,2708,0.8,80.5,0.2,11.1,0,False
1772740181.942,2709,0.8,81.6,0.2,11.1,0,False
1772740182.032,2710,0.8,80.2,0.2,11.1,0,False
1772740182.122,2711,0.9,80.4,0.2,11.1,0,False
1772740182.213,2712,0.8,81.8,0.2,11.1,0,False
1772740182.303,2713,0.8,81.4,0.2,11.1,0,False
1772740182.393,2714,0.8,80.1,0.2,11.1,0,False
1772740182.481,2715,0.8,79.7,0.2,11.1,0,False
1772740182.572,2716,0.8,81.4,0.2,11.1,0,False
1772740182.660,2717,0.8,79.6,0.2,11.1,0,False
1772740182.749,2718,0.8,80.0,0.2,11.1,0,False
1772740182.838,2719,0.8,79.5,0.3,11.1,0,False
1772740182.927,2720,0.9,79.9,0.2,11.1,0,False
1772740183.015,2721,0.8,79.2,0.4,11.1,0,False
1772740183.101,2722,0.8,77.0,0.2,11.1,0,False
1772740183.434,2723,0.9,79.9,0.2,9.8,0,False
1772740183.523,2724,1.0,79.4,0.2,9.8,0,False
1772740183.613,2725,0.8,80.9,0.2,9.8,0,False
1772740183.702,2726,0.8,79.9,0.2,9.8,0,False
1772740183.790,2727,0.8,79.3,0.3,9.8,0,False
1772740183.880,2728,0.8,80.4,0.2,9.9,0,False
1772740183.969,2729,0.8,79.6,0.2,9.9,0,False
1772740184.059,2730,0.8,81.4,0.2,9.9,0,False
1772740184.150,2731,1.5,80.5,0.3,9.9,0,False
1772740184.241,2732,0.8,81.9,0.5,9.9,0,False
1772740184.329,2733,0.8,79.5,0.2,9.9,0,False
1772740184.417,2734,0.8,79.9,0.2,9.9,0,False
1772740184.508,2735,1.0,82.6,0.2,9.9,0,False
1772740184.597,2736,0.8,80.3,0.2,9.9,0,False
1772740184.686,2737,0.8,80.6,0.6,9.9,0,False
1772740184.774,2738,0.8,80.0,0.2,9.9,0,False
1772740184.863,2739,0.8,80.6,0.2,9.9,0,False
1772740184.952,2740,1.0,81.0,0.2,9.9,0,False
1772740185.041,2741,0.8,80.6,0.2,9.9,0,False
1772740185.131,2742,0.8,80.6,0.3,9.9,0,False
1772740185.221,2743,0.8,82.2,0.2,11.2,0,False
1772740185.310,2744,0.8,80.9,0.2,11.2,0,False
1772740185.399,2745,0.9,80.3,0.2,11.2,1,True
1772740185.488,2746,0.8,80.2,0.2,11.2,0,True
1772740185.577,2747,0.8,80.2,0.4,11.2,0,True
1772740185.666,2748,0.8,80.9,0.2,11.2,0,True
1772740185.757,2749,0.8,81.8,0.2,11.2,0,True
1772740185.845,2750,0.9,80.4,0.2,11.2,0,True
1772740185.933,2751,0.8,80.1,0.2,11.2,0,True
1772740186.023,2752,0.9,80.7,0.4,11.2,0,True
1772740186.111,2753,0.8,80.1,0.2,11.2,0,True
1772740186.202,2754,0.8,82.0,0.3,11.2,1,True
1772740186.292,2755,0.8,80.8,0.2,11.2,1,True
1772740186.381,2756,0.8,80.0,0.2,11.2,0,True
1772740186.471,2757,0.8,81.4,0.2,11.2,0,True
1772740186.560,2758,0.8,79.9,0.2,11.2,1,True
1772740186.648,2759,0.8,79.7,0.2,11.2,0,True
1772740186.737,2760,0.9,80.4,0.2,11.2,0,True
1772740186.827,2761,1.5,80.3,0.2,11.2,0,True
1772740186.917,2762,0.8,82.2,0.2,11.2,0,True
1772740187.006,2763,0.8,80.4,0.2,11.2,0,True
1772740187.095,2764,0.8,80.4,0.2,11.2,0,True
1772740187.184,2765,0.8,80.5,0.2,11.2,0,True
1772740187.272,2766,0.8,79.0,0.2,11.2,0,True
1772740187.362,2767,0.8,81.6,0.2,11.2,1,True
1772740187.451,2768,0.9,80.5,0.2,11.2,0,True
1772740187.540,2769,0.8,80.5,0.2,11.2,0,True
1772740187.630,2770,0.9,80.4,0.2,11.2,0,True
1772740187.718,2771,0.8,80.4,0.2,11.2,0,True
1772740187.809,2772,0.8,82.0,0.2,11.2,0,True
1772740187.898,2773,0.8,80.3,0.3,11.2,0,True
1772740187.987,2774,0.9,80.5,0.2,11.2,0,True
1772740188.076,2775,0.8,80.5,0.2,11.2,0,True
1772740188.165,2776,0.8,80.5,0.2,11.2,0,True
1772740188.257,2777,0.8,83.8,0.2,11.2,0,True
1772740188.345,2778,0.8,80.3,0.3,11.2,0,True
1772740188.437,2779,0.8,82.4,0.3,11.2,0,True
1772740188.526,2780,0.8,80.7,0.2,11.2,0,True
1772740188.617,2781,0.8,81.1,0.2,11.2,0,True
1772740188.707,2782,0.9,80.4,0.3,11.2,0,True
1772740188.796,2783,0.8,79.7,0.2,11.2,0,True
1772740188.886,2784,0.8,80.6,0.2,11.2,0,True
1772740188.975,2785,0.9,79.2,0.3,11.2,0,True
1772740189.062,2786,0.9,78.0,0.2,11.2,0,True
1772740189.151,2787,0.8,79.5,0.2,11.2,0,True
1772740189.241,2788,0.8,81.0,0.2,11.2,0,True
1772740189.332,2789,0.8,81.0,0.2,11.2,0,True
1772740189.420,2790,0.8,80.2,0.2,11.2,0,True
1772740189.515,2791,1.5,82.2,0.2,11.1,0,True
1772740189.603,2792,0.8,79.3,0.2,11.1,0,True
1772740189.692,2793,0.8,79.9,0.2,11.1,0,True
1772740189.781,2794,1.2,80.3,0.2,11.1,0,True
1772740189.870,2795,0.8,79.6,0.2,11.1,0,True
1772740189.959,2796,0.9,79.7,0.3,11.1,0,True
1772740190.047,2797,0.8,79.5,0.2,11.2,0,False
1772740190.136,2798,0.9,79.6,0.2,11.2,0,False
1772740190.227,2799,1.1,82.1,0.2,11.2,0,False
1772740190.317,2800,0.8,79.8,0.2,11.2,0,False
1772740190.406,2801,0.9,80.0,0.5,11.2,0,False
1772740190.495,2802,0.9,79.3,0.2,11.2,0,False
1772740190.583,2803,0.8,80.0,0.2,11.2,0,False
1772740190.672,2804,1.0,79.5,0.2,11.2,0,False
1772740190.761,2805,0.8,79.4,0.2,11.2,0,False
1772740190.848,2806,0.9,78.6,0.2,11.2,0,False
1772740190.938,2807,0.8,79.8,0.2,11.2,0,False
1772740191.027,2808,0.8,80.1,0.2,11.2,0,False
1772740191.117,2809,1.1,81.0,0.2,11.2,0,False
1772740191.209,2810,0.9,81.8,0.2,11.2,0,False
1772740191.299,2811,0.8,81.1,0.2,11.2,0,False
1772740191.391,2812,0.9,79.5,0.2,11.2,0,False
1772740191.485,2813,0.8,80.4,0.3,11.2,0,False
1772740191.579,2814,0.9,79.8,0.2,11.1,0,False
1772740191.673,2815,0.8,80.4,0.3,11.1,0,False
1772740191.768,2816,0.9,80.3,0.2,11.1,0,False
1772740191.863,2817,0.8,81.5,0.3,11.0,0,False
1772740191.957,2818,0.9,81.6,0.3,11.0,0,False
1772740192.052,2819,1.3,80.7,0.2,11.0,0,False
1772740192.146,2820,0.8,80.5,0.2,10.9,0,False
1772740192.249,2821,1.4,88.2,0.2,10.9,0,False
1772740192.347,2822,0.8,83.5,0.2,10.8,0,False
1772740192.451,2823,0.8,87.8,0.2,10.7,0,False
1772740192.547,2824,0.8,79.6,0.2,10.7,0,False
1772740192.643,2825,0.8,81.5,0.2,10.6,0,False
1772740192.738,2826,0.8,79.7,0.2,10.6,0,False
1772740192.833,2827,0.9,80.1,0.2,10.5,0,False
1772740192.929,2828,0.8,80.3,0.2,10.5,0,False
1772740193.023,2829,0.8,79.8,0.2,10.5,0,False
1772740193.117,2830,0.8,80.2,0.2,10.5,0,False
1772740193.213,2831,0.8,82.8,0.2,10.4,0,False
1772740193.310,2832,0.8,80.3,0.4,10.4,0,False
1772740193.405,2833,0.8,80.3,0.2,10.4,0,False
1772740193.506,2834,0.8,79.9,0.2,10.4,0,False
1772740193.601,2835,0.8,79.6,0.3,10.4,0,False
1772740193.695,2836,0.8,79.6,0.3,10.4,0,False
1772740193.786,2837,0.8,79.8,0.3,10.4,0,False
1772740193.875,2838,0.8,79.5,0.3,10.4,0,False
1772740193.964,2839,0.8,80.2,0.2,10.5,0,False
1772740194.054,2840,0.8,79.9,0.2,10.5,0,False
1772740194.144,2841,0.8,80.2,0.2,10.6,0,False
1772740194.236,2842,0.8,83.0,0.2,10.6,0,False
1772740194.326,2843,0.8,80.0,0.2,10.7,0,False
1772740194.416,2844,0.8,79.7,0.3,10.7,0,False
1772740194.508,2845,0.8,82.6,0.2,10.7,0,False
1772740194.598,2846,0.8,80.0,0.2,10.8,0,False
1772740194.688,2847,0.8,79.6,0.2,10.8,0,False
1772740194.777,2848,0.8,79.6,0.2,10.8,0,False
1772740194.866,2849,0.8,80.9,0.3,10.9,0,False
1772740194.956,2850,0.8,79.7,0.2,10.9,0,False
1772740195.047,2851,1.6,80.4,0.3,10.9,0,False
1772740195.136,2852,0.8,79.8,0.2,11.0,0,False
1772740195.228,2853,0.8,83.2,0.2,11.0,0,False
1772740195.326,2854,0.9,85.3,0.2,11.0,1,True
1772740195.416,2855,0.8,79.9,0.2,11.0,1,True
1772740195.507,2856,0.8,79.8,0.2,11.0,2,True
1772740195.596,2857,0.8,80.4,0.2,11.0,0,True
1772740195.685,2858,1.0,80.5,0.2,11.0,0,True
1772740195.773,2859,0.8,79.7,0.2,11.1,0,True
1772740195.862,2860,0.8,79.9,0.2,11.1,0,True
1772740195.950,2861,0.8,79.6,0.2,11.1,0,True
1772740196.038,2862,0.8,79.5,0.2,11.1,0,True
1772740196.130,2863,0.8,82.0,0.2,11.1,0,True
1772740196.222,2864,0.8,82.2,0.2,11.1,0,True
1772740196.310,2865,0.8,80.0,0.3,11.1,0,True
1772740196.399,2866,0.8,79.9,0.2,11.1,0,True
1772740196.487,2867,0.8,79.6,0.2,11.1,0,True
1772740196.576,2868,1.0,80.3,0.2,11.1,0,True
1772740196.664,2869,0.8,79.9,0.2,11.1,0,True
1772740196.753,2870,0.8,79.8,0.2,11.1,0,True
1772740196.841,2871,0.8,79.5,0.2,11.1,0,True
1772740196.929,2872,0.8,79.4,0.2,11.2,0,True
1772740197.016,2873,0.8,78.5,0.3,11.2,0,True
1772740197.103,2874,0.8,79.6,0.2,11.3,0,True
1772740197.192,2875,0.8,81.9,0.3,11.3,0,True
1772740197.282,2876,1.0,80.7,0.2,11.3,0,True
1772740197.370,2877,0.8,79.8,0.2,11.3,0,True
1772740197.459,2878,0.8,80.0,0.2,11.3,0,True
1772740197.547,2879,0.8,79.9,0.2,11.3,0,True
1772740197.641,2880,0.8,85.2,0.2,11.2,0,True
1772740197.733,2881,1.5,81.5,0.2,11.2,0,True
1772740197.820,2882,0.8,79.5,0.2,11.2,0,True
1772740197.910,2883,0.8,81.7,0.2,11.2,0,True
1772740197.998,2884,0.8,79.6,0.2,11.3,0,True
1772740198.087,2885,0.8,80.2,0.2,11.3,0,True
1772740198.177,2886,0.8,79.6,0.2,11.2,0,False
1772740198.268,2887,0.8,82.7,0.2,11.2,0,False
1772740198.357,2888,0.8,81.0,0.2,11.2,0,False
1772740198.444,2889,0.8,79.5,0.2,11.2,0,False
1772740198.533,2890,0.8,80.0,0.2,11.2,0,False
1772740198.623,2891,0.8,79.8,0.3,11.2,0,False
1772740198.712,2892,0.8,79.9,0.2,11.2,0,False
1772740198.802,2893,0.8,81.6,0.3,11.2,0,False
1772740198.892,2894,0.8,80.2,0.2,11.2,0,False
1772740198.980,2895,0.8,79.7,0.2,11.2,0,False
1772740199.067,2896,0.8,77.3,0.2,11.2,0,False
1772740199.405,2897,0.8,80.2,0.2,9.8,0,False
1772740199.504,2898,0.9,89.7,0.3,9.8,0,False
1772740199.593,2899,0.9,80.1,0.2,9.8,0,False
1772740199.686,2900,0.8,80.0,0.2,9.8,0,False
1772740199.783,2901,0.8,80.2,0.2,9.8,0,False
1772740199.872,2902,0.8,79.7,0.2,9.7,0,False
1772740199.964,2903,0.8,80.3,0.3,9.7,0,False
1772740200.054,2904,0.8,80.0,0.2,9.7,0,False
1772740200.144,2905,1.0,80.1,0.2,9.7,0,False
1772740200.235,2906,0.8,81.1,0.2,9.7,0,False
1772740200.326,2907,0.8,81.6,0.3,9.7,0,False
1772740200.415,2908,0.8,79.8,0.2,9.7,0,False
1772740200.503,2909,0.8,79.6,0.2,9.7,0,False
1772740200.593,2910,0.8,79.9,0.2,9.7,0,False
1772740200.683,2911,1.5,80.2,0.2,9.7,0,False
1772740200.774,2912,1.1,80.6,0.2,9.7,0,False
1772740200.863,2913,0.8,80.1,0.2,9.7,0,False
1772740200.952,2914,0.8,80.1,0.3,9.7,0,False
1772740201.040,2915,0.9,79.8,0.2,9.7,0,False
1772740201.128,2916,0.9,80.1,0.2,9.7,0,False
1772740201.219,2917,1.1,82.6,0.2,11.0,0,False
1772740201.307,2918,0.8,79.8,0.2,11.1,0,False
1772740201.396,2919,0.8,80.5,0.2,11.1,0,False
1772740201.484,2920,0.8,79.7,0.2,11.1,0,False
1772740201.572,2921,0.9,79.7,0.2,11.2,0,False
1772740201.661,2922,0.8,81.6,0.3,11.2,0,False
1772740201.749,2923,0.8,79.5,0.2,11.2,0,False
1772740201.837,2924,0.8,80.1,0.3,11.2,0,False
1772740201.926,2925,1.1,80.0,0.3,11.2,0,False
1772740202.014,2926,0.9,80.3,0.2,11.2,0,False
1772740202.102,2927,0.8,79.6,0.3,11.3,0,False
1772740202.192,2928,0.8,81.4,0.3,11.3,0,False
1772740202.281,2929,0.8,80.0,0.2,11.2,0,False
1772740202.371,2930,1.0,80.7,0.2,11.2,0,False
1772740202.458,2931,0.8,79.3,0.2,11.3,0,False
1772740202.546,2932,0.8,79.5,0.3,11.3,0,False
1772740202.634,2933,0.8,79.6,0.2,11.3,0,False
1772740202.722,2934,0.9,79.6,0.2,11.3,0,False
1772740202.811,2935,0.8,79.7,0.5,11.3,0,False
1772740202.899,2936,0.8,79.0,0.2,11.3,0,False
1772740202.987,2937,0.8,79.8,0.2,11.3,0,False
1772740203.076,2938,1.0,80.6,0.2,11.3,0,False
1772740203.164,2939,0.8,79.8,0.2,11.3,0,False
1772740203.253,2940,0.8,81.5,0.4,11.3,0,False
1772740203.343,2941,1.5,80.0,0.2,11.3,0,False
1772740203.431,2942,0.8,80.0,0.2,11.3,0,False
1772740203.520,2943,1.0,81.5,0.2,11.3,0,False
1772740203.607,2944,0.8,79.3,0.2,11.3,0,False
1772740203.695,2945,0.8,79.6,0.2,11.3,1,True
1772740203.784,2946,0.8,79.6,0.2,11.3,1,True
1772740203.873,2947,0.8,80.2,0.2,11.3,1,True
1772740203.961,2948,0.8,79.6,0.3,11.3,0,True
1772740204.050,2949,0.8,79.5,0.2,11.3,0,True
1772740204.141,2950,0.9,79.9,0.2,11.3,0,True
1772740204.240,2951,0.8,81.1,0.2,11.2,0,True
1772740204.334,2952,0.8,80.2,0.2,11.2,0,True
1772740204.441,2953,0.9,79.2,0.3,11.1,0,True
1772740204.537,2954,0.9,82.4,0.2,11.0,0,True
1772740204.625,2955,0.8,79.5,0.2,11.0,0,True
1772740204.714,2956,0.8,79.4,0.2,11.0,0,True
1772740204.811,2957,0.8,79.5,0.2,11.0,0,True
1772740204.912,2958,0.8,79.3,0.2,10.9,0,True
1772740205.010,2959,0.7,80.2,0.3,10.8,0,True
1772740205.110,2960,0.8,79.4,0.3,10.8,0,True
1772740205.208,2961,0.8,86.2,0.2,10.7,0,True
1772740205.307,2962,0.8,82.8,0.4,10.7,0,True
1772740205.399,2963,0.8,79.7,0.2,10.6,0,True
1772740205.491,2964,0.8,80.9,0.2,10.6,0,True
1772740205.582,2965,0.8,79.8,0.2,10.6,0,True
1772740205.675,2966,0.8,81.3,0.2,10.6,0,True
1772740205.765,2967,0.8,79.7,0.2,10.6,0,True
1772740205.856,2968,0.8,79.4,0.3,10.6,0,True
1772740205.947,2969,0.8,79.5,0.2,10.5,0,True
1772740206.036,2970,0.8,78.2,0.2,10.6,0,True
1772740206.130,2971,1.1,79.9,0.2,10.6,0,True
1772740206.223,2972,0.8,82.5,0.2,10.6,0,True
1772740206.313,2973,0.8,79.6,0.2,10.7,0,True
1772740206.404,2974,0.9,80.6,0.2,10.7,0,True
1772740206.495,2975,1.2,80.9,0.2,10.7,0,True
1772740206.584,2976,0.8,79.2,0.2,10.7,0,True
1772740206.676,2977,0.8,81.6,0.2,10.7,0,False
1772740206.766,2978,0.8,80.2,0.2,10.8,0,False
1772740206.858,2979,0.8,80.7,0.2,10.8,0,False
1772740206.948,2980,0.8,79.9,0.2,10.9,0,False
1772740207.039,2981,0.8,80.5,0.2,10.9,0,False
1772740207.130,2982,0.8,80.6,0.2,11.0,0,False
1772740207.222,2983,0.8,82.4,0.2,11.0,0,False
1772740207.313,2984,0.9,78.9,0.2,11.0,0,False
1772740207.404,2985,0.8,80.3,0.2,11.0,0,False
1772740207.497,2986,0.8,81.8,0.2,11.0,0,False
1772740207.588,2987,0.8,80.6,0.2,11.0,0,False
1772740207.680,2988,0.8,81.9,0.2,11.0,0,False
1772740207.771,2989,0.8,80.3,0.2,11.0,0,False
1772740207.864,2990,0.8,79.6,0.3,10.9,0,False
1772740207.958,2991,0.8,80.2,0.2,10.9,0,False
1772740208.050,2992,0.8,81.5,0.3,11.0,0,False
1772740208.140,2993,0.8,80.2,0.2,10.9,0,False
1772740208.242,2994,0.8,83.8,0.4,10.9,0,False
1772740208.345,2995,0.8,80.1,0.2,10.8,0,False
1772740208.445,2996,0.8,80.1,0.3,10.7,0,False
1772740208.565,2997,1.1,81.3,0.2,10.6,0,False
1772740208.676,2998,0.8,80.1,0.2,10.5,0,False
1772740208.807,2999,0.7,80.2,0.2,10.3,0,False
1772740208.928,3000,0.9,80.4,0.2,10.1,0,False
1772740209.055,3001,1.0,83.0,0.2,9.9,0,False
1772740209.177,3002,0.7,80.6,0.2,9.8,0,False
1772740209.298,3003,0.9,82.2,0.2,9.6,0,False
1772740209.396,3004,0.8,80.2,0.2,9.6,0,False
1772740209.499,3005,0.8,87.6,0.2,9.5,0,False
1772740209.597,3006,0.8,80.3,0.2,9.5,0,False
1772740209.694,3007,1.1,80.8,0.2,9.5,0,False
1772740209.791,3008,0.8,80.2,0.2,9.5,0,False
1772740209.886,3009,0.9,80.0,0.2,9.5,0,False
1772740209.984,3010,0.8,80.1,0.2,9.4,0,False
1772740210.083,3011,0.8,80.1,0.2,9.4,0,False
1772740210.179,3012,0.8,80.2,0.2,9.4,0,False
1772740210.275,3013,0.8,82.3,0.2,9.4,0,False
1772740210.371,3014,0.8,79.7,0.2,9.4,0,False
1772740210.467,3015,0.8,80.5,0.3,9.4,0,False
1772740210.561,3016,0.8,80.4,0.2,9.5,0,False
1772740210.658,3017,0.8,81.4,0.2,9.6,0,False
1772740210.753,3018,0.9,79.8,0.2,9.6,0,False
1772740210.850,3019,0.8,79.8,0.2,9.8,0,False
1772740210.944,3020,0.8,79.8,0.2,9.9,0,False
1772740211.038,3021,0.8,79.7,0.2,10.1,0,False
1772740211.132,3022,0.8,80.1,0.3,10.2,0,False
1772740211.229,3023,0.8,81.3,0.2,10.4,0,False
1772740211.326,3024,0.8,80.9,0.2,10.4,0,False
1772740211.424,3025,0.8,79.5,0.2,10.4,0,False
1772740211.533,3026,0.8,80.2,0.2,10.3,0,False
1772740211.641,3027,0.7,81.0,0.2,10.3,0,False
1772740211.754,3028,1.5,80.7,0.2,10.2,0,False
1772740211.866,3029,0.9,79.8,0.2,10.1,0,False
1772740211.976,3030,0.9,79.8,0.2,10.0,0,False
1772740212.081,3031,1.2,81.5,0.2,10.0,0,False
1772740212.182,3032,0.8,78.6,0.3,10.0,0,False
1772740212.291,3033,1.1,80.4,0.2,9.9,0,False
1772740212.409,3034,0.8,80.5,0.2,9.8,0,False
1772740212.503,3035,0.9,79.9,0.2,9.8,0,False
1772740212.608,3036,0.8,79.7,0.2,9.8,0,False
1772740212.716,3037,0.8,79.8,0.2,9.7,0,False
1772740212.828,3038,1.0,79.2,0.2,9.6,0,False
1772740212.948,3039,1.1,80.6,0.2,9.5,0,False
1772740213.048,3040,1.0,80.2,0.2,9.5,0,False
1772740213.147,3041,0.8,81.3,0.3,9.5,0,False
1772740213.252,3042,0.8,84.2,0.2,9.4,0,False
1772740213.350,3043,0.8,79.7,0.2,9.4,0,False
1772740213.448,3044,1.1,79.8,0.2,9.4,0,False
1772740213.546,3045,0.7,80.3,0.2,9.4,0,False
1772740213.644,3046,0.8,79.9,0.2,9.5,0,False
1772740213.738,3047,0.8,81.0,0.2,9.5,0,False
1772740213.838,3048,0.8,79.8,0.2,9.6,0,False
1772740213.934,3049,0.8,80.0,0.2,9.7,0,False
1772740214.030,3050,0.8,80.0,0.2,9.7,0,False
1772740214.125,3051,0.8,80.0,0.2,9.8,0,False
1772740214.225,3052,0.8,84.1,0.2,9.8,0,False
1772740214.323,3053,0.8,80.5,0.2,9.8,0,False
1772740214.421,3054,0.8,79.9,0.2,9.9,0,False
1772740214.534,3055,0.8,97.9,0.2,9.8,0,False
1772740214.632,3056,0.8,81.2,0.2,9.9,0,False
1772740214.728,3057,0.8,78.7,0.2,9.9,0,False
1772740214.824,3058,0.8,80.7,0.2,10.0,0,False
1772740214.919,3059,0.8,80.0,0.2,10.1,0,False
1772740215.014,3060,0.8,79.7,0.2,10.2,0,False
1772740215.111,3061,1.5,77.9,0.2,10.2,0,False
1772740215.433,3062,0.8,80.2,0.2,9.2,0,False
1772740215.555,3063,0.9,80.9,0.2,9.1,0,False
1772740215.683,3064,1.0,80.8,0.2,8.9,0,False
1772740215.794,3065,1.0,81.8,0.2,8.9,0,False
1772740215.905,3066,0.8,81.9,0.2,8.8,0,False
1772740216.009,3067,0.7,83.4,0.2,8.8,0,False
1772740216.146,3068,0.8,82.0,0.2,8.7,0,False
1772740216.285,3069,0.9,113.7,0.2,8.5,0,False
1772740216.417,3070,0.8,83.8,0.2,8.4,0,False
1772740216.521,3071,0.7,81.6,0.2,8.3,0,False
1772740216.624,3072,0.8,84.0,0.2,8.3,0,False
1772740216.749,3073,0.8,98.8,0.2,8.2,0,False
1772740216.891,3074,0.9,94.3,0.2,8.1,0,False
1772740217.010,3075,0.8,84.0,0.2,8.1,0,False
1772740217.138,3076,0.9,87.5,0.3,8.0,0,False
1772740217.269,3077,0.9,113.3,0.2,7.9,0,False
1772740217.380,3078,0.8,87.5,0.2,7.8,0,False
1772740217.477,3079,0.8,84.7,0.2,7.8,0,False
1772740217.570,3080,0.8,80.5,0.2,7.8,0,False
1772740217.664,3081,0.8,80.6,0.2,7.8,0,False
1772740217.759,3082,0.8,80.3,0.2,8.6,0,False
1772740217.852,3083,0.8,80.4,0.2,8.7,0,False
1772740217.943,3084,0.8,80.1,0.2,8.9,0,False
1772740218.035,3085,0.8,80.3,0.2,8.9,0,False
1772740218.128,3086,0.8,79.9,0.2,9.0,0,False
1772740218.220,3087,0.8,82.6,0.2,9.0,0,False
1772740218.312,3088,0.8,80.2,0.2,9.2,0,False
1772740218.403,3089,0.8,81.0,0.3,9.4,0,False
1772740218.493,3090,0.8,80.1,0.2,9.6,0,False
1772740218.589,3091,1.6,81.2,0.2,9.7,0,False
1772740218.683,3092,0.8,80.2,0.2,9.7,0,False
1772740218.774,3093,0.8,80.0,0.2,9.9,0,False
1772740218.868,3094,0.8,81.3,0.2,10.1,0,False
1772740218.959,3095,0.8,79.7,0.2,10.3,0,False
1772740219.051,3096,0.8,79.5,0.2,10.5,0,False
1772740219.140,3097,0.8,79.6,0.2,10.7,0,False
1772740219.243,3098,0.8,91.9,0.2,10.7,0,False
1772740219.338,3099,0.8,82.6,0.3,10.7,0,False
1772740219.428,3100,0.8,78.7,0.3,10.8,0,False
1772740219.524,3101,0.8,83.8,0.3,10.8,0,False
1772740219.620,3102,0.8,78.7,0.2,10.7,0,False
1772740219.717,3103,0.8,80.9,0.2,10.7,0,False
1772740219.823,3104,0.8,89.3,0.2,10.6,0,False
1772740219.926,3105,0.8,80.3,0.2,10.6,0,False
1772740220.021,3106,0.8,80.2,0.2,10.6,0,False
1772740220.114,3107,0.8,80.5,0.2,10.6,0,False
1772740220.212,3108,0.8,81.6,0.2,10.5,0,False
1772740220.311,3109,0.8,87.4,0.2,10.5,0,False
1772740220.401,3110,0.8,80.2,0.2,10.5,0,False
1772740220.492,3111,0.8,81.8,0.2,10.5,0,False
1772740220.582,3112,0.8,80.2,0.2,10.5,0,False
1772740220.672,3113,0.8,80.3,0.2,10.5,0,False
1772740220.762,3114,0.8,80.0,0.2,10.6,0,False
1772740220.851,3115,0.8,80.4,0.2,10.6,0,False
1772740220.940,3116,1.1,81.1,0.3,10.6,0,False
1772740221.029,3117,0.8,81.1,0.2,10.6,0,False
1772740221.120,3118,0.8,81.2,0.3,10.7,0,False
1772740221.213,3119,0.8,83.0,0.3,10.7,0,False
1772740221.303,3120,0.8,81.1,0.2,10.7,0,False
1772740221.396,3121,1.0,80.6,0.2,10.7,0,False
1772740221.488,3122,0.8,80.7,0.3,10.7,0,False
1772740221.580,3123,0.8,80.7,0.2,10.7,0,False
1772740221.671,3124,0.8,80.8,0.2,10.8,0,False
1772740221.765,3125,0.8,80.8,0.2,10.9,0,False
1772740221.860,3126,0.8,80.9,0.2,10.9,0,False
1772740221.963,3127,0.8,80.5,0.2,10.8,0,False
1772740222.068,3128,1.1,81.9,0.3,10.8,0,False
1772740222.170,3129,0.7,81.5,0.4,10.8,0,False
1772740222.271,3130,0.8,82.6,0.2,10.7,0,False
1772740222.366,3131,0.8,79.6,0.2,10.7,0,False
1772740222.457,3132,0.8,79.4,0.2,10.7,0,False
1772740222.554,3133,0.8,79.7,0.2,10.6,0,False
1772740222.645,3134,0.8,80.0,0.3,10.6,0,False
1772740222.740,3135,0.8,79.6,0.2,10.6,0,False
1772740222.834,3136,0.8,80.9,0.3,10.6,0,False
1772740222.927,3137,0.8,80.0,0.2,10.5,0,False
1772740223.019,3138,0.8,79.1,0.3,10.5,0,False
1772740223.114,3139,0.8,78.6,0.2,10.5,0,False
1772740223.211,3140,0.8,83.1,0.2,10.5,0,False
1772740223.304,3141,0.8,80.3,0.2,10.5,0,False
1772740223.406,3142,0.8,83.3,0.2,10.4,0,False
1772740223.508,3143,0.8,88.2,0.2,10.4,0,False
1772740223.606,3144,0.8,80.9,0.2,10.3,0,False
1772740223.702,3145,0.8,81.0,0.2,10.3,0,False
1772740223.797,3146,0.8,81.8,0.2,10.3,0,False
1772740223.890,3147,0.8,80.8,0.2,10.4,0,False
1772740223.988,3148,0.8,82.8,0.2,10.4,0,False
1772740224.086,3149,0.8,80.6,0.2,10.4,0,False
1772740224.178,3150,0.9,80.4,0.2,10.5,0,False
1772740224.276,3151,1.8,83.8,0.2,10.5,0,False
1772740224.374,3152,0.8,80.9,0.2,10.4,0,False
1772740224.469,3153,0.8,82.3,0.2,10.4,0,False
1772740224.563,3154,0.8,81.1,0.2,10.4,0,False
1772740224.657,3155,1.2,81.8,0.2,10.4,0,False
1772740224.750,3156,0.8,81.0,0.2,10.4,0,False
1772740224.843,3157,1.1,82.1,0.2,10.4,0,False
1772740224.936,3158,0.8,80.7,0.2,10.4,0,False
1772740225.033,3159,1.0,81.8,0.2,10.4,0,False
1772740225.130,3160,0.8,81.2,0.3,10.4,0,False
1772740225.227,3161,0.8,84.1,0.2,10.4,0,False
1772740225.321,3162,0.8,82.0,0.2,10.4,0,False
1772740225.415,3163,0.8,81.2,0.2,10.5,0,False
1772740225.510,3164,0.8,82.4,0.3,10.5,0,False
1772740225.606,3165,0.8,81.3,0.2,10.5,0,False
1772740225.715,3166,0.8,81.1,0.2,10.4,0,False
1772740225.825,3167,1.2,81.8,0.2,10.3,0,False
1772740225.922,3168,0.9,82.8,0.2,10.3,0,False
1772740226.011,3169,0.8,81.0,0.2,10.4,0,False
1772740226.101,3170,0.9,82.3,0.2,10.4,0,False
1772740226.200,3171,0.8,91.4,0.2,10.4,0,False
1772740226.290,3172,0.8,79.9,0.2,10.4,0,False
1772740226.378,3173,0.8,80.0,0.2,10.5,0,False
1772740226.466,3174,0.8,80.8,0.2,10.5,0,False
1772740226.554,3175,0.8,80.4,0.2,10.5,0,False
1772740226.640,3176,0.8,78.4,0.2,10.6,0,False
1772740226.728,3177,0.8,80.2,0.2,10.6,0,False
1772740226.815,3178,0.8,80.2,0.2,10.6,0,False
1772740226.903,3179,0.8,80.5,0.2,10.7,0,False
1772740226.992,3180,1.2,81.0,0.2,10.7,0,False
1772740227.082,3181,1.5,81.1,0.2,10.8,0,False
1772740227.170,3182,0.9,80.1,0.3,10.8,0,False
1772740227.260,3183,0.8,82.5,0.2,10.8,0,False
1772740227.348,3184,0.8,80.7,0.3,10.9,0,False
1772740227.438,3185,1.0,81.5,0.2,10.9,0,False
1772740227.526,3186,0.8,80.6,0.2,11.0,0,False
1772740227.613,3187,0.8,80.0,0.2,11.2,0,False
1772740227.701,3188,0.8,80.2,0.2,11.2,0,False
1772740227.789,3189,0.8,80.1,0.2,11.3,0,False
1772740227.877,3190,0.8,80.0,0.4,11.3,0,False
1772740227.968,3191,0.8,80.0,0.2,11.3,0,False
1772740228.077,3192,0.8,80.6,0.2,11.2,0,False
                                                                                                                                                                                                                                                                                                                                                                                                                                                                                                                                                                                                                                                                                                                                                              