timestamp,frame_number,preprocess_ms,inference_ms,postprocess_ms,fps,objects_detected,alert_active
1772741321.700,1,13.7,331.6,4.7,0.0,0,False
1772741323.994,2,2.6,146.9,0.9,0.4,0,False
1772741324.152,3,1.6,136.6,0.3,0.8,0,False
1772741324.259,4,0.9,89.6,0.2,1.2,0,False
1772741324.354,5,1.6,82.0,0.2,1.5,0,False
1772741324.453,6,1.5,85.6,0.3,1.8,0,False
1772741324.544,7,1.5,77.0,0.2,2.1,0,False
1772741324.836,8,0.9,86.2,0.2,2.2,0,False
1772741324.944,9,0.9,91.2,0.2,2.5,0,False
1772741325.039,10,1.5,80.2,0.2,2.7,0,False
1772741325.141,11,1.6,79.7,0.2,2.9,0,False
1772741325.239,12,1.4,79.5,0.2,3.1,0,False
1772741325.342,13,1.5,79.1,0.3,3.3,0,False
1772741325.458,14,1.3,95.0,0.2,3.5,0,False
1772741325.561,15,1.3,81.9,0.2,3.6,0,False
1772741325.663,16,1.5,79.9,0.2,3.8,0,False
1772741325.766,17,1.5,79.9,0.2,3.9,0,False
1772741325.863,18,1.3,81.1,0.2,4.1,0,False
1772741325.962,19,1.5,79.7,0.2,4.2,0,False
1772741326.062,20,1.6,79.6,0.2,4.4,0,False
1772741326.155,21,1.5,81.1,0.4,4.5,0,False
1772741326.251,22,1.5,79.8,0.2,8.9,0,False
1772741326.362,23,2.1,80.8,0.2,9.1,0,False
1772741326.465,24,0.8,86.1,0.2,9.1,0,False
1772741326.555,25,1.5,77.2,0.3,9.1,0,False
1772741326.834,26,0.9,79.8,0.2,8.4,0,False
1772741326.945,27,0.9,81.7,0.2,8.3,0,False
1772741327.048,28,1.3,82.7,0.2,9.0,0,False
1772741327.162,29,1.6,99.6,0.2,9.0,0,False
1772741327.279,30,0.8,81.3,0.2,8.9,0,False
1772741327.390,31,0.8,83.2,0.2,8.9,0,False
1772741327.495,32,1.4,82.5,0.2,8.9,0,False
1772741327.605,33,1.3,80.2,0.2,8.8,0,False
1772741327.713,34,0.8,81.6,0.2,8.9,0,False
1772741327.843,35,1.3,79.5,0.2,8.8,0,False
1772741327.960,36,0.8,83.0,0.2,8.7,0,False
1772741328.064,37,1.1,82.9,0.3,8.7,0,False
1772741328.174,38,1.6,79.6,0.2,8.7,0,False
1772741328.287,39,1.3,80.2,0.2,8.6,0,False
1772741328.393,40,1.3,79.8,0.2,8.6,0,False
1772741328.539,41,1.3,116.7,0.2,8.4,0,False
1772741328.641,42,0.8,80.1,0.3,8.4,0,False
1772741328.849,43,0.8,79.6,0.2,8.0,0,False
1772741328.942,44,0.8,84.5,0.2,8.1,0,False
1772741329.033,45,1.6,79.9,0.2,8.1,0,False
1772741329.124,46,1.6,81.4,0.2,8.7,0,False
1772741329.214,47,1.5,80.0,0.2,8.8,0,False
1772741329.304,48,1.6,79.7,0.3,8.9,0,False
1772741329.392,49,1.5,79.7,0.2,9.0,0,False
1772741329.489,50,1.6,86.8,0.2,9.0,0,False
1772741329.589,51,1.5,89.7,0.2,9.1,0,False
1772741329.680,52,1.5,82.1,0.2,9.2,0,False
1772741329.769,53,1.5,79.2,0.2,9.2,0,False
1772741329.858,54,1.5,79.9,0.2,9.3,0,False
1772741329.954,55,1.3,83.1,0.3,9.5,0,False
1772741330.054,56,1.5,85.6,0.3,9.6,0,False
1772741330.167,57,1.5,79.9,0.2,9.5,0,False
1772741330.263,58,0.8,81.6,0.2,9.6,0,False
1772741330.358,59,1.7,80.1,0.2,9.7,0,False
1772741330.462,60,1.6,88.3,0.2,9.7,0,False
1772741330.565,61,1.3,78.7,0.2,9.9,0,False
1772741330.852,62,0.9,80.2,0.2,9.0,0,False
1772741330.952,63,0.8,83.7,0.2,9.5,0,False
1772741331.049,64,1.6,79.3,0.2,9.5,0,False
1772741331.143,65,1.5,79.7,0.2,9.5,0,False
1772741331.240,66,1.6,80.0,0.2,9.5,0,False
1772741331.339,67,1.6,79.6,0.2,9.4,0,False
1772741331.450,68,2.1,89.8,0.2,9.3,0,False
1772741331.552,69,1.5,83.3,0.2,9.3,0,False
1772741331.656,70,1.6,80.0,0.2,9.2,0,False
1772741331.753,71,1.4,79.8,0.2,9.2,0,False
1772741331.851,72,1.4,80.3,0.2,9.2,0,False
1772741331.949,73,1.6,80.3,0.2,9.2,0,False
1772741332.052,74,1.5,79.8,0.2,9.1,0,False
1772741332.152,75,1.4,80.2,0.2,9.1,0,False
1772741332.248,76,1.6,81.1,0.3,9.1,0,False
1772741332.363,77,1.6,80.7,0.2,9.1,0,False
1772741332.470,78,0.8,84.2,0.2,9.1,0,False
1772741332.562,79,1.3,77.8,0.2,9.1,0,False
1772741332.850,80,0.9,80.2,0.2,8.4,0,False
1772741332.960,81,0.8,97.7,0.2,8.4,0,False
1772741333.055,82,1.2,82.7,0.2,9.1,0,False
1772741333.152,83,1.3,80.7,0.3,9.1,0,False
1772741333.246,84,1.3,81.0,0.3,9.1,0,False
1772741333.344,85,1.6,80.7,0.2,9.1,0,False
1772741333.446,86,1.5,85.8,0.2,9.1,0,False
1772741333.545,87,1.3,81.0,0.2,9.1,0,False
1772741333.639,88,1.2,80.9,0.2,9.1,0,False
1772741333.732,89,1.3,83.0,0.2,9.2,0,False
1772741333.828,90,1.2,81.0,0.2,9.2,0,False
1772741333.926,91,1.5,83.7,0.2,9.2,0,False
1772741334.020,92,1.6,81.2,0.2,9.2,0,False
1772741334.135,93,1.5,80.6,0.2,9.1,0,False
1772741334.247,94,0.8,82.6,0.2,9.1,0,False
1772741334.343,95,0.8,82.6,0.2,9.1,0,False
1772741334.452,96,1.6,85.5,0.2,9.1,0,False
1772741334.549,97,1.4,77.5,0.2,9.1,0,False
1772741334.859,98,0.9,81.4,0.2,8.4,0,False
1772741334.985,99,0.8,87.1,0.2,8.3,0,False
1772741335.122,100,0.8,88.2,0.3,8.8,0,False
1772741335.248,101,1.4,81.1,0.4,8.7,0,False
1772741335.369,102,0.8,82.6,0.2,8.6,0,False
1772741335.493,103,0.8,85.5,0.2,8.5,0,False
1772741335.588,104,1.4,81.5,0.5,8.5,0,False
1772741335.681,105,1.5,80.5,0.2,8.6,0,False
1772741335.787,106,0.8,97.8,0.2,8.5,0,False
1772741335.894,107,0.8,97.0,0.3,8.5,0,False
1772741335.997,108,0.8,92.1,0.3,8.5,0,False
1772741336.102,109,0.8,96.3,0.3,8.4,0,False
1772741336.200,110,0.8,88.6,0.2,8.4,0,False
1772741336.296,111,0.8,87.5,0.3,8.4,0,False
1772741336.394,112,0.8,86.4,0.2,8.4,0,False
1772741336.490,113,0.8,83.3,0.2,8.5,0,False
1772741336.583,114,1.5,81.9,0.2,8.6,0,False
1772741336.866,115,0.8,89.5,0.2,7.9,0,False
1772741336.992,116,0.8,91.6,0.2,7.9,0,False
1772741337.094,117,0.8,88.0,0.2,7.9,0,False
1772741337.193,118,0.8,88.0,0.2,8.6,0,False
1772741337.292,119,0.8,88.1,0.3,8.7,0,False
1772741337.390,120,0.8,87.3,0.2,8.8,0,False
1772741337.486,121,1.7,84.7,0.2,8.9,0,False
1772741337.592,122,0.9,91.0,0.3,9.0,0,False
1772741337.689,123,0.8,88.4,0.2,9.1,0,False
1772741337.786,124,2.0,85.9,0.2,9.1,0,False
1772741337.880,125,0.8,84.3,0.3,9.1,0,False
1772741337.976,126,1.5,85.0,0.2,9.1,0,False
1772741338.074,127,0.9,88.8,0.2,9.2,0,False
1772741338.169,128,1.1,84.7,0.2,9.2,0,False
1772741338.266,129,0.8,87.3,0.2,9.2,0,False
1772741338.360,130,0.8,83.9,0.2,9.3,0,False
1772741338.470,131,1.6,98.5,0.3,9.2,0,False
1772741338.568,132,1.5,84.9,0.2,9.2,0,False
1772741338.668,133,0.8,89.6,0.4,9.2,0,False
1772741338.773,134,1.2,85.6,0.2,9.1,0,False
1772741338.870,135,1.5,83.5,0.2,10.0,0,False
1772741338.977,136,1.5,94.1,0.3,10.1,0,False
1772741339.092,137,0.8,103.6,0.2,10.0,0,False
1772741339.200,138,0.8,98.7,0.4,10.0,0,False
1772741339.306,139,0.8,97.1,0.2,9.9,0,False
1772741339.414,140,1.5,94.8,0.3,9.9,0,False
1772741339.517,141,0.8,89.3,0.4,9.9,0,False
1772741339.624,142,0.8,96.8,0.3,9.8,0,False
1772741339.728,143,2.0,92.3,0.2,9.8,0,False
1772741339.834,144,0.8,96.2,0.3,9.8,0,False
1772741339.938,145,0.8,95.2,0.2,9.7,0,False
1772741340.042,146,1.5,95.4,0.3,9.7,0,False
1772741340.145,147,0.8,92.4,0.2,9.7,0,False
1772741340.241,148,0.8,86.5,0.2,9.7,0,False
1772741340.337,149,0.8,86.1,0.3,9.7,0,False
1772741340.431,150,0.8,86.5,0.3,9.7,0,False
1772741340.524,151,1.6,82.9,0.2,9.7,0,False
1772741340.619,152,1.4,86.2,0.2,9.8,0,False
1772741340.889,153,0.8,103.7,0.2,9.0,0,False
1772741340.998,154,1.5,98.8,0.2,9.0,0,False
1772741341.094,155,1.2,87.5,0.2,9.0,0,False
1772741341.200,156,0.9,97.8,0.2,9.0,0,False
1772741341.296,157,0.8,87.2,0.2,9.1,0,False
1772741341.413,158,0.8,103.8,0.3,9.0,0,False
1772741341.524,159,0.9,99.8,0.2,9.0,0,False
1772741341.617,160,0.8,85.4,0.2,9.1,0,False
1772741341.709,161,0.8,84.4,0.2,9.1,0,False
1772741341.802,162,0.8,85.7,0.3,9.2,0,False
1772741341.893,163,0.8,83.2,0.2,9.2,0,False
1772741341.993,164,1.2,90.8,0.2,9.3,0,False
1772741342.090,165,0.8,89.4,0.2,9.3,0,False
1772741342.183,166,1.5,84.9,0.2,9.3,0,False
1772741342.277,167,1.1,85.8,0.2,9.4,0,False
1772741342.371,168,0.8,85.7,0.2,9.4,0,False
1772741342.464,169,1.2,85.0,0.2,9.4,0,False
1772741342.559,170,0.8,87.4,0.2,9.4,0,False
1772741342.654,171,0.8,85.9,0.2,9.4,0,False
1772741342.753,172,0.8,91.3,0.2,9.4,0,False
1772741342.848,173,0.8,87.8,0.2,10.2,0,False
1772741342.944,174,0.8,88.7,0.2,10.3,0,False
1772741343.037,175,0.8,86.2,0.2,10.3,0,False
1772741343.135,176,0.9,89.8,0.2,10.3,0,False
1772741343.230,177,0.8,87.0,0.2,10.3,0,False
1772741343.324,178,0.8,85.9,0.2,10.5,0,False
1772741343.424,179,0.8,91.4,0.2,10.5,0,False
1772741343.517,180,1.3,84.5,0.2,10.5,0,False
1772741343.612,181,0.8,86.0,0.2,10.5,0,False
1772741343.710,182,1.2,88.9,0.2,10.5,0,False
1772741343.804,183,1.0,84.1,0.2,10.5,0,False
1772741343.895,184,1.1,81.8,0.2,10.5,0,False
1772741343.988,185,1.9,82.2,0.2,10.5,0,False
1772741344.078,186,0.9,81.8,0.3,10.6,0,False
1772741344.168,187,1.4,80.5,0.2,10.6,0,False
1772741344.258,188,0.9,80.6,0.2,10.6,0,False
1772741344.350,189,1.1,83.3,0.2,10.6,0,False
1772741344.442,190,1.5,82.3,0.2,10.6,0,False
1772741344.529,191,1.5,78.2,0.2,10.7,0,False
1772741344.624,192,1.1,85.6,0.2,10.7,0,False
1772741344.881,193,0.9,85.2,0.2,9.8,0,False
1772741344.971,194,0.8,83.0,0.2,9.9,0,False
1772741345.062,195,2.5,80.4,0.2,9.9,0,False
1772741345.152,196,1.1,81.6,0.2,9.9,0,False
1772741345.242,197,1.5,81.5,0.2,9.9,0,False
1772741345.332,198,1.6,80.5,0.2,10.0,0,False
1772741345.430,199,1.1,88.3,0.2,10.0,0,False
1772741345.530,200,1.2,89.2,0.2,9.9,0,False
1772741345.626,201,1.4,85.2,0.2,9.9,0,False
1772741345.729,202,1.1,92.0,0.2,9.9,0,False
1772741345.828,203,1.1,87.9,0.2,9.9,0,False
1772741345.923,204,1.1,83.1,0.2,9.9,0,False
1772741346.015,205,1.1,82.0,0.2,9.9,0,False
1772741346.104,206,1.6,80.4,0.2,9.9,0,False
1772741346.195,207,0.9,80.2,0.2,9.9,0,False
1772741346.289,208,1.2,82.5,0.2,9.8,0,False
1772741346.395,209,0.8,90.7,0.2,9.8,0,False
1772741346.488,210,1.2,81.9,0.3,9.8,0,False
1772741346.596,211,0.9,91.0,0.3,9.7,0,False
1772741346.697,212,0.8,86.1,0.2,9.6,0,False
1772741346.790,213,1.0,81.7,0.2,10.5,0,False
1772741346.884,214,1.5,82.0,0.2,10.5,0,False
1772741346.983,215,1.5,81.9,0.2,10.4,0,False
1772741347.074,216,1.6,79.9,0.2,10.4,0,False
1772741347.170,217,1.2,82.2,0.2,10.4,0,False
1772741347.268,218,1.2,82.7,0.2,10.3,0,False
1772741347.377,219,1.9,84.6,0.3,10.3,0,False
1772741347.485,220,1.1,95.0,0.2,10.2,0,False
1772741347.587,221,1.0,89.7,0.2,10.2,0,False
1772741347.688,222,0.8,83.9,0.2,10.2,0,False
1772741347.780,223,1.1,80.5,0.2,10.2,0,False
1772741347.879,224,0.8,84.8,0.2,10.2,0,False
1772741347.971,225,1.1,81.2,0.2,10.2,0,False
1772741348.064,226,1.1,82.3,0.5,10.2,0,False
1772741348.156,227,1.1,81.5,0.2,10.2,0,False
1772741348.251,228,1.1,82.1,0.5,10.2,0,False
1772741348.351,229,1.5,82.6,0.2,10.2,0,False
1772741348.448,230,1.0,83.2,0.2,10.2,0,False
1772741348.540,231,1.2,80.0,0.2,10.3,0,False
1772741348.631,232,1.2,79.4,0.2,10.3,0,False
1772741348.890,233,0.8,79.7,0.2,9.5,0,False
1772741348.987,234,1.5,82.7,0.2,9.5,0,False
1772741349.081,235,1.2,82.1,0.2,9.5,0,False
1772741349.176,236,1.1,81.7,0.2,9.5,0,False
1772741349.271,237,1.1,81.7,0.3,9.5,0,False
1772741349.365,238,1.1,81.2,0.3,9.5,0,False
1772741349.481,239,1.2,100.8,0.6,9.5,0,False
1772741349.594,240,1.2,101.1,0.2,9.5,0,False
1772741349.708,241,1.3,99.3,0.3,9.4,0,False
1772741349.815,242,1.0,95.3,0.3,9.4,0,False
1772741349.923,243,1.3,94.3,0.3,9.3,0,False
1772741350.026,244,1.3,91.9,0.2,9.3,0,False
1772741350.133,245,1.7,94.7,0.2,9.2,0,False
1772741350.245,246,0.9,94.3,0.2,9.2,0,False
1772741350.350,247,1.4,95.0,0.3,9.1,0,False
1772741350.466,248,1.8,99.2,0.3,9.0,0,False
1772741350.586,249,1.7,92.6,0.2,9.0,0,False
1772741350.706,250,1.2,92.1,0.2,8.9,0,False
1772741350.823,251,0.8,94.8,0.2,8.8,0,False
1772741350.945,252,0.9,105.8,0.3,8.6,0,False
1772741351.052,253,1.3,98.0,0.2,9.2,0,False
1772741351.186,254,0.8,119.0,0.3,9.1,0,False
1772741351.301,255,1.1,105.8,0.3,9.0,0,False
1772741351.415,256,1.7,100.2,0.3,8.9,0,False
1772741351.536,257,1.2,109.8,0.2,8.8,0,False
1772741351.643,258,1.1,98.0,0.2,8.8,0,False
1772741351.748,259,1.7,96.7,0.2,8.8,0,False
1772741351.845,260,1.3,87.7,0.2,8.9,0,False
1772741351.946,261,1.6,89.9,0.3,8.9,0,False
1772741352.046,262,1.1,90.6,0.3,9.0,0,False
1772741352.162,263,1.2,104.6,0.5,8.9,0,False
1772741352.261,264,1.9,86.9,0.2,9.0,0,False
1772741352.352,265,1.1,82.6,0.2,9.0,0,False
1772741352.450,266,1.1,89.2,0.2,9.1,0,False
1772741352.539,267,1.0,80.3,0.2,9.1,0,False
1772741352.627,268,1.1,78.6,0.2,9.3,0,False
1772741352.901,269,0.8,83.1,0.3,8.6,0,False
1772741352.990,270,1.1,81.3,0.2,8.8,0,False
1772741353.108,271,1.6,101.6,0.2,8.8,0,False
1772741353.208,272,0.8,85.3,0.2,8.8,0,False
1772741353.297,273,1.2,80.0,0.4,8.9,0,False
1772741353.388,274,1.1,81.9,0.2,9.1,0,False
1772741353.480,275,1.1,82.3,0.2,9.2,0,False
1772741353.573,276,1.4,82.1,0.2,9.3,0,False
1772741353.664,277,1.2,82.7,0.2,9.4,0,False
1772741353.756,278,1.2,82.1,0.2,9.5,0,False
1772741353.860,279,1.1,95.2,0.2,9.5,0,False
1772741353.953,280,1.2,84.3,0.2,9.5,0,False
1772741354.045,281,1.2,83.6,0.2,9.5,0,False
1772741354.136,282,1.2,82.1,0.2,9.6,0,False
1772741354.253,283,1.2,108.4,0.2,9.6,0,False
1772741354.353,284,0.8,93.3,0.2,9.6,0,False
1772741354.446,285,1.2,83.9,0.2,9.6,0,False
1772741354.537,286,1.5,81.9,0.2,9.6,0,False
1772741354.630,287,1.5,84.8,0.2,9.6,0,False
1772741354.729,288,1.2,88.9,0.3,9.5,0,False
1772741354.828,289,1.9,88.3,0.3,10.4,0,False
1772741354.919,290,1.3,81.9,0.2,10.4,0,False
1772741355.011,291,1.3,84.2,0.2,10.5,0,False
1772741355.099,292,1.6,79.9,0.2,10.6,0,False
1772741355.189,293,1.2,81.6,0.2,10.6,0,False
1772741355.278,294,1.5,80.7,0.2,10.6,0,False
1772741355.368,295,1.2,82.0,0.3,10.6,0,False
1772741355.470,296,1.6,93.0,0.2,10.5,0,False
1772741355.558,297,1.4,79.6,0.2,10.6,0,False
1772741355.650,298,1.0,82.1,0.3,10.6,0,False
1772741355.741,299,0.9,82.2,0.2,10.6,0,False
1772741355.832,300,1.0,82.5,0.2,10.6,0,False
1772741355.924,301,0.8,81.5,0.2,10.6,0,False
1772741356.016,302,0.9,83.4,0.2,10.6,0,False
1772741356.106,303,1.1,81.5,0.2,10.8,0,False
1772741356.195,304,1.5,80.4,0.3,10.9,0,False
1772741356.292,305,1.5,89.0,0.3,10.8,0,False
1772741356.397,306,1.0,94.9,0.2,10.8,0,False
1772741356.502,307,1.2,95.0,0.2,10.7,0,False
1772741356.595,308,1.7,83.6,0.3,10.7,0,False
1772741356.924,309,0.9,94.0,0.3,9.5,0,False
1772741357.026,310,1.2,94.3,0.2,9.5,0,False
1772741357.143,311,1.1,107.6,0.2,9.4,0,False
1772741357.256,312,1.1,104.4,0.2,9.3,0,False
1772741357.397,313,2.9,123.2,0.3,9.1,0,False
1772741357.502,314,1.5,97.0,0.3,9.0,0,False
1772741357.601,315,1.4,89.9,0.3,9.0,0,False
1772741357.705,316,3.0,92.2,0.3,8.9,0,False
1772741357.817,317,1.3,95.7,0.3,8.9,0,False
1772741357.926,318,1.3,93.5,0.3,8.8,0,False
1772741358.035,319,1.3,94.4,0.2,8.7,0,False
1772741358.143,320,1.3,94.8,0.2,8.7,0,False
1772741358.251,321,1.3,95.2,0.2,8.6,0,False
1772741358.361,322,1.3,95.1,0.2,8.5,0,False
1772741358.473,323,1.6,97.3,0.2,8.5,0,False
1772741358.583,324,1.3,96.3,0.3,8.4,0,False
1772741358.693,325,1.6,94.8,0.3,8.3,0,False
1772741358.804,326,1.3,91.0,0.2,8.3,0,False
1772741358.914,327,1.6,90.1,0.3,8.3,0,False
1772741359.060,328,1.2,106.5,0.5,8.1,0,False
1772741359.229,329,2.1,118.1,0.3,8.7,0,False
1772741359.366,330,1.4,93.5,0.2,8.5,0,False
1772741359.481,331,1.3,97.5,0.2,8.6,0,False
1772741359.609,332,0.9,98.3,0.2,8.5,0,False
1772741359.728,333,1.3,94.3,0.3,8.6,0,False
1772741359.851,334,1.2,99.9,0.3,8.5,0,False
1772741359.975,335,1.3,94.7,0.2,8.4,0,False
1772741360.087,336,0.9,93.4,0.2,8.4,0,False
1772741360.196,337,1.5,96.3,0.3,8.4,0,False
1772741360.304,338,1.3,97.1,0.3,8.4,0,False
1772741360.418,339,1.4,102.6,0.3,8.4,0,False
1772741360.535,340,1.8,104.6,0.3,8.4,0,False
1772741360.642,341,1.4,88.5,0.3,8.4,0,False
1772741360.937,342,0.9,93.3,0.3,7.8,0,False
1772741361.091,343,6.1,135.0,0.3,7.6,0,False
1772741361.213,344,1.2,101.7,0.3,7.6,0,False
1772741361.306,345,1.4,83.0,0.3,7.7,0,False
1772741361.400,346,1.1,83.4,0.2,7.7,0,False
1772741361.495,347,1.1,82.7,0.2,7.7,0,False
1772741361.591,348,1.1,84.1,0.2,7.9,0,False
1772741361.684,349,1.1,82.3,0.3,8.1,0,False
1772741361.777,350,1.4,82.5,0.2,8.3,0,False
1772741361.867,351,1.5,80.6,0.2,8.4,0,False
1772741361.961,352,1.2,83.9,0.2,8.5,0,False
1772741362.054,353,1.1,82.5,0.2,8.6,0,False
1772741362.150,354,1.3,85.9,0.2,8.7,0,False
1772741362.243,355,1.2,82.6,0.3,8.8,0,False
1772741362.338,356,1.0,82.8,0.3,8.9,0,False
1772741362.439,357,1.1,90.0,0.5,8.9,0,False
1772741362.533,358,1.1,82.3,0.3,9.0,0,False
1772741362.635,359,1.0,84.4,0.2,9.0,0,False
1772741362.733,360,1.1,83.1,0.2,9.1,0,False
1772741362.853,361,0.8,95.4,0.2,9.0,0,False
1772741362.967,362,1.3,83.3,0.2,9.9,0,False
1772741363.064,363,0.9,82.2,0.2,10.1,0,False
1772741363.167,364,0.8,83.3,0.2,10.2,0,False
1772741363.265,365,1.1,84.2,0.2,10.2,0,False
1772741363.362,366,1.1,83.1,0.2,10.2,0,False
1772741363.458,367,1.1,83.0,0.2,10.2,0,False
1772741363.552,368,1.1,82.6,0.2,10.2,0,False
1772741363.654,369,1.1,90.5,0.2,10.1,0,False
1772741363.748,370,2.2,80.5,0.2,10.1,0,False
1772741363.845,371,1.2,83.2,0.2,10.1,0,False
1772741363.940,372,1.5,79.7,0.2,10.1,0,False
1772741364.036,373,1.1,80.4,0.2,10.1,0,False
1772741364.155,374,1.2,90.1,0.2,10.0,0,False
1772741364.293,375,0.8,112.3,0.2,9.8,0,False
1772741364.420,376,0.8,91.2,0.2,9.6,0,False
1772741364.525,377,0.7,86.1,0.2,9.6,0,False
1772741364.661,378,1.3,82.8,0.3,9.4,0,False
1772741364.976,379,0.8,93.0,0.3,8.5,0,False
1772741365.104,380,1.3,84.9,0.3,8.4,0,False
1772741365.224,381,1.4,82.0,0.2,8.4,0,False
1772741365.338,382,0.8,83.6,0.2,8.4,0,False
1772741365.457,383,1.4,83.4,0.2,8.4,0,False
1772741365.582,384,1.1,84.3,0.3,8.3,0,False
1772741365.715,385,1.4,84.4,0.3,8.2,0,False
1772741365.845,386,1.7,82.5,0.2,8.1,0,False
1772741365.972,387,2.0,82.2,0.2,8.0,0,False
1772741366.166,388,1.1,141.9,0.3,7.7,0,False
1772741366.309,389,1.1,94.3,0.2,7.5,0,False
1772741366.439,390,0.8,92.7,0.4,7.4,0,False
1772741366.562,391,2.1,85.4,0.2,7.4,0,False
1772741366.698,392,1.3,88.3,0.3,7.3,0,False
1772741366.836,393,3.6,89.2,0.2,7.1,0,False
1772741366.964,394,0.8,82.6,0.3,7.1,0,False
1772741367.075,395,0.9,82.0,0.2,7.2,0,False
1772741367.186,396,1.3,80.4,0.2,7.2,0,False
1772741367.297,397,1.4,83.2,0.2,7.2,0,False
1772741367.407,398,1.3,81.8,0.2,7.3,0,False
1772741367.516,399,1.3,81.6,0.2,7.9,0,False
1772741367.626,400,1.6,82.2,0.2,7.9,0,False
1772741367.741,401,1.4,82.7,0.2,7.9,0,False
1772741367.850,402,1.7,80.2,0.2,8.0,0,False
1772741367.972,403,1.9,83.6,0.3,8.0,0,False
1772741368.098,404,1.8,81.6,0.2,7.9,0,False
1772741368.224,405,1.7,82.4,0.2,8.0,0,False
1772741368.362,406,1.7,82.4,0.2,7.9,0,False
1772741368.490,407,1.7,85.4,0.2,7.9,0,False
1772741368.598,408,1.4,79.0,0.2,8.2,0,False
1772741368.690,409,1.0,80.6,0.2,8.4,0,False
1772741368.948,410,0.9,81.2,0.2,8.0,0,False
1772741369.045,411,0.9,83.1,0.2,8.1,0,False
1772741369.142,412,1.2,82.7,0.2,8.2,0,False
1772741369.240,413,1.3,84.3,0.2,8.3,0,False
1772741369.336,414,1.2,82.4,0.2,8.4,0,False
1772741369.434,415,1.5,85.2,0.2,8.5,0,False
1772741369.528,416,1.6,81.2,0.2,8.5,0,False
1772741369.637,417,1.2,96.2,0.3,8.5,0,False
1772741369.738,418,1.5,85.7,0.2,8.6,0,False
1772741369.836,419,1.5,81.9,0.2,8.6,0,False
1772741369.931,420,1.5,80.9,0.2,8.7,0,False
1772741370.034,421,3.1,84.6,0.2,8.7,0,False
1772741370.131,422,1.4,81.4,0.5,8.8,0,False
1772741370.227,423,1.2,81.1,0.2,8.9,0,False
1772741370.324,424,1.4,81.7,0.2,9.0,0,False
1772741370.424,425,1.2,83.4,0.2,9.1,0,False
1772741370.521,426,0.9,81.7,0.2,9.3,0,False
1772741370.618,427,1.2,84.4,0.2,9.4,0,False
1772741370.714,428,1.2,82.5,0.2,9.5,0,False
1772741370.810,429,1.4,82.4,0.3,9.4,0,False
1772741370.906,430,1.2,82.6,0.2,10.2,0,False
1772741371.006,431,1.5,80.3,0.3,10.2,0,False
1772741371.105,432,1.4,82.3,0.2,10.2,0,False
1772741371.204,433,1.0,82.2,0.3,10.2,0,False
1772741371.311,434,1.1,82.3,0.3,10.1,0,False
1772741371.410,435,1.0,82.5,0.2,10.1,0,False
1772741371.511,436,1.5,84.7,0.2,10.1,0,False
1772741371.612,437,1.1,83.3,0.2,10.1,0,False
1772741371.714,438,1.2,82.4,0.2,10.1,0,False
1772741371.816,439,1.2,82.3,0.3,10.1,0,False
1772741371.924,440,1.2,83.9,0.2,10.0,0,False
1772741372.027,441,1.1,81.0,0.2,10.0,0,False
1772741372.131,442,1.2,82.5,0.2,10.0,0,False
1772741372.228,443,1.2,81.8,0.2,10.0,0,False
1772741372.327,444,1.5,82.2,0.2,10.0,0,False
1772741372.431,445,1.5,82.6,0.3,10.0,0,False
1772741372.536,446,1.1,81.9,0.2,9.9,0,False
1772741372.635,447,1.3,77.8,0.3,9.9,0,False
1772741372.969,448,0.9,80.3,0.3,8.9,0,False
1772741373.089,449,1.0,83.6,0.2,8.8,0,False
1772741373.193,450,1.0,82.5,0.2,8.7,0,False
1772741373.297,451,1.5,84.8,0.3,8.7,0,False
1772741373.409,452,1.2,91.5,0.3,8.7,0,False
1772741373.521,453,1.3,82.7,0.2,8.6,0,False
1772741373.629,454,1.4,80.6,0.2,8.6,0,False
1772741373.741,455,0.7,84.5,0.2,8.6,0,False
1772741373.849,456,1.1,82.8,0.2,8.6,0,False
1772741373.971,457,1.1,85.5,0.2,8.5,0,False
1772741374.084,458,0.8,86.2,0.2,8.4,0,False
1772741374.195,459,1.1,82.5,0.2,8.4,0,False
1772741374.303,460,1.4,81.5,0.2,8.4,0,False
1772741374.410,461,0.8,84.4,0.4,8.4,0,False
1772741374.514,462,1.1,82.4,0.2,8.4,0,False
1772741374.617,463,1.2,84.6,0.2,8.4,0,False
1772741374.714,464,1.1,81.1,0.2,8.4,0,False
1772741374.811,465,1.5,78.7,0.2,8.4,0,False
1772741374.911,466,1.2,82.0,0.2,8.4,0,False
1772741375.011,467,1.4,82.4,0.2,8.4,0,False
1772741375.106,468,1.1,82.8,0.2,9.4,0,False
1772741375.197,469,1.5,80.3,0.2,9.5,0,False
1772741375.293,470,1.1,83.4,0.3,9.5,0,False
1772741375.387,471,1.2,82.0,0.2,9.6,0,False
1772741375.483,472,1.1,84.9,0.2,9.6,0,False
1772741375.578,473,1.1,82.5,0.2,9.7,0,False
1772741375.677,474,1.1,81.6,0.2,9.8,0,False
1772741375.770,475,1.6,80.2,0.2,9.9,0,False
1772741375.867,476,1.2,81.1,0.2,9.9,0,False
1772741375.964,477,1.2,83.1,0.2,10.0,0,False
1772741376.103,478,1.2,123.7,0.2,9.9,0,False
1772741376.199,479,1.4,81.5,0.2,10.0,0,False
1772741376.296,480,1.2,84.6,0.2,10.0,0,False
1772741376.392,481,0.9,83.2,0.2,10.1,0,False
1772741376.486,482,1.4,82.5,0.2,10.1,0,False
1772741376.587,483,1.2,90.5,0.2,10.1,0,False
1772741376.680,484,1.2,78.9,0.2,10.2,0,False
1772741376.978,485,0.9,86.1,0.2,9.2,0,False
1772741377.073,486,0.9,82.5,0.3,9.3,0,False
1772741377.164,487,1.1,80.8,0.2,9.3,0,False
1772741377.256,488,1.2,82.7,0.3,9.3,0,False
1772741377.345,489,1.6,79.4,0.2,9.3,0,False
1772741377.442,490,1.2,88.0,0.3,9.3,0,False
1772741377.549,491,1.2,95.5,0.2,9.2,0,False
1772741377.643,492,1.2,82.2,0.2,9.3,0,False
1772741377.735,493,1.1,82.1,0.2,9.3,0,False
1772741377.828,494,1.6,80.6,0.2,9.3,0,False
1772741377.923,495,1.1,83.0,0.2,9.3,0,False
1772741378.020,496,1.2,81.2,0.2,9.3,0,False
1772741378.117,497,1.1,83.8,0.2,9.3,0,False
1772741378.212,498,1.3,81.9,0.2,9.5,0,False
1772741378.308,499,1.6,83.2,0.2,9.5,0,False
1772741378.403,500,1.1,82.5,0.2,9.5,0,False
1772741378.497,501,0.8,83.3,0.2,9.5,0,False
1772741378.613,502,1.2,105.7,0.2,9.4,0,False
1772741378.709,503,1.6,84.9,0.3,9.4,0,False
1772741378.800,504,1.5,81.1,0.3,9.4,0,False
1772741378.895,505,1.1,84.4,0.2,10.4,0,False
1772741378.989,506,1.1,83.5,0.2,10.4,0,False
1772741379.085,507,1.4,83.9,0.2,10.4,0,False
1772741379.186,508,1.6,80.7,0.3,10.4,0,False
1772741379.312,509,1.1,82.1,0.2,10.2,0,False
1772741379.410,510,0.8,83.5,0.3,10.2,0,False
1772741379.513,511,1.1,83.7,0.3,10.2,0,False
1772741379.623,512,1.3,87.7,0.2,10.1,0,False
1772741379.727,513,1.3,83.1,0.2,10.0,0,False
1772741379.835,514,1.1,84.0,0.2,10.0,0,False
1772741379.942,515,1.1,83.6,0.3,9.9,0,False
1772741380.049,516,1.0,84.5,0.2,9.9,0,False
1772741380.158,517,0.9,84.8,0.3,9.8,0,False
1772741380.258,518,1.5,81.6,0.2,9.8,0,False
1772741380.355,519,1.5,81.9,0.2,9.8,0,False
1772741380.457,520,1.2,86.4,0.3,9.7,0,False
1772741380.578,521,1.1,98.7,0.2,9.6,0,False
1772741380.672,522,1.1,80.8,0.2,9.7,0,False
1772741380.984,523,0.8,81.3,0.2,8.8,0,False
1772741381.136,524,1.2,141.9,0.3,8.6,0,False
1772741381.231,525,0.8,83.6,0.3,8.6,0,False
1772741381.325,526,1.1,82.6,0.3,8.6,1,True
1772741381.423,527,1.1,86.2,0.2,8.6,0,True
1772741381.517,528,0.9,83.5,0.2,8.6,0,True
1772741381.613,529,1.5,84.7,0.3,8.7,0,True
1772741381.704,530,1.6,81.9,0.3,8.7,0,True
1772741381.796,531,2.3,80.8,0.3,8.8,0,True
1772741381.888,532,1.1,83.0,0.2,8.8,0,True
1772741381.982,533,1.7,83.2,0.2,8.9,0,True
1772741382.076,534,1.1,83.3,0.2,8.9,0,True
1772741382.170,535,1.3,83.5,0.2,9.0,0,True
1772741382.261,536,1.6,81.4,0.2,9.0,0,True
1772741382.353,537,1.7,81.4,0.2,9.1,0,True
1772741382.453,538,1.1,89.6,0.2,9.1,0,True
1772741382.543,539,1.6,81.0,0.3,9.1,0,True
1772741382.634,540,1.6,81.2,0.2,9.2,0,True
1772741382.730,541,2.8,83.3,0.2,9.3,0,True
1772741382.824,542,1.3,83.4,0.2,9.3,0,True
1772741382.916,543,1.2,82.5,0.2,10.4,0,True
1772741383.007,544,1.6,81.4,0.3,10.7,0,True
1772741383.101,545,1.3,82.7,0.2,10.7,0,True
1772741383.193,546,1.2,82.1,0.3,10.7,0,True
1772741383.288,547,1.3,83.0,0.3,10.7,0,True
1772741383.381,548,1.1,82.8,0.2,10.7,0,True
1772741383.479,549,1.1,86.7,0.2,10.7,0,True
1772741383.572,550,1.6,82.5,0.2,10.7,0,True
1772741383.666,551,1.1,83.1,0.2,10.7,0,True
1772741383.760,552,1.1,83.9,0.2,10.7,0,True
1772741383.854,553,1.2,83.5,0.2,10.7,0,True
1772741383.949,554,1.2,84.5,0.2,10.7,0,True
1772741384.043,555,1.1,83.0,0.2,10.7,0,True
1772741384.136,556,1.7,81.5,0.2,10.7,0,False
1772741384.230,557,1.1,82.9,0.2,10.7,0,False
1772741384.324,558,1.6,83.2,0.2,10.7,0,False
1772741384.432,559,0.9,96.6,0.3,10.6,0,False
1772741384.533,560,1.2,90.3,0.2,10.5,0,False
1772741384.634,561,1.1,90.5,0.2,10.5,0,False
1772741384.726,562,1.3,80.6,0.2,10.5,0,False
1772741384.996,563,0.8,84.8,0.2,9.6,0,False
1772741385.090,564,1.0,81.9,0.2,9.6,0,False
1772741385.184,565,1.2,80.9,0.2,9.6,0,False
1772741385.282,566,1.2,83.4,0.4,9.6,0,False
1772741385.379,567,1.2,82.2,0.2,9.6,0,False
1772741385.477,568,1.5,83.6,0.2,9.5,0,False
1772741385.573,569,1.2,82.0,0.2,9.5,0,False
1772741385.667,570,1.1,80.9,0.2,9.5,0,False
1772741385.764,571,0.8,84.7,0.3,9.5,0,False
1772741385.857,572,1.5,80.4,0.2,9.5,0,False
1772741385.954,573,1.1,82.7,0.2,9.5,0,False
1772741386.049,574,1.3,80.5,0.2,9.5,0,False
1772741386.145,575,1.6,82.1,0.2,9.5,0,False
1772741386.243,576,1.2,83.0,0.2,9.5,0,False
1772741386.339,577,1.1,81.8,0.2,9.5,0,False
1772741386.441,578,1.1,85.4,0.2,9.5,0,False
1772741386.538,579,1.2,81.9,0.2,9.5,0,False
1772741386.630,580,1.6,80.1,0.2,9.5,0,False
1772741386.722,581,1.5,80.5,0.2,9.6,0,False
1772741386.817,582,1.2,82.0,0.2,9.6,0,False
1772741386.911,583,1.1,82.5,0.2,10.4,0,False
1772741387.005,584,1.1,81.9,0.2,10.4,0,False
1772741387.100,585,1.1,82.1,0.3,10.4,0,False
1772741387.196,586,1.5,80.2,0.2,10.4,0,False
1772741387.300,587,1.1,90.6,0.2,10.4,0,False
1772741387.397,588,1.2,82.5,0.2,10.4,1,True
1772741387.491,589,1.1,82.0,0.2,10.4,0,True
1772741387.588,590,1.1,83.4,0.2,10.4,0,True
1772741387.682,591,1.1,81.9,0.2,10.4,0,True
1772741387.774,592,2.0,81.1,0.2,10.4,0,True
1772741387.868,593,1.1,81.9,0.2,10.5,0,True
1772741387.968,594,1.2,89.0,0.3,10.4,0,True
1772741388.062,595,1.2,81.7,0.2,10.4,0,True
1772741388.155,596,1.2,81.5,0.2,10.5,0,True
1772741388.248,597,1.2,82.5,0.4,10.5,0,True
1772741388.341,598,1.3,81.0,0.3,10.5,0,True
1772741391.364,599,1.0,92.7,0.2,4.1,0,True
1772741391.498,600,1.5,119.5,0.2,4.1,0,True
1772741391.598,601,1.2,84.0,0.2,4.1,0,True
1772741391.692,602,1.2,82.0,0.2,4.1,0,True
1772741391.786,603,1.4,82.6,0.2,4.1,0,True
1772741391.879,604,1.2,81.9,0.2,4.1,0,True
1772741391.973,605,1.4,82.2,0.2,4.1,0,True
1772741392.063,606,1.5,79.7,0.2,4.1,1,True
1772741392.156,607,1.5,82.0,0.3,4.1,0,True
1772741392.253,608,1.1,85.9,0.3,4.1,1,True
1772741392.348,609,1.7,83.4,0.3,4.1,0,True
1772741392.446,610,1.2,86.5,0.3,4.1,0,True
1772741392.540,611,1.2,82.8,0.2,4.1,0,True
1772741392.632,612,1.1,81.4,0.2,4.1,0,True
1772741392.722,613,1.1,79.4,0.2,4.1,0,True
1772741393.013,614,0.8,80.9,0.3,4.0,0,True
1772741393.105,615,0.9,82.8,0.2,4.0,0,True
1772741393.202,616,2.2,84.1,0.2,4.0,0,True
1772741393.293,617,1.5,81.4,0.2,4.0,0,True
1772741393.388,618,1.1,82.8,0.2,4.0,0,True
1772741393.488,619,1.1,84.9,0.2,9.4,0,True
1772741393.581,620,1.2,82.7,0.2,9.6,0,True
1772741393.675,621,1.0,83.6,0.2,9.6,0,True
1772741393.766,622,1.6,81.1,0.2,9.6,0,True
1772741393.870,623,1.0,93.7,0.2,9.6,0,True
1772741393.973,624,1.6,91.7,0.4,9.6,0,True
1772741394.067,625,1.5,84.0,0.2,9.5,0,True
1772741394.162,626,1.1,84.1,0.2,9.5,0,True
1772741394.254,627,1.5,80.9,0.2,9.5,0,True
1772741394.349,628,1.3,83.7,0.2,9.5,0,True
1772741394.449,629,1.1,87.8,0.2,9.5,0,True
1772741394.547,630,1.1,86.8,0.2,9.5,0,True
1772741394.654,631,1.2,95.6,0.2,9.5,0,True
1772741394.746,632,1.6,81.0,0.2,9.5,0,True
1772741394.840,633,1.1,82.3,0.2,9.4,0,True
1772741394.934,634,1.3,83.0,0.3,10.4,0,True
1772741395.025,635,1.6,80.5,0.2,10.4,1,True
1772741395.130,636,1.1,82.5,0.4,10.4,1,True
1772741395.226,637,1.1,84.3,0.2,10.3,0,True
1772741395.324,638,1.3,86.0,0.2,10.3,0,True
1772741395.422,639,1.1,86.9,0.2,10.3,1,True
1772741395.517,640,1.6,83.1,0.2,10.3,0,True
1772741395.611,641,1.4,82.7,0.2,10.3,0,True
1772741395.706,642,1.1,82.9,0.2,10.3,1,True
1772741395.799,643,2.3,80.9,0.3,10.4,1,True
1772741395.893,644,1.1,83.9,0.2,10.4,0,True
1772741395.989,645,1.2,83.2,0.2,10.4,0,True
1772741396.082,646,1.1,82.6,0.2,10.4,0,True
1772741396.175,647,1.2,82.6,0.2,10.4,0,True
1772741396.269,648,1.6,81.3,0.2,10.4,1,True
1772741396.364,649,1.6,81.1,0.3,10.4,1,True
1772741396.465,650,1.1,90.0,0.2,10.4,1,True
1772741396.557,651,1.5,80.8,0.2,10.5,1,True
1772741396.657,652,1.5,88.6,0.2,10.5,1,True
1772741396.748,653,1.2,79.1,0.2,10.5,1,True
1772741397.026,654,0.9,83.4,0.2,9.6,0,True
1772741397.118,655,1.0,82.9,0.2,9.6,0,True
1772741397.211,656,1.9,81.3,0.2,9.6,0,True
1772741397.306,657,1.1,83.8,0.2,9.6,0,True
1772741397.401,658,1.2,83.9,0.2,9.6,0,True
1772741397.494,659,0.8,82.6,0.2,9.7,0,True
1772741397.587,660,1.1,82.9,0.2,9.7,0,True
1772741397.682,661,1.3,82.9,0.2,9.7,0,True
1772741397.772,662,1.5,81.1,0.2,9.7,0,True
1772741397.866,663,1.1,82.5,0.2,9.7,0,True
1772741397.958,664,1.1,82.1,0.2,9.7,0,True
1772741398.051,665,1.1,82.2,0.2,9.7,0,True
1772741398.145,666,1.1,82.4,0.2,9.7,0,True
1772741398.242,667,1.2,84.1,0.2,9.7,0,True
1772741398.339,668,1.2,83.0,0.2,9.7,0,True
1772741398.437,669,1.5,85.7,0.2,9.6,0,True
1772741398.535,670,1.1,83.7,0.2,9.7,0,True
1772741398.632,671,1.1,82.7,0.2,9.6,0,True
1772741398.726,672,1.6,82.5,0.2,9.7,0,True
1772741398.821,673,1.0,83.9,0.2,9.6,0,True
1772741398.918,674,1.2,85.0,0.2,10.6,0,True
1772741399.012,675,1.2,82.7,0.2,10.6,0,True
1772741399.108,676,1.7,83.4,0.2,10.5,0,True
1772741399.200,677,1.5,82.0,0.3,10.6,0,True
1772741399.294,678,1.3,81.9,0.2,10.6,0,True
1772741399.386,679,1.5,82.0,0.2,10.6,0,True
1772741399.483,680,1.1,84.4,0.2,10.6,0,True
1772741399.584,681,1.1,90.2,0.2,10.5,0,True
1772741399.677,682,1.2,82.6,0.2,10.5,0,True
1772741399.772,683,1.3,84.1,0.2,10.5,0,False
1772741399.866,684,1.1,83.5,0.2,10.5,0,False
1772741399.961,685,1.1,83.7,0.2,10.5,0,False
1772741400.056,686,1.1,84.3,0.2,10.5,0,False
1772741400.149,687,1.1,82.2,0.2,10.5,0,False
1772741400.243,688,1.1,83.7,0.2,10.5,0,False
1772741400.336,689,1.1,83.0,0.2,10.5,0,False
1772741400.432,690,1.1,84.9,0.5,10.5,0,False
1772741400.527,691,1.2,83.8,0.2,10.6,0,False
1772741400.627,692,1.3,89.0,0.2,10.5,0,False
1772741400.716,693,1.1,79.7,0.2,10.6,0,False
1772741401.034,694,0.8,81.1,0.2,9.4,0,False
1772741401.127,695,1.2,82.8,0.2,9.5,0,False
1772741401.224,696,1.7,84.0,0.2,9.5,0,False
1772741401.322,697,1.1,85.5,0.2,9.4,0,False
1772741401.416,698,1.5,81.6,0.2,9.4,1,True
1772741401.511,699,1.5,83.1,0.3,9.4,1,True
1772741401.607,700,1.1,83.7,0.2,9.4,0,True
1772741401.704,701,1.4,84.0,0.2,9.4,0,True
1772741401.800,702,1.2,83.2,0.2,9.4,0,True
1772741401.895,703,1.5,83.1,0.2,9.4,0,True
1772741401.990,704,1.1,83.4,0.4,9.4,0,True
1772741402.083,705,1.1,81.8,0.2,9.4,0,True
1772741402.179,706,1.2,85.7,0.2,9.4,0,True
1772741402.273,707,1.1,83.0,0.2,9.4,0,True
1772741402.369,708,1.1,84.9,0.3,9.4,0,True
1772741402.477,709,1.2,96.7,0.2,9.3,0,True
1772741402.576,710,1.1,87.8,0.2,9.3,0,True
1772741402.672,711,1.4,83.6,0.2,9.3,0,True
1772741402.764,712,1.5,81.4,0.2,9.4,0,True
1772741402.860,713,1.0,82.9,0.2,9.3,0,True
1772741402.954,714,1.1,82.8,0.2,10.4,0,True
1772741403.048,715,1.1,82.4,0.2,10.4,0,True
1772741403.140,716,1.5,81.1,0.2,10.4,0,True
1772741403.233,717,1.1,81.7,0.2,10.5,0,True
1772741403.329,718,1.1,84.7,0.6,10.5,0,True
1772741403.426,719,1.1,84.9,0.2,10.4,1,True
1772741403.520,720,1.5,82.4,0.2,10.5,1,True
1772741403.613,721,1.6,82.4,0.3,10.5,1,True
1772741403.707,722,1.9,82.0,0.2,10.5,0,True
1772741403.801,723,1.1,82.9,0.2,10.5,0,True
1772741403.894,724,1.8,81.3,0.2,10.5,0,True
1772741403.986,725,1.6,80.7,0.2,10.5,0,True
1772741404.081,726,1.3,83.5,0.2,10.5,0,True
1772741404.174,727,1.5,80.9,0.2,10.5,1,True
1772741404.269,728,1.2,82.7,0.2,10.5,1,True
1772741404.364,729,1.2,82.6,0.3,10.6,0,True
1772741404.461,730,1.1,84.4,0.2,10.6,1,True
1772741404.558,731,1.1,84.3,0.2,10.6,1,True
1772741404.653,732,1.6,83.2,0.2,10.6,0,True
1772741404.744,733,1.1,79.3,0.2,10.6,1,True
1772741405.047,734,0.8,81.1,0.2,9.6,1,True
1772741405.141,735,1.0,83.0,0.2,9.6,2,True
1772741405.239,736,1.0,83.9,0.2,9.5,2,True
1772741405.334,737,1.3,82.7,0.4,9.5,2,True
1772741405.431,738,1.2,84.8,0.2,9.5,1,True
1772741405.527,739,1.1,83.8,0.3,9.5,1,True
1772741405.622,740,1.1,82.6,0.2,9.5,1,True
1772741405.718,741,1.0,82.0,0.2,9.5,1,True
1772741405.812,742,1.2,82.6,0.2,9.5,1,True
1772741405.907,743,1.2,82.2,0.3,9.5,1,True
1772741406.000,744,1.1,81.4,0.2,9.5,1,True
1772741406.094,745,1.1,81.8,0.2,9.5,1,True
1772741406.189,746,1.1,83.5,0.4,9.5,1,True
1772741406.284,747,1.3,82.3,0.3,9.5,1,True
1772741406.376,748,1.5,81.3,0.2,9.5,1,True
1772741406.479,749,1.1,90.7,0.2,9.5,1,True
1772741406.577,750,1.4,85.1,0.2,9.5,1,True
1772741406.683,751,0.9,92.4,0.3,9.4,1,True
1772741406.777,752,1.2,81.7,0.2,9.4,1,True
1772741406.870,753,1.2,81.5,0.2,9.4,0,True
1772741406.963,754,1.2,80.9,0.2,10.4,1,True
1772741407.054,755,1.5,79.8,0.2,10.5,1,True
1772741407.147,756,1.1,81.6,0.2,10.5,1,True
1772741407.241,757,1.1,81.0,0.2,10.5,1,True
1772741407.332,758,1.5,80.0,0.2,10.5,1,True
1772741407.441,759,1.2,96.7,0.3,10.5,1,True
1772741407.536,760,1.7,82.9,0.2,10.5,1,True
1772741407.629,761,1.1,82.0,0.2,10.5,1,True
1772741407.723,762,1.4,81.6,0.2,10.5,1,True
1772741407.816,763,1.1,81.4,0.2,10.5,1,True
1772741407.910,764,1.5,81.6,0.2,10.5,1,True
1772741408.001,765,1.5,80.4,0.2,10.5,1,True
1772741408.096,766,1.6,83.3,0.2,10.5,1,True
1772741408.187,767,1.5,80.1,0.3,10.5,1,True
1772741408.282,768,1.5,81.6,0.2,10.5,1,True
1772741408.376,769,1.1,82.0,0.2,10.5,1,True
1772741408.478,770,1.1,90.1,0.2,10.5,1,True
1772741408.586,771,1.6,95.1,0.2,10.5,1,True
1772741408.679,772,1.1,81.4,0.2,10.5,1,True
1772741408.771,773,1.1,79.6,0.2,10.5,1,True
1772741409.057,774,0.9,80.0,0.2,9.6,1,True
1772741409.157,775,1.0,88.3,0.2,9.5,1,True
1772741409.250,776,1.0,80.3,0.3,9.5,1,True
1772741409.347,777,1.0,84.1,0.4,9.5,2,True
1772741409.444,778,1.1,84.5,0.2,9.5,2,True
1772741409.540,779,1.5,83.1,0.2,9.5,1,True
1772741409.634,780,1.2,82.1,0.2,9.5,1,True
1772741409.730,781,2.2,81.8,0.3,9.5,1,True
1772741409.825,782,1.3,82.3,0.2,9.5,1,True
1772741409.917,783,1.5,79.9,0.2,9.5,1,True
1772741410.012,784,1.2,82.0,0.2,9.5,1,True
1772741410.105,785,1.5,80.0,0.2,9.5,1,True
1772741410.198,786,1.1,80.4,0.2,9.5,1,True
1772741410.292,787,1.2,81.4,0.2,9.5,2,True
1772741410.385,788,1.5,80.5,0.3,9.5,1,True
1772741410.481,789,1.1,83.7,0.2,9.5,1,True
1772741410.577,790,1.2,83.4,0.2,9.5,1,True
1772741410.672,791,1.1,81.9,0.2,9.6,1,True
1772741410.767,792,1.7,81.5,0.2,9.6,1,True
1772741410.861,793,1.1,81.9,0.2,9.6,1,True
1772741410.956,794,1.1,82.0,0.2,10.5,1,True
1772741411.051,795,1.1,81.4,0.2,10.6,1,True
1772741411.144,796,1.2,81.2,0.2,10.6,1,True
1772741411.239,797,1.1,81.8,0.3,10.6,1,True
1772741411.331,798,1.6,80.3,0.2,10.6,1,True
1772741411.429,799,1.2,85.4,0.2,10.6,1,True
1772741411.524,800,0.8,82.1,0.2,10.6,1,True
1772741411.620,801,1.6,83.4,0.2,10.6,1,True
1772741411.711,802,1.5,80.1,0.2,10.6,1,True
1772741411.807,803,1.4,82.3,0.2,10.6,1,True
1772741411.901,804,1.2,81.7,0.2,10.6,1,True
1772741411.997,805,1.1,82.5,0.2,10.6,2,True
1772741412.092,806,1.1,82.3,0.2,10.6,2,True
1772741412.185,807,1.1,80.8,0.2,10.6,2,True
1772741412.280,808,1.1,82.6,0.3,10.6,2,True
1772741412.374,809,1.1,81.2,0.3,10.6,2,True
1772741412.485,810,1.1,99.0,0.2,10.5,2,True
1772741412.582,811,1.4,84.2,0.3,10.5,2,True
1772741412.676,812,1.2,81.9,0.2,10.5,2,True
1772741412.771,813,1.1,82.4,0.3,10.5,2,True
1772741413.147,814,0.9,84.9,0.2,9.1,2,True
1772741413.241,815,0.8,82.3,0.2,9.1,2,True
1772741413.335,816,1.1,81.3,0.2,9.1,1,True
1772741413.432,817,1.1,84.5,0.3,9.1,1,True
1772741413.527,818,1.2,82.1,0.3,9.1,1,True
1772741413.624,819,1.2,84.5,0.2,9.1,1,True
1772741413.716,820,1.5,80.4,0.2,9.1,1,True
1772741413.810,821,1.1,82.4,0.2,9.1,1,True
1772741413.905,822,1.2,82.2,0.2,9.1,1,True
1772741414.000,823,1.6,82.0,0.2,9.1,1,True
1772741414.093,824,1.6,81.0,0.2,9.1,1,True
1772741414.186,825,1.5,80.4,0.2,9.1,1,True
1772741414.280,826,1.6,81.2,0.2,9.1,2,True
1772741414.374,827,1.1,82.3,0.2,9.1,2,True
1772741414.471,828,1.2,84.4,0.4,9.1,2,True
1772741414.571,829,1.1,86.8,0.2,9.1,2,True
1772741414.667,830,2.0,84.0,0.2,9.2,2,True
1772741414.762,831,1.1,82.6,0.3,9.2,1,True
1772741414.858,832,1.2,83.1,0.2,9.2,1,True
1772741414.950,833,1.5,80.0,0.3,9.2,1,True
1772741415.042,834,1.5,80.2,0.3,10.6,1,True
1772741415.136,835,1.0,82.4,0.2,10.6,1,True
1772741415.229,836,1.1,81.0,0.2,10.6,1,True
1772741415.324,837,1.0,82.2,0.3,10.6,1,True
1772741415.427,838,1.1,91.5,0.2,10.5,1,True
1772741415.523,839,1.1,82.1,0.2,10.5,1,True
1772741415.617,840,1.1,81.4,0.2,10.5,1,True
1772741415.711,841,1.2,80.3,0.2,10.5,1,True
1772741415.806,842,1.2,82.4,0.3,10.5,1,True
1772741415.898,843,1.5,79.6,0.2,10.5,1,True
1772741415.994,844,1.1,83.1,0.3,10.5,1,True
1772741416.087,845,1.2,81.8,0.2,10.5,1,True
1772741416.180,846,1.5,80.7,0.4,10.5,1,True
1772741416.274,847,1.1,81.9,0.2,10.5,2,True
1772741416.370,848,1.1,83.5,0.2,10.5,1,True
1772741416.466,849,1.5,83.9,0.3,10.6,1,True
1772741416.560,850,1.6,81.9,0.2,10.6,1,True
1772741416.656,851,1.1,82.8,0.2,10.6,1,True
1772741416.747,852,1.3,78.4,0.2,10.6,1,True
1772741417.079,853,0.8,79.9,0.2,9.4,1,True
1772741417.172,854,1.2,81.7,0.2,9.4,1,True
1772741417.267,855,1.9,81.7,0.2,9.4,1,True
1772741417.361,856,1.1,82.0,0.2,9.4,1,True
1772741417.469,857,1.3,95.3,0.3,9.3,1,True
1772741417.565,858,1.1,82.4,0.2,9.4,0,True
1772741417.660,859,1.1,82.6,0.2,9.4,1,True
1772741417.754,860,1.2,82.0,0.2,9.4,1,True
1772741417.849,861,1.1,82.3,0.3,9.4,1,True
1772741417.942,862,1.1,81.2,0.2,9.4,1,True
1772741418.037,863,1.1,82.0,0.4,9.3,1,True
1772741418.129,864,1.6,80.2,0.2,9.4,1,True
1772741418.223,865,1.5,80.9,0.3,9.4,1,True
1772741418.317,866,1.1,82.1,0.2,9.4,1,True
1772741418.417,867,1.1,86.7,0.2,9.3,1,True
1772741418.510,868,1.5,81.5,0.2,9.3,1,True
1772741418.606,869,1.8,83.1,0.3,9.3,1,True
1772741418.700,870,2.0,81.2,0.2,9.3,0,True
1772741418.796,871,1.5,81.8,0.2,9.3,1,True
1772741418.891,872,1.3,82.6,0.4,9.3,1,True
1772741418.985,873,1.1,82.2,0.3,10.5,1,True
1772741419.081,874,1.1,84.0,0.3,10.5,1,True
1772741419.173,875,1.5,80.1,0.2,10.5,1,True
1772741419.282,876,1.2,90.6,0.3,10.4,1,True
1772741419.378,877,1.1,83.6,0.2,10.5,1,True
1772741419.476,878,1.2,85.7,0.2,10.5,1,True
1772741419.575,879,1.2,86.0,0.2,10.4,1,True
1772741419.670,880,1.6,83.5,0.3,10.4,1,True
1772741419.765,881,1.2,82.1,0.2,10.4,1,True
1772741419.860,882,1.1,83.2,0.2,10.4,1,True
1772741419.952,883,1.5,80.2,0.2,10.4,1,True
1772741420.047,884,1.1,83.3,0.2,10.4,1,True
1772741420.152,885,1.1,89.3,0.2,10.4,1,True
1772741420.248,886,0.9,82.5,0.2,10.4,1,True
1772741420.341,887,1.1,81.4,0.3,10.4,1,True
1772741420.438,888,0.9,83.3,0.2,10.4,1,True
1772741420.534,889,1.4,83.2,0.3,10.4,1,True
1772741420.629,890,1.1,82.2,0.2,10.4,1,True
1772741420.723,891,1.1,81.5,0.2,10.4,1,True
1772741420.815,892,1.5,80.4,0.2,10.4,1,True
1772741420.910,893,1.1,82.1,0.2,10.4,1,True
1772741421.004,894,1.1,81.3,0.2,10.4,1,True
1772741421.098,895,1.1,81.7,0.2,10.4,1,True
1772741421.202,896,1.1,91.9,0.2,10.4,1,True
1772741421.296,897,1.1,81.6,0.2,10.4,1,True
1772741421.391,898,1.2,81.9,0.2,10.4,1,True
1772741421.485,899,1.5,82.0,0.2,10.5,1,True
1772741421.579,900,1.1,81.7,0.2,10.5,1,True
1772741421.680,901,1.1,87.9,0.2,10.4,1,True
1772741421.772,902,1.5,80.2,0.2,10.5,1,True
1772741421.867,903,1.0,82.6,0.2,10.4,1,True
1772741421.960,904,1.1,81.4,0.2,10.5,1,True
1772741422.055,905,1.6,82.9,0.2,10.5,1,True
1772741422.150,906,1.1,82.9,0.2,10.5,1,True
1772741422.250,907,1.3,86.7,0.2,10.5,1,True
1772741422.350,908,1.2,87.3,0.2,10.5,1,True
1772741422.448,909,1.2,85.3,0.3,10.5,1,True
1772741422.543,910,1.0,81.8,0.2,10.4,1,True
1772741422.638,911,1.1,82.5,0.3,10.4,1,True
1772741422.732,912,1.1,81.6,0.2,10.4,1,True
1772741422.828,913,1.1,83.5,0.3,10.4,1,True
1772741422.923,914,1.1,82.4,0.2,10.4,1,True
1772741423.019,915,1.1,83.8,0.2,10.4,1,True
1772741423.113,916,1.1,81.7,0.2,10.5,1,True
1772741423.208,917,1.6,81.9,0.2,10.5,1,True
1772741423.311,918,1.1,89.8,0.4,10.4,1,True
1772741423.406,919,1.1,82.3,0.3,10.4,1,True
1772741423.501,920,0.8,84.4,0.2,10.4,1,True
1772741423.594,921,1.5,80.7,0.3,10.5,1,True
1772741423.689,922,1.4,83.4,0.3,10.4,1,True
1772741423.783,923,1.1,81.5,0.2,10.4,1,True
1772741423.878,924,1.0,81.9,0.2,10.4,1,True
1772741423.973,925,1.1,83.0,0.2,10.4,1,True
1772741424.067,926,1.2,81.4,0.2,10.4,1,True
1772741424.161,927,1.2,81.7,0.2,10.5,1,True
1772741424.254,928,1.2,81.1,0.2,10.5,1,True
1772741424.345,929,1.5,79.8,0.2,10.5,1,True
1772741424.449,930,1.1,92.4,0.2,10.5,1,True
1772741424.549,931,2.2,86.2,0.2,10.5,1,True
1772741424.649,932,1.3,87.4,0.3,10.4,1,True
1772741424.751,933,1.3,90.1,0.2,10.4,1,True
1772741424.842,934,1.1,79.6,0.2,10.4,1,True
1772741425.101,935,0.8,80.1,0.2,9.6,1,True
1772741425.194,936,0.9,82.5,0.2,9.6,1,True
1772741425.289,937,1.4,82.6,0.2,9.6,1,True
1772741425.381,938,1.5,80.5,0.3,9.7,1,True
1772741425.478,939,1.2,84.4,0.2,9.7,1,True
1772741425.570,940,1.5,80.0,0.2,9.7,1,True
1772741425.664,941,1.1,81.4,0.2,9.7,1,True
1772741425.758,942,1.2,81.8,0.2,9.7,1,True
1772741425.850,943,1.5,80.2,0.2,9.7,1,True
1772741425.941,944,1.5,80.1,0.3,9.7,1,True
1772741426.035,945,1.2,81.1,0.2,9.7,1,True
1772741426.129,946,1.1,81.5,0.2,9.7,1,True
1772741426.222,947,1.2,81.5,0.2,9.7,1,True
1772741426.315,948,1.6,80.1,0.2,9.7,1,True
1772741426.407,949,1.5,80.2,0.3,9.7,1,True
1772741426.500,950,0.8,82.6,0.2,9.8,1,True
1772741426.593,951,1.1,81.5,0.2,9.8,1,True
1772741426.686,952,1.6,80.1,0.3,9.8,1,True
1772741426.778,953,1.1,81.2,0.2,9.9,1,True
1772741426.873,954,1.2,82.5,0.2,9.9,1,True
1772741426.966,955,1.2,81.2,0.2,10.7,1,True
1772741427.062,956,1.2,84.9,0.3,10.7,1,True
1772741427.154,957,1.5,80.3,0.2,10.7,1,True
1772741427.248,958,1.1,83.0,0.2,10.7,1,True
1772741427.342,959,1.1,82.1,0.2,10.7,1,True
1772741427.440,960,1.1,86.2,0.2,10.7,1,True
1772741427.535,961,1.5,81.7,0.2,10.7,1,True
1772741427.629,962,2.0,82.5,0.3,10.7,1,True
1772741427.721,963,1.5,80.3,0.2,10.7,1,True
1772741427.815,964,1.5,82.0,0.2,10.7,1,True
1772741427.909,965,1.1,81.7,0.2,10.7,1,True
1772741428.002,966,1.3,80.9,0.2,10.7,1,True
1772741428.095,967,1.1,81.6,0.2,10.7,1,True
1772741428.188,968,1.1,80.6,0.2,10.7,1,True
1772741428.282,969,1.1,81.7,0.3,10.7,1,True
1772741428.374,970,1.6,80.1,0.2,10.7,1,True
1772741428.471,971,1.1,84.1,0.4,10.7,1,True
1772741428.565,972,1.1,81.5,0.2,10.6,1,True
1772741428.658,973,1.1,81.3,0.2,10.6,1,True
1772741428.752,974,1.2,81.8,0.2,10.6,1,True
1772741428.845,975,1.5,80.9,0.3,10.6,1,True
1772741428.937,976,1.5,79.6,0.2,10.7,1,True
1772741429.031,977,1.0,81.6,0.2,10.7,1,True
1772741429.125,978,1.1,81.1,0.2,10.7,1,True
1772741429.219,979,1.1,81.8,0.2,10.7,1,True
1772741429.310,980,1.6,79.9,0.2,10.7,1,True
1772741429.408,981,1.5,81.7,0.4,10.7,1,True
1772741429.502,982,1.5,81.8,0.2,10.7,1,True
1772741429.600,983,1.0,84.3,0.2,10.6,1,True
1772741429.694,984,1.3,81.4,0.2,10.6,1,True
1772741429.788,985,1.2,80.9,0.2,10.6,1,True
1772741429.880,986,1.5,80.2,0.2,10.6,1,True
1772741429.973,987,1.2,80.8,0.2,10.6,1,True
1772741430.066,988,1.1,80.4,0.2,10.6,1,True
1772741430.159,989,1.2,80.5,0.2,10.7,1,True
1772741430.257,990,1.1,85.5,0.2,10.6,1,True
1772741430.350,991,1.5,80.8,0.2,10.6,1,True
1772741430.448,992,1.2,85.1,0.2,10.6,1,True
1772741430.541,993,1.1,80.7,0.2,10.6,1,True
1772741430.635,994,1.7,81.5,0.2,10.6,1,True
1772741430.729,995,1.1,81.6,0.2,10.6,1,True
1772741430.823,996,1.3,80.9,0.2,10.6,1,True
1772741430.916,997,1.1,80.9,0.2,10.6,1,True
1772741431.010,998,1.5,81.1,0.2,10.6,1,True
1772741431.104,999,1.1,81.4,0.2,10.6,1,True
1772741431.198,1000,1.1,81.5,0.2,10.6,1,True
1772741431.299,1001,1.1,89.9,0.2,10.6,0,True
1772741431.393,1002,1.6,82.1,0.2,10.6,1,True
1772741431.488,1003,1.5,84.1,0.2,10.6,1,True
1772741431.583,1004,1.1,82.1,0.2,10.6,1,True
1772741431.678,1005,1.7,82.1,0.2,10.6,1,True
1772741431.776,1006,1.1,85.0,0.2,10.6,1,True
1772741431.870,1007,1.2,81.7,0.2,10.5,1,True
1772741431.965,1008,1.2,83.1,0.3,10.5,1,True
1772741432.059,1009,1.1,81.7,0.2,10.5,1,True
1772741432.155,1010,1.1,83.5,0.2,10.5,1,True
1772741432.247,1011,1.5,80.1,0.2,10.5,1,True
1772741432.342,1012,1.4,82.6,0.2,10.6,1,True
1772741432.438,1013,1.1,83.7,0.2,10.5,1,True
1772741432.533,1014,1.0,81.7,0.3,10.5,1,True
1772741432.628,1015,1.1,82.0,0.2,10.5,1,True
1772741432.720,1016,1.5,80.1,0.2,10.5,1,True
1772741432.810,1017,1.5,77.3,0.2,10.6,1,True
1772741433.124,1018,0.9,80.2,0.2,9.5,1,True
1772741433.223,1019,1.0,86.5,0.3,9.4,1,True
1772741433.316,1020,1.6,80.2,0.2,9.4,1,True
1772741433.419,1021,1.1,86.4,0.2,9.4,1,True
1772741433.519,1022,1.2,81.7,0.2,9.4,1,True
1772741433.614,1023,1.3,80.6,0.2,9.4,1,True
1772741433.709,1024,1.2,82.7,0.3,9.4,0,True
1772741433.800,1025,1.5,79.9,0.2,9.4,1,True
1772741433.897,1026,1.2,83.6,0.3,9.4,1,True
1772741433.990,1027,1.1,82.0,0.2,9.4,0,True
1772741434.085,1028,1.1,83.0,0.3,9.4,1,True
1772741434.179,1029,1.1,81.9,0.2,9.4,0,True
1772741434.272,1030,1.6,81.2,0.2,9.4,0,True
1772741434.365,1031,1.2,81.7,0.3,9.4,1,True
1772741434.466,1032,1.6,81.5,0.2,9.4,1,True
1772741434.563,1033,1.2,82.5,0.2,9.4,1,True
1772741434.658,1034,0.8,83.6,0.3,9.4,1,True
1772741434.754,1035,1.1,83.6,0.2,9.4,1,True
1772741434.848,1036,1.2,81.9,0.2,9.4,1,True
1772741434.943,1037,1.2,82.4,0.2,9.4,1,True
1772741435.039,1038,1.3,83.1,0.2,10.4,0,True
1772741435.133,1039,1.4,81.0,0.2,10.5,1,True
1772741435.227,1040,1.2,81.9,0.2,10.5,1,True
1772741435.321,1041,1.1,81.8,0.2,10.5,1,True
1772741435.418,1042,1.1,85.3,0.4,10.5,1,True
1772741435.512,1043,1.0,81.6,0.2,10.5,1,True
1772741435.614,1044,1.2,84.4,0.2,10.5,1,True
1772741435.710,1045,1.0,82.6,0.2,10.5,1,True
1772741435.805,1046,1.1,81.7,0.2,10.5,2,True
1772741435.900,1047,1.0,81.6,0.3,10.5,1,True
1772741436.000,1048,0.8,83.2,0.2,10.4,1,True
1772741436.096,1049,1.5,81.5,0.2,10.4,1,True
1772741436.191,1050,1.0,82.4,0.2,10.4,1,True
1772741436.306,1051,0.8,95.0,0.3,10.3,1,True
1772741436.399,1052,0.9,80.8,0.2,10.3,1,True
1772741436.493,1053,1.1,81.7,0.3,10.4,1,True
1772741436.585,1054,1.5,79.4,0.2,10.4,1,True
1772741436.677,1055,1.5,79.6,0.2,10.4,1,True
1772741436.770,1056,1.1,81.0,0.2,10.4,1,True
1772741436.865,1057,1.1,81.6,0.3,10.4,1,True
1772741436.958,1058,1.2,81.2,0.2,10.4,1,True
1772741437.052,1059,1.2,81.4,0.3,10.4,1,True
1772741437.146,1060,1.1,81.6,0.2,10.4,1,True
1772741437.240,1061,1.1,82.6,0.2,10.4,1,True
1772741437.342,1062,1.2,89.8,0.2,10.4,1,True
1772741437.441,1063,0.8,84.4,0.2,10.4,1,True
1772741437.536,1064,0.9,82.9,0.3,10.4,1,True
1772741437.627,1065,1.5,79.6,0.2,10.4,1,True
1772741437.718,1066,1.5,79.5,0.4,10.5,1,True
1772741437.810,1067,1.1,80.4,0.2,10.5,1,True
1772741437.906,1068,1.1,83.0,0.4,10.5,1,True
1772741438.001,1069,1.1,82.2,0.2,10.5,1,True
1772741438.094,1070,1.5,81.9,0.2,10.5,1,True
1772741438.190,1071,1.1,83.9,0.2,10.6,1,True
1772741438.286,1072,1.0,82.7,0.3,10.6,1,True
1772741438.380,1073,0.9,82.0,0.2,10.6,2,True
1772741438.478,1074,1.4,83.8,0.2,10.6,2,True
1772741438.573,1075,1.2,81.7,0.4,10.5,2,True
1772741438.669,1076,1.1,84.0,0.2,10.5,2,True
1772741438.766,1077,1.1,84.3,0.2,10.5,2,True
1772741438.860,1078,1.1,81.6,0.2,10.5,2,True
1772741438.956,1079,1.6,82.3,0.2,10.5,1,True
1772741439.051,1080,1.1,82.3,0.2,10.5,1,True
1772741439.146,1081,1.5,81.7,0.2,10.5,1,True
1772741439.241,1082,1.3,82.3,0.4,10.5,2,True
1772741439.335,1083,1.1,81.4,0.2,10.6,1,True
1772741439.429,1084,1.6,83.1,0.3,10.6,1,True
1772741439.524,1085,1.1,81.7,0.2,10.5,1,True
1772741439.628,1086,1.5,91.5,0.2,10.5,1,True
1772741439.723,1087,1.1,82.3,0.2,10.5,1,True
1772741439.817,1088,1.6,81.5,0.2,10.5,1,True
1772741439.913,1089,1.1,82.8,0.4,10.5,2,True
1772741440.008,1090,1.1,82.7,0.2,10.5,1,True
1772741440.102,1091,1.1,82.2,0.2,10.5,1,True
1772741440.194,1092,1.5,80.3,0.2,10.5,1,True
1772741440.290,1093,1.1,83.8,0.2,10.5,1,True
1772741440.384,1094,1.1,81.2,0.2,10.5,1,True
1772741440.482,1095,1.1,84.3,0.3,10.5,1,True
1772741440.576,1096,1.1,82.2,0.2,10.5,1,True
1772741440.670,1097,1.1,81.4,0.2,10.5,1,True
1772741440.765,1098,1.1,82.1,0.2,10.5,1,True
1772741440.856,1099,1.1,78.9,0.2,10.5,1,True
1772741441.145,1100,0.8,80.2,0.2,9.5,1,True
1772741441.239,1101,1.2,81.8,0.2,9.6,1,True
1772741441.334,1102,1.2,81.6,0.2,9.6,1,True
1772741441.431,1103,1.1,84.4,0.2,9.5,1,True
1772741441.536,1104,0.8,92.2,0.2,9.5,1,True
1772741441.632,1105,1.1,81.8,0.2,9.5,1,True
1772741441.727,1106,1.1,82.7,0.2,9.5,1,True
1772741441.821,1107,1.1,81.2,0.2,9.5,1,True
1772741441.915,1108,1.1,81.6,0.3,9.5,1,True
1772741442.009,1109,1.2,81.3,0.2,9.5,1,True
1772741442.104,1110,1.1,83.1,0.3,9.5,1,True
1772741442.214,1111,1.1,92.5,0.2,9.5,1,True
1772741442.313,1112,1.1,86.4,0.2,9.4,2,True
1772741442.414,1113,2.4,85.9,0.3,9.4,1,True
1772741442.506,1114,1.5,80.9,0.2,9.4,0,True
1772741442.601,1115,1.1,82.3,0.2,9.4,1,True
1772741442.696,1116,1.5,81.5,0.3,9.4,2,True
1772741442.791,1117,1.1,82.9,0.2,9.4,1,True
1772741442.887,1118,1.2,83.4,0.2,9.4,1,True
1772741442.982,1119,1.1,82.7,0.2,9.4,1,True
1772741443.078,1120,1.4,83.1,0.2,10.3,1,True
1772741443.177,1121,1.1,85.6,0.2,10.3,1,True
1772741443.271,1122,1.6,81.4,0.2,10.3,1,True
1772741443.367,1123,1.1,84.3,0.2,10.3,1,True
1772741443.464,1124,1.1,84.3,0.2,10.4,1,True
1772741443.562,1125,1.2,84.7,0.3,10.4,1,True
1772741443.655,1126,1.5,81.7,0.3,10.4,1,True
1772741443.750,1127,1.4,82.7,0.2,10.4,1,True
1772741443.844,1128,1.5,81.3,0.3,10.4,1,True
1772741443.936,1129,1.5,81.3,0.2,10.4,1,True
1772741444.031,1130,1.1,83.2,0.4,10.4,1,True
1772741444.130,1131,1.2,86.9,0.3,10.4,1,True
1772741444.226,1132,1.1,84.4,0.2,10.5,1,True
1772741444.321,1133,1.1,83.3,0.3,10.5,1,True
1772741444.420,1134,1.4,84.6,0.3,10.5,1,True
1772741444.516,1135,1.2,83.5,0.3,10.4,1,True
1772741444.618,1136,1.9,88.7,0.2,10.4,1,True
1772741444.722,1137,1.1,90.8,0.2,10.4,1,True
1772741444.828,1138,1.5,94.4,0.3,10.3,1,True
1772741444.936,1139,1.1,96.0,0.3,10.2,2,True
1772741445.032,1140,1.2,81.9,0.3,10.2,2,True
1772741445.128,1141,1.5,82.4,0.2,10.3,2,True
1772741445.223,1142,1.2,83.5,0.3,10.2,1,True
1772741445.317,1143,1.1,81.4,0.2,10.3,1,True
1772741445.420,1144,1.1,91.2,0.2,10.2,1,True
1772741445.521,1145,1.1,89.0,0.2,10.2,2,True
1772741445.614,1146,1.5,80.6,0.2,10.2,1,True
1772741445.708,1147,1.2,83.4,0.3,10.2,1,True
1772741445.799,1148,1.5,80.3,0.2,10.2,1,True
1772741445.894,1149,1.2,83.4,0.2,10.2,1,True
1772741445.988,1150,1.2,82.0,0.2,10.2,1,True
1772741446.083,1151,1.5,83.3,0.2,10.2,1,True
1772741446.177,1152,1.1,82.1,0.3,10.3,1,True
1772741446.272,1153,1.9,82.6,0.2,10.3,1,True
1772741446.366,1154,1.1,82.6,0.2,10.3,1,True
1772741446.461,1155,1.3,83.8,0.2,10.3,1,True
1772741446.556,1156,1.2,82.7,0.2,10.3,1,True
1772741446.650,1157,1.9,81.2,0.2,10.4,1,True
1772741446.744,1158,1.5,80.7,0.4,10.4,1,True
1772741446.836,1159,1.5,79.8,0.2,10.5,1,True
1772741446.932,1160,1.1,82.5,0.4,10.5,1,True
1772741447.027,1161,1.2,81.4,0.2,10.5,1,True
1772741447.123,1162,1.3,83.5,0.2,10.5,2,True
1772741447.218,1163,1.1,81.7,0.2,10.5,1,True
1772741447.313,1164,1.0,81.6,0.2,10.6,1,True
1772741447.409,1165,1.2,83.5,0.4,10.6,0,True
1772741447.502,1166,1.5,81.6,0.2,10.6,0,True
1772741447.594,1167,1.5,80.3,0.2,10.6,1,True
1772741447.688,1168,1.0,81.8,0.2,10.6,1,True
1772741447.782,1169,1.2,81.9,0.3,10.6,1,True
1772741447.876,1170,1.2,81.9,0.2,10.6,1,True
1772741447.974,1171,1.0,84.6,0.2,10.6,1,True
1772741448.068,1172,1.2,81.9,0.2,10.6,1,True
1772741448.164,1173,1.3,82.9,0.2,10.6,1,True
1772741448.258,1174,1.1,82.0,0.2,10.6,1,True
1772741448.353,1175,1.0,82.4,0.2,10.6,0,True
1772741448.452,1176,1.1,87.5,0.3,10.5,1,True
1772741448.547,1177,1.1,82.5,0.2,10.5,1,True
1772741448.641,1178,1.1,82.9,0.2,10.5,1,True
1772741448.735,1179,1.1,81.4,0.2,10.5,1,True
1772741448.825,1180,1.5,79.1,0.3,10.6,1,True
1772741448.915,1181,1.1,79.0,0.2,10.6,1,True
1772741449.168,1182,0.9,80.9,0.2,9.8,1,True
1772741449.262,1183,1.8,82.2,0.2,9.8,1,True
1772741449.358,1184,1.4,82.7,0.3,9.8,1,True
1772741449.454,1185,1.1,83.9,0.4,9.8,1,True
1772741449.550,1186,1.1,84.2,0.2,9.8,1,True
1772741449.651,1187,1.1,89.8,0.2,9.7,1,True
1772741449.745,1188,1.3,82.1,0.3,9.7,1,True
1772741449.841,1189,1.1,81.6,0.2,9.7,1,True
1772741449.935,1190,1.2,81.4,0.2,9.7,1,True
1772741450.029,1191,1.1,81.1,0.2,9.7,1,True
1772741450.123,1192,1.1,82.0,0.3,9.7,1,True
1772741450.216,1193,1.2,81.3,0.2,9.7,1,True
1772741450.310,1194,1.2,81.2,0.3,9.7,1,True
1772741450.405,1195,1.2,82.1,0.2,9.7,1,True
1772741450.502,1196,0.8,85.6,0.2,9.8,1,True
1772741450.595,1197,1.2,81.0,0.2,9.8,1,True
1772741450.690,1198,1.3,82.3,0.2,9.8,1,True
1772741450.783,1199,1.2,81.5,0.2,9.8,1,True
1772741450.878,1200,1.2,81.3,0.2,9.7,1,True
1772741450.978,1201,1.0,86.0,0.3,9.7,1,True
1772741451.072,1202,1.1,82.1,0.2,10.5,1,True
1772741451.164,1203,1.5,80.0,0.3,10.5,1,True
1772741451.256,1204,1.1,79.7,0.2,10.5,1,True
1772741451.350,1205,1.1,81.7,0.3,10.5,1,True
1772741451.445,1206,1.1,83.4,0.2,10.6,1,True
1772741451.540,1207,1.1,83.1,0.2,10.6,1,True
1772741451.632,1208,1.5,79.9,0.2,10.6,1,True
1772741451.728,1209,1.1,83.7,0.2,10.6,1,True
1772741451.821,1210,1.1,81.3,0.2,10.6,1,True
1772741451.914,1211,1.8,80.5,0.3,10.6,1,True
1772741452.007,1212,1.1,80.9,0.2,10.6,1,True
1772741452.100,1213,1.1,80.8,0.2,10.6,1,True
1772741452.192,1214,1.6,80.1,0.2,10.6,1,True
1772741452.286,1215,1.4,82.6,0.2,10.6,0,True
1772741452.380,1216,1.1,82.0,0.2,10.6,1,True
1772741452.488,1217,1.3,95.2,0.2,10.6,0,True
1772741452.582,1218,1.7,81.8,0.2,10.6,1,True
1772741452.673,1219,1.5,79.9,0.2,10.6,1,True
1772741452.768,1220,1.3,82.6,0.2,10.6,1,True
1772741452.862,1221,1.1,81.9,0.2,10.6,1,True
1772741452.957,1222,1.7,81.7,0.2,10.6,1,True
1772741453.051,1223,1.1,82.2,0.2,10.6,1,True
1772741453.145,1224,1.1,81.8,0.2,10.6,0,True
1772741453.241,1225,1.1,83.1,0.2,10.6,1,True
1772741453.335,1226,1.1,81.0,0.2,10.6,1,True
1772741453.432,1227,1.0,85.7,0.2,10.6,0,True
1772741453.525,1228,1.5,80.2,0.2,10.6,1,True
1772741453.629,1229,1.1,91.7,0.2,10.5,1,True
1772741453.724,1230,1.1,82.5,0.2,10.5,0,True
1772741453.820,1231,1.5,83.6,0.2,10.5,1,True
1772741453.916,1232,1.2,83.8,0.2,10.5,0,True
1772741454.011,1233,1.1,83.6,0.2,10.5,0,True
1772741454.107,1234,1.5,82.7,0.2,10.4,1,True
1772741454.200,1235,1.1,81.4,0.2,10.4,1,True
1772741454.294,1236,2.0,80.9,0.2,10.5,1,True
1772741454.390,1237,1.1,82.9,0.2,10.5,1,True
1772741454.483,1238,1.2,81.4,0.2,10.5,0,True
1772741454.579,1239,1.6,84.7,0.3,10.5,0,True
1772741454.673,1240,1.2,81.8,0.2,10.5,0,True
1772741454.768,1241,1.1,82.5,0.2,10.5,0,True
1772741454.876,1242,1.2,95.1,0.2,10.4,1,True
1772741454.968,1243,1.5,80.1,0.2,10.4,0,True
1772741455.059,1244,1.5,80.2,0.2,10.4,0,True
1772741455.153,1245,1.2,81.7,0.2,10.5,0,True
1772741455.246,1246,1.2,81.4,0.2,10.5,0,True
1772741455.340,1247,1.2,81.2,0.2,10.5,1,True
1772741455.438,1248,1.2,84.5,0.3,10.5,1,True
1772741455.533,1249,1.1,82.1,0.2,10.5,0,True
1772741455.629,1250,1.1,83.0,0.2,10.5,1,True
1772741455.724,1251,1.1,82.6,0.2,10.5,0,True
1772741455.818,1252,1.3,81.6,0.2,10.5,0,True
1772741455.911,1253,1.2,81.5,0.2,10.5,0,True
1772741456.006,1254,1.2,81.9,0.2,10.5,0,True
1772741456.100,1255,1.2,81.5,0.3,10.5,0,True
1772741456.193,1256,1.2,81.7,0.2,10.5,0,True
1772741456.286,1257,1.1,82.0,0.2,10.5,0,True
1772741456.377,1258,1.5,79.9,0.2,10.6,0,True
1772741456.480,1259,1.2,90.5,0.2,10.5,0,True
1772741456.571,1260,1.6,80.7,0.2,10.5,0,True
1772741456.667,1261,1.5,84.2,0.2,10.5,0,True
1772741456.760,1262,1.3,81.4,0.2,10.6,0,True
1772741456.852,1263,1.2,79.7,0.2,10.6,0,True
1772741456.940,1264,1.5,78.0,0.3,10.6,0,True
1772741457.188,1265,0.8,80.1,0.2,9.8,0,True
1772741457.281,1266,1.1,83.3,0.2,9.8,0,True
1772741457.380,1267,1.7,87.3,0.2,9.8,0,True
1772741457.477,1268,1.1,85.2,0.3,9.8,0,True
1772741457.569,1269,1.1,81.7,0.2,9.8,0,True
1772741457.660,1270,1.5,80.3,0.4,9.8,0,True
1772741457.753,1271,1.2,81.2,0.2,9.9,0,True
1772741457.847,1272,1.1,82.9,0.3,9.9,0,True
1772741457.940,1273,1.1,81.1,0.2,9.9,0,True
1772741458.033,1274,1.2,81.6,0.3,9.9,0,True
1772741458.126,1275,1.1,81.5,0.2,9.9,0,True
1772741458.221,1276,1.2,82.3,0.3,9.9,0,True
1772741458.311,1277,1.5,79.7,0.2,9.9,0,True
1772741458.402,1278,1.6,79.9,0.2,9.9,0,True
1772741458.500,1279,0.8,86.7,0.2,9.9,0,True
1772741458.596,1280,1.1,85.6,0.3,9.9,0,False
1772741458.690,1281,1.1,82.1,0.2,9.9,0,False
1772741458.785,1282,1.3,83.4,0.3,9.9,0,False
1772741458.879,1283,1.2,81.6,0.2,9.9,0,False
1772741458.974,1284,1.8,82.3,0.2,9.8,0,False
1772741459.066,1285,1.1,81.5,0.2,10.6,0,False
1772741459.161,1286,1.4,81.3,0.2,10.6,0,False
1772741459.255,1287,1.2,82.5,0.2,10.7,0,False
1772741459.350,1288,1.2,81.4,0.2,10.7,0,False
1772741459.448,1289,1.1,86.9,0.2,10.6,0,False
1772741459.543,1290,1.1,81.9,0.2,10.6,0,False
1772741459.646,1291,1.4,89.0,0.2,10.6,0,False
1772741459.741,1292,1.2,82.0,0.2,10.6,0,False
1772741459.834,1293,1.6,79.7,0.3,10.6,0,False
1772741459.925,1294,1.5,79.9,0.2,10.6,0,False
1772741460.019,1295,1.1,81.3,0.2,10.6,0,False
1772741460.113,1296,1.2,83.1,0.3,10.6,0,False
1772741460.206,1297,1.1,81.8,0.2,10.6,0,False
1772741460.299,1298,1.1,82.2,0.2,10.5,0,False
1772741460.390,1299,1.1,80.8,0.2,10.6,0,False
1772741460.483,1300,1.1,81.6,0.2,10.6,0,False
1772741460.574,1301,1.1,81.6,0.2,10.6,0,False
1772741460.667,1302,1.1,81.4,0.2,10.6,0,False
1772741460.760,1303,1.1,81.9,0.2,10.6,0,False
1772741460.853,1304,1.2,82.0,0.2,10.6,0,False
1772741460.945,1305,1.2,82.1,0.2,10.6,0,False
1772741461.044,1306,1.2,88.5,0.2,10.6,0,False
1772741461.136,1307,1.2,81.9,0.2,10.6,0,False
1772741461.231,1308,1.2,83.7,0.2,10.6,0,False
1772741461.323,1309,1.1,82.3,0.2,10.7,0,False
1772741461.419,1310,1.2,84.2,0.2,10.7,0,False
1772741461.510,1311,1.1,80.6,0.2,10.7,0,False
1772741461.602,1312,1.6,81.8,0.2,10.7,0,False
1772741461.693,1313,1.5,80.4,0.2,10.8,0,False
1772741461.787,1314,1.2,83.5,0.2,10.7,0,False
1772741461.881,1315,1.1,81.7,0.2,10.7,0,False
1772741461.977,1316,1.2,84.2,0.2,10.7,0,False
1772741462.070,1317,1.2,81.8,0.2,10.7,0,False
1772741462.164,1318,1.5,82.5,0.2,10.7,0,False
1772741462.257,1319,1.2,82.1,0.2,10.7,0,False
1772741462.350,1320,1.4,82.0,0.2,10.7,0,False
1772741462.447,1321,1.1,84.5,0.2,10.7,0,False
1772741462.540,1322,1.1,82.1,0.2,10.7,0,False
1772741462.633,1323,1.1,82.1,0.2,10.7,0,False
1772741462.726,1324,1.5,81.9,0.2,10.7,0,False
1772741462.819,1325,1.1,82.9,0.2,10.7,0,False
1772741462.909,1326,1.5,80.3,0.2,10.7,0,False
1772741463.009,1327,1.2,90.5,0.2,10.7,0,False
1772741463.100,1328,1.2,80.7,0.2,10.7,0,False
1772741463.190,1329,1.5,79.9,0.2,10.7,0,False
1772741463.281,1330,1.0,81.1,0.2,10.7,0,False
1772741463.374,1331,1.1,82.3,0.2,10.7,0,False
1772741463.470,1332,1.0,85.1,0.2,10.7,0,False
1772741463.560,1333,1.5,80.3,0.2,10.7,0,False
1772741463.652,1334,1.0,81.6,0.2,10.7,0,False
1772741463.743,1335,1.1,81.8,0.2,10.7,0,False
1772741463.836,1336,2.0,81.3,0.2,10.8,0,False
1772741463.925,1337,1.5,79.3,0.2,10.8,0,False
1772741464.019,1338,1.1,84.0,0.3,10.8,0,False
1772741464.109,1339,1.6,80.6,0.2,10.8,0,False
1772741464.202,1340,1.2,82.9,0.2,10.8,0,False
1772741464.291,1341,1.5,79.9,0.2,10.8,0,False
1772741464.384,1342,1.0,82.5,0.2,10.9,0,False
1772741464.478,1343,1.1,84.0,0.2,10.8,0,False
1772741464.574,1344,1.1,85.9,0.4,10.8,0,False
1772741464.667,1345,2.0,83.1,0.3,10.8,0,False
1772741464.760,1346,0.9,82.9,0.2,10.8,0,False
1772741464.850,1347,1.5,78.9,0.2,10.9,0,False
1772741464.937,1348,1.5,77.1,0.2,10.9,0,False
1772741465.208,1349,0.9,80.2,0.2,9.9,0,False
1772741465.299,1350,1.0,81.7,0.2,9.9,0,False
1772741465.394,1351,1.1,82.9,0.2,9.9,0,False
1772741465.485,1352,1.5,81.8,0.2,9.9,0,False
1772741465.578,1353,1.1,83.2,0.2,9.9,0,False
1772741465.671,1354,1.1,81.9,0.2,9.9,0,False
1772741465.764,1355,1.1,84.1,0.2,9.9,0,False
1772741465.857,1356,1.1,82.4,0.2,9.9,0,False
1772741465.950,1357,1.1,83.0,0.2,9.9,0,False
1772741466.042,1358,1.2,81.8,0.2,9.9,0,False
1772741466.146,1359,1.1,93.4,0.2,9.8,0,False
1772741466.239,1360,1.2,82.4,0.2,9.8,0,False
1772741466.330,1361,1.1,81.3,0.2,9.8,0,False
1772741466.425,1362,1.2,84.6,0.3,9.8,0,False
1772741466.516,1363,1.1,80.9,0.2,9.8,0,False
1772741466.607,1364,1.5,80.2,0.2,9.8,0,False
1772741466.697,1365,1.6,80.4,0.2,9.9,0,False
1772741466.789,1366,1.1,82.2,0.2,9.9,0,False
1772741466.882,1367,1.6,81.1,0.2,9.8,0,False
1772741466.974,1368,1.2,82.1,0.2,9.8,0,False
1772741467.067,1369,1.7,81.5,0.2,10.8,0,False
1772741467.159,1370,1.1,81.8,0.2,10.8,0,False
1772741467.250,1371,2.1,81.0,0.2,10.8,0,False
1772741467.343,1372,1.2,82.1,0.2,10.8,0,False
1772741467.438,1373,1.2,85.1,0.2,10.8,0,False
1772741467.530,1374,1.2,82.1,0.2,10.8,0,False
1772741467.624,1375,1.4,82.3,0.3,10.8,0,False
1772741467.713,1376,1.5,80.2,0.2,10.8,0,False
1772741467.807,1377,1.1,83.1,0.2,10.8,0,False
1772741467.896,1378,1.5,80.1,0.2,10.8,0,False
1772741467.990,1379,1.1,83.1,0.2,10.8,0,False
1772741468.082,1380,1.4,81.8,0.2,10.8,0,False
1772741468.177,1381,1.5,83.8,0.2,10.8,0,False
1772741468.270,1382,1.2,82.3,0.2,10.8,0,False
1772741468.364,1383,1.1,83.9,0.2,10.8,0,False
1772741468.458,1384,1.1,84.0,0.2,10.8,0,False
1772741468.552,1385,1.4,82.6,0.2,10.8,0,False
1772741468.642,1386,1.5,80.1,0.2,10.8,0,False
1772741468.734,1387,1.5,81.7,0.2,10.8,0,False
1772741468.827,1388,1.1,82.0,0.2,10.8,0,False
1772741468.922,1389,1.1,83.6,0.2,10.8,0,False
1772741469.015,1390,1.1,81.6,0.2,10.8,0,False
1772741469.123,1391,1.6,96.5,0.2,10.7,0,False
1772741469.218,1392,1.2,83.9,0.2,10.7,0,False
1772741469.311,1393,1.2,81.6,0.2,10.7,0,False
1772741469.408,1394,1.4,84.4,0.3,10.7,0,False
1772741469.505,1395,0.8,86.7,0.2,10.6,0,False
1772741469.604,1396,1.1,88.0,0.2,10.6,0,False
1772741469.696,1397,1.5,81.0,0.4,10.6,0,False
1772741469.791,1398,1.2,82.3,0.2,10.6,0,False
1772741469.886,1399,1.1,82.8,0.2,10.5,0,False
1772741469.980,1400,1.2,82.1,0.2,10.5,0,False
1772741470.072,1401,1.7,81.4,0.2,10.6,0,False
1772741470.164,1402,1.1,81.9,0.2,10.6,0,False
1772741470.257,1403,1.2,83.0,0.2,10.6,0,False
1772741470.349,1404,1.0,81.7,0.2,10.6,0,False
1772741470.444,1405,1.2,85.3,0.2,10.6,0,False
1772741470.536,1406,1.1,82.2,0.2,10.6,0,False
1772741470.629,1407,1.1,82.2,0.2,10.6,0,False
1772741470.721,1408,1.1,82.6,0.2,10.6,0,False
1772741470.814,1409,1.6,82.1,0.2,10.6,0,False
1772741470.907,1410,1.2,82.2,0.2,10.6,0,False
1772741471.002,1411,1.4,82.9,0.2,10.6,0,False
1772741471.093,1412,1.5,80.9,0.2,10.7,0,False
1772741471.186,1413,1.1,82.1,0.2,10.7,0,False
1772741471.279,1414,1.1,82.2,0.2,10.7,0,False
1772741471.370,1415,1.6,80.4,0.2,10.7,0,False
1772741471.474,1416,1.1,93.1,0.2,10.7,0,False
1772741471.569,1417,1.1,84.0,0.2,10.7,0,False
1772741471.676,1418,1.1,95.4,0.2,10.6,0,False
1772741471.772,1419,1.0,84.0,0.2,10.6,0,False
1772741471.864,1420,1.5,81.2,0.2,10.6,0,False
1772741471.959,1421,1.0,83.8,0.2,10.6,0,False
1772741472.052,1422,1.0,82.5,0.2,10.6,0,False
1772741472.148,1423,1.1,84.5,0.2,10.6,0,False
1772741472.240,1424,1.5,81.2,0.2,10.6,0,False
1772741472.337,1425,1.5,84.1,0.2,10.6,0,False
1772741472.451,1426,1.1,91.6,0.2,10.4,0,False
1772741472.571,1427,0.8,88.7,0.2,10.3,0,False
1772741472.686,1428,1.9,93.5,0.2,10.2,0,False
1772741472.788,1429,1.8,83.9,0.2,10.1,0,False
1772741472.879,1430,1.1,80.4,0.2,10.1,0,False
1772741472.969,1431,1.1,80.6,0.2,10.2,0,False
1772741473.231,1432,0.8,81.0,0.2,9.4,0,False
1772741473.327,1433,1.6,82.9,0.2,9.3,0,False
1772741473.424,1434,1.0,85.8,0.2,9.3,0,False
1772741473.516,1435,1.5,81.5,0.2,9.3,0,False
1772741473.617,1436,1.3,90.7,0.2,9.3,0,False
1772741473.712,1437,1.1,84.8,0.2,9.3,0,False
1772741473.806,1438,1.1,82.7,0.2,9.4,0,False
1772741473.901,1439,2.3,82.7,0.2,9.4,0,False
1772741473.996,1440,1.1,80.6,0.2,9.4,0,False
1772741474.091,1441,2.8,82.9,0.2,9.4,0,False
1772741474.201,1442,1.5,81.5,0.2,9.3,0,False
1772741474.316,1443,0.7,94.0,0.3,9.2,0,False
1772741474.431,1444,0.7,95.9,0.3,9.1,0,False
1772741474.526,1445,1.1,83.9,0.2,9.1,0,False
1772741474.627,1446,0.8,87.0,0.2,9.2,1,True
1772741474.723,1447,1.5,82.6,0.2,9.3,1,True
1772741474.817,1448,1.1,81.9,0.2,9.4,1,True
1772741474.911,1449,1.1,81.4,0.2,9.4,1,True
1772741475.008,1450,1.1,86.5,0.2,9.4,0,True
1772741475.106,1451,1.1,87.2,0.2,9.4,0,True
1772741475.207,1452,3.1,88.0,0.2,10.1,0,True
1772741475.301,1453,1.1,82.9,0.3,10.1,0,True
1772741475.398,1454,1.2,85.4,0.2,10.1,0,True
1772741475.501,1455,1.2,92.1,0.2,10.1,0,True
1772741475.594,1456,1.1,81.8,0.2,10.1,0,True
1772741475.688,1457,1.4,82.3,0.3,10.1,0,True
1772741475.780,1458,1.1,81.5,0.2,10.1,0,True
1772741475.874,1459,1.4,81.6,0.2,10.1,0,True
1772741475.966,1460,1.0,81.2,0.2,10.1,0,True
1772741476.060,1461,1.3,81.8,0.2,10.2,0,True
1772741476.152,1462,1.1,80.7,0.2,10.3,0,True
1772741476.245,1463,1.3,81.6,0.2,10.4,0,True
1772741476.339,1464,1.1,82.8,0.2,10.5,0,True
1772741476.434,1465,1.1,83.8,0.2,10.5,0,True
1772741476.528,1466,1.1,82.4,0.3,10.5,0,True
1772741476.618,1467,1.5,79.8,0.2,10.6,0,True
1772741476.713,1468,1.2,82.7,0.2,10.6,0,True
1772741476.803,1469,1.5,79.8,0.2,10.6,0,True
1772741476.897,1470,1.0,81.5,0.2,10.6,0,True
1772741476.991,1471,1.4,81.7,0.2,10.6,0,True
1772741477.084,1472,1.2,81.4,0.2,10.7,0,True
1772741477.176,1473,1.1,81.1,0.2,10.7,0,True
1772741477.269,1474,1.1,80.5,0.2,10.7,0,True
1772741477.360,1475,1.5,80.1,0.2,10.8,0,True
1772741477.455,1476,1.1,83.1,0.2,10.7,0,True
1772741477.548,1477,1.1,80.1,0.2,10.8,1,True
1772741477.638,1478,1.5,79.6,0.2,10.8,0,True
1772741477.731,1479,1.1,81.8,0.2,10.8,0,True
1772741477.825,1480,1.1,82.3,0.2,10.8,0,True
1772741477.917,1481,1.2,80.7,0.2,10.8,0,True
1772741478.011,1482,1.2,81.7,0.2,10.8,0,True
1772741478.104,1483,1.1,81.2,0.2,10.8,0,True
1772741478.197,1484,1.2,82.0,0.2,10.8,0,True
1772741478.290,1485,1.2,81.4,0.2,10.8,0,True
1772741478.382,1486,1.2,80.4,0.2,10.8,0,True
1772741478.478,1487,1.2,84.7,0.2,10.8,0,True
1772741478.570,1488,1.2,80.9,0.3,10.8,0,True
1772741478.663,1489,1.1,81.7,0.2,10.8,0,True
1772741478.757,1490,1.2,82.0,0.3,10.8,0,True
1772741478.851,1491,2.3,81.9,0.2,10.8,0,True
1772741478.946,1492,1.2,83.3,0.2,10.7,1,True
1772741479.045,1493,1.1,87.2,0.2,10.7,0,True
1772741479.139,1494,1.9,82.3,0.2,10.7,0,True
1772741479.231,1495,1.1,80.1,0.2,10.7,0,True
1772741479.324,1496,1.6,81.1,0.2,10.7,0,True
1772741479.421,1497,1.1,85.9,0.2,10.7,0,True
1772741479.512,1498,1.5,80.0,0.2,10.7,0,True
1772741479.611,1499,1.1,87.2,0.3,10.6,0,True
1772741479.704,1500,1.2,81.3,0.2,10.6,0,True
1772741479.798,1501,1.5,83.0,0.2,10.6,0,True
1772741479.891,1502,1.2,81.4,0.2,10.6,0,True
1772741479.983,1503,1.5,80.4,0.3,10.6,0,True
1772741480.076,1504,1.1,81.4,0.2,10.6,0,True
1772741480.169,1505,1.1,81.6,0.4,10.6,0,True
1772741480.262,1506,1.1,81.3,0.2,10.6,0,True
1772741480.355,1507,1.1,82.7,0.3,10.6,0,True
1772741480.447,1508,1.5,81.1,0.2,10.7,0,True
1772741480.541,1509,1.1,81.3,0.3,10.6,1,True
1772741480.635,1510,1.2,81.0,0.2,10.6,1,True
1772741480.730,1511,1.1,82.8,0.2,10.6,1,True
1772741480.825,1512,1.1,81.8,0.2,10.6,1,True
1772741480.915,1513,1.5,78.8,0.2,10.7,1,True
1772741481.007,1514,1.1,79.0,0.2,10.7,2,True
1772741481.254,1515,0.8,79.9,0.2,9.9,1,True
1772741481.349,1516,1.0,84.4,0.2,9.9,1,True
1772741481.445,1517,1.2,83.8,0.3,9.9,1,True
1772741481.538,1518,1.1,82.6,0.2,9.9,0,True
1772741481.629,1519,1.5,79.6,0.2,9.9,1,True
1772741481.726,1520,1.1,85.4,0.2,9.9,1,True
1772741481.819,1521,1.2,81.2,0.2,9.9,1,True
1772741481.912,1522,1.1,81.5,0.2,9.9,0,True
1772741482.005,1523,1.1,80.5,0.2,9.9,1,True
1772741482.098,1524,1.1,81.2,0.2,9.9,0,True
1772741482.190,1525,1.2,80.1,0.2,9.9,1,True
1772741482.284,1526,1.1,81.4,0.2,9.9,0,True
1772741482.377,1527,1.1,80.7,0.2,9.9,1,True
1772741482.472,1528,1.1,83.0,0.3,9.9,1,True
1772741482.564,1529,1.2,80.9,0.2,9.9,0,True
1772741482.655,1530,1.1,79.3,0.4,9.9,0,True
1772741482.747,1531,1.5,80.7,0.2,9.9,0,True
1772741482.840,1532,1.2,81.6,0.2,9.9,0,True
1772741482.932,1533,1.1,80.0,0.2,9.9,0,True
1772741483.025,1534,1.1,81.5,0.2,9.9,0,True
1772741483.115,1535,1.5,79.2,0.2,10.7,0,True
1772741483.208,1536,1.1,81.4,0.2,10.8,0,True
1772741483.313,1537,1.4,92.7,0.3,10.7,0,True
1772741483.405,1538,1.6,81.0,0.3,10.7,0,True
1772741483.496,1539,0.8,81.1,0.2,10.7,0,True
1772741483.601,1540,1.1,93.9,0.3,10.7,0,True
1772741483.696,1541,1.1,83.0,0.3,10.7,0,True
1772741483.789,1542,1.2,81.1,0.2,10.7,0,True
1772741483.879,1543,1.5,79.2,0.2,10.7,0,True
1772741483.970,1544,1.5,79.1,0.2,10.7,0,True
1772741484.062,1545,1.1,81.2,0.2,10.7,0,True
1772741484.157,1546,1.2,82.6,0.2,10.7,0,True
1772741484.251,1547,1.1,82.0,0.2,10.7,0,True
1772741484.342,1548,1.5,80.3,0.2,10.7,0,True
1772741484.437,1549,1.1,83.6,0.2,10.7,0,True
1772741484.528,1550,1.5,80.5,0.3,10.7,0,True
1772741484.626,1551,1.1,87.6,0.2,10.6,0,True
1772741484.717,1552,1.5,80.4,0.2,10.7,0,True
1772741484.812,1553,1.1,84.1,0.3,10.6,0,True
1772741484.903,1554,1.5,80.3,0.2,10.6,0,True
1772741484.998,1555,1.2,83.5,0.3,10.6,0,True
1772741485.091,1556,1.2,82.4,0.2,10.6,0,True
1772741485.184,1557,1.1,81.9,0.2,10.7,0,True
1772741485.278,1558,1.2,82.1,0.3,10.7,0,False
1772741485.372,1559,1.1,83.6,0.2,10.7,0,False
1772741485.468,1560,1.2,84.8,0.2,10.7,0,False
1772741485.563,1561,1.1,82.5,0.2,10.7,0,False
1772741485.657,1562,1.0,82.3,0.2,10.7,0,False
1772741485.748,1563,2.2,80.2,0.3,10.7,0,False
1772741485.840,1564,1.1,82.0,0.2,10.7,0,False
1772741485.939,1565,1.2,88.7,0.2,10.7,0,False
1772741486.030,1566,1.6,80.5,0.2,10.7,0,False
1772741486.124,1567,1.1,82.1,0.2,10.7,0,False
1772741486.219,1568,1.1,84.0,0.2,10.7,0,False
1772741486.316,1569,1.1,86.8,0.3,10.6,0,False
1772741486.410,1570,1.5,83.2,0.7,10.6,0,False
1772741486.501,1571,1.5,80.9,0.2,10.7,0,False
1772741486.595,1572,1.1,82.7,0.2,10.7,0,False
1772741486.687,1573,1.1,81.3,0.2,10.7,0,False
1772741486.780,1574,1.1,82.5,0.3,10.7,0,False
1772741486.870,1575,1.5,79.3,0.2,10.7,0,False
1772741486.963,1576,1.1,81.6,0.2,10.7,0,False
1772741487.055,1577,1.2,81.4,0.2,10.7,0,False
1772741487.147,1578,1.2,81.2,0.2,10.7,0,False
1772741487.237,1579,1.5,79.6,0.2,10.7,0,False
1772741487.330,1580,1.1,81.5,0.2,10.7,0,False
1772741487.423,1581,1.2,81.9,0.2,10.8,0,False
1772741487.516,1582,1.1,81.4,0.2,10.8,0,False
1772741487.607,1583,1.5,79.8,0.2,10.8,0,False
1772741487.700,1584,1.2,82.1,0.2,10.8,0,False
1772741487.792,1585,1.8,81.9,0.2,10.8,0,False
1772741487.883,1586,1.1,80.6,0.2,10.8,0,False
1772741487.977,1587,1.5,81.5,0.2,10.8,0,False
1772741488.070,1588,1.2,81.5,0.2,10.8,0,False
1772741488.162,1589,1.8,81.0,0.2,10.8,0,False
1772741488.255,1590,1.1,82.1,0.2,10.8,0,False
1772741488.351,1591,1.2,82.5,0.2,10.8,0,False
1772741488.453,1592,1.3,90.6,0.2,10.8,0,False
1772741488.546,1593,1.2,82.4,0.2,10.8,0,False
1772741488.638,1594,1.5,81.1,0.2,10.8,0,False
1772741488.728,1595,1.2,79.7,0.2,10.8,0,False
1772741488.823,1596,0.9,83.1,0.5,10.8,0,False
1772741488.914,1597,1.1,80.2,0.2,10.8,0,False
1772741489.003,1598,1.1,78.7,0.2,10.8,0,False
1772741489.275,1599,0.8,80.0,0.2,9.8,0,False
1772741489.367,1600,0.8,83.3,0.2,9.8,0,False
1772741489.462,1601,1.3,83.0,0.2,9.8,0,False
1772741489.552,1602,1.5,79.8,0.2,9.8,0,False
1772741489.662,1603,1.5,100.7,0.2,9.7,0,False
1772741489.757,1604,1.2,83.6,0.2,9.7,0,False
1772741489.847,1605,1.5,79.9,0.2,9.7,0,False
1772741489.938,1606,1.5,81.2,0.2,9.7,0,False
1772741490.030,1607,1.1,81.3,0.2,9.7,0,False
1772741490.123,1608,1.1,82.2,0.2,9.7,0,False
1772741490.215,1609,1.0,81.4,0.2,9.7,0,False
1772741490.308,1610,1.1,82.2,0.3,9.7,0,False
1772741490.400,1611,1.1,80.7,0.2,9.8,0,False
1772741490.501,1612,1.1,90.4,0.2,9.8,0,False
1772741490.591,1613,1.6,79.6,0.2,9.8,0,False
1772741490.684,1614,1.1,82.2,0.2,9.8,0,False
1772741490.777,1615,1.1,81.6,0.2,9.8,0,False
1772741490.870,1616,1.1,83.1,0.2,9.8,0,False
1772741490.961,1617,1.5,79.9,0.2,9.8,0,False
1772741491.052,1618,1.5,81.9,0.2,9.8,0,False
1772741491.145,1619,1.1,81.8,0.2,10.7,0,False
1772741491.238,1620,1.1,83.3,0.3,10.7,0,False
1772741491.332,1621,1.5,82.4,0.2,10.7,0,False
1772741491.437,1622,1.1,94.5,0.2,10.6,0,False
1772741491.531,1623,1.1,83.4,0.3,10.7,0,False
1772741491.623,1624,1.1,81.5,0.2,10.7,0,False
1772741491.716,1625,1.1,82.3,0.4,10.7,0,False
1772741491.808,1626,1.1,81.4,0.2,10.7,0,False
1772741491.901,1627,1.1,81.4,0.2,10.7,0,False
1772741491.993,1628,1.1,81.9,0.2,10.7,0,False
1772741492.084,1629,1.5,80.5,0.2,10.7,0,False
1772741492.178,1630,1.2,82.4,0.2,10.7,0,False
1772741492.271,1631,1.1,83.1,0.2,10.7,0,False
1772741492.363,1632,1.2,80.5,0.2,10.7,0,False
1772741492.459,1633,1.2,85.4,0.2,10.7,0,False
1772741492.550,1634,1.2,80.7,0.2,10.7,0,False
1772741492.643,1635,1.1,82.5,0.2,10.7,0,False
1772741492.736,1636,1.2,82.0,0.3,10.7,0,False
1772741492.828,1637,1.1,81.8,0.3,10.7,0,False
1772741492.921,1638,1.2,82.3,0.2,10.7,0,False
1772741493.011,1639,1.5,80.6,0.2,10.7,0,False
1772741493.105,1640,1.4,82.3,0.2,10.7,0,False
1772741493.197,1641,1.2,81.9,0.2,10.7,0,False
1772741493.290,1642,1.3,82.6,0.2,10.8,0,False
1772741493.383,1643,1.3,82.2,0.2,10.8,0,False
1772741493.476,1644,1.6,82.3,0.2,10.8,0,False
1772741493.568,1645,1.2,81.5,0.3,10.8,0,False
1772741493.661,1646,1.2,82.0,0.2,10.8,0,False
1772741493.751,1647,1.5,80.6,0.2,10.8,0,False
1772741493.844,1648,1.6,81.8,0.2,10.8,0,False
1772741493.934,1649,1.5,80.5,0.2,10.8,0,False
1772741494.025,1650,1.5,82.0,0.2,10.8,0,False
1772741494.121,1651,1.0,83.5,0.2,10.8,0,False
1772741494.212,1652,1.5,82.4,0.2,10.8,0,False
1772741494.305,1653,1.2,82.5,0.2,10.8,0,False
1772741494.400,1654,1.2,84.3,0.2,10.8,0,False
1772741494.492,1655,1.5,82.6,0.2,10.8,0,False
1772741494.595,1656,1.5,93.8,0.2,10.8,0,False
1772741494.693,1657,1.5,87.6,0.2,10.7,1,True
1772741494.785,1658,1.2,81.4,0.2,10.7,0,True
1772741494.879,1659,1.1,84.2,0.2,10.7,0,True
1772741494.972,1660,1.1,82.1,0.2,10.7,0,True
1772741495.067,1661,1.2,84.6,0.2,10.7,0,True
1772741495.159,1662,1.2,81.6,0.2,10.7,0,True
1772741495.253,1663,1.1,83.4,0.2,10.7,1,True
1772741495.344,1664,1.5,80.8,0.2,10.7,0,True
1772741495.440,1665,1.1,86.0,0.2,10.7,0,True
1772741495.533,1666,1.1,82.4,0.2,10.7,0,True
1772741495.627,1667,1.5,81.8,0.2,10.7,1,True
1772741495.721,1668,1.1,82.6,0.2,10.7,1,True
1772741495.836,1669,1.0,101.4,0.2,10.5,1,True
1772741495.938,1670,1.2,90.5,0.2,10.5,1,True
1772741496.034,1671,1.2,84.2,0.2,10.5,1,True
1772741496.128,1672,1.3,81.4,0.2,10.4,1,True
1772741496.222,1673,1.4,82.6,0.2,10.4,0,True
1772741496.313,1674,1.6,80.3,0.2,10.5,1,True
1772741496.410,1675,1.5,83.1,0.4,10.4,1,True
1772741496.504,1676,1.5,83.1,0.2,10.5,1,True
1772741496.595,1677,1.5,79.9,0.2,10.5,0,True
1772741496.697,1678,1.1,91.6,0.2,10.5,0,True
1772741496.790,1679,1.1,82.0,0.2,10.5,0,True
1772741496.884,1680,1.1,82.1,0.2,10.5,1,True
1772741496.976,1681,1.5,79.5,0.2,10.5,0,True
1772741497.298,1682,0.9,80.4,0.2,9.4,1,True
1772741497.392,1683,1.7,82.1,0.2,9.4,1,True
1772741497.487,1684,1.3,83.2,0.2,9.3,0,True
1772741497.582,1685,1.2,82.5,0.2,9.3,1,True
1772741497.673,1686,1.5,80.6,0.2,9.3,0,True
1772741497.766,1687,1.2,82.1,0.2,9.3,0,True
1772741497.860,1688,1.5,81.9,0.2,9.3,0,True
1772741497.955,1689,1.1,83.2,0.2,9.4,1,True
1772741498.047,1690,1.6,81.6,0.2,9.5,0,True
1772741498.142,1691,1.0,83.9,0.4,9.5,0,True
1772741498.235,1692,1.2,82.6,0.3,9.5,0,True
1772741498.328,1693,1.6,81.8,0.4,9.5,0,True
1772741498.420,1694,1.5,82.6,0.2,9.5,0,True
1772741498.515,1695,1.0,83.9,0.3,9.5,0,True
1772741498.609,1696,1.0,82.6,0.2,9.5,1,True
1772741498.704,1697,1.1,84.7,0.2,9.5,0,True
1772741498.798,1698,1.1,83.3,0.2,9.5,0,True
1772741498.894,1699,1.2,84.8,0.2,9.5,0,True
1772741498.988,1700,1.1,83.2,0.2,9.5,0,True
1772741499.082,1701,1.5,82.9,0.2,9.5,0,True
1772741499.175,1702,1.1,82.9,0.3,10.7,0,True
1772741499.271,1703,1.6,83.5,0.2,10.6,0,True
1772741499.367,1704,1.1,85.4,0.3,10.6,0,True
1772741499.462,1705,1.1,84.2,0.2,10.6,0,True
1772741499.555,1706,1.5,82.3,0.3,10.6,0,True
1772741499.659,1707,1.1,93.6,0.2,10.6,0,True
1772741499.755,1708,1.1,84.0,0.2,10.6,0,True
1772741499.848,1709,1.1,81.7,0.2,10.6,0,True
1772741499.940,1710,1.2,81.6,0.2,10.6,0,True
1772741500.033,1711,1.5,82.1,0.2,10.6,0,True
1772741500.124,1712,1.5,80.0,0.2,10.6,0,True
1772741500.215,1713,1.0,80.9,0.2,10.6,0,True
1772741500.317,1714,1.0,90.0,0.2,10.5,0,True
1772741500.414,1715,1.1,86.0,0.2,10.5,0,True
1772741500.505,1716,1.2,81.2,0.2,10.5,0,True
1772741500.599,1717,1.1,83.5,0.2,10.6,0,True
1772741500.695,1718,1.1,84.9,0.2,10.5,0,True
1772741500.789,1719,1.0,82.6,0.2,10.6,0,True
1772741500.883,1720,1.7,81.6,0.2,10.6,0,True
1772741500.977,1721,1.2,81.8,0.2,10.6,0,True
1772741501.067,1722,1.5,79.9,0.2,10.6,0,True
1772741501.160,1723,1.3,82.3,0.3,10.6,0,True
1772741501.253,1724,1.1,81.8,0.2,10.6,0,True
1772741501.346,1725,1.3,82.3,0.2,10.6,0,True
1772741501.440,1726,1.1,83.7,0.2,10.6,0,False
1772741501.532,1727,2.3,79.8,0.2,10.7,0,False
1772741501.625,1728,0.8,82.1,0.2,10.7,0,False
1772741501.721,1729,1.8,82.6,0.2,10.7,0,False
1772741501.813,1730,1.1,82.1,0.2,10.7,0,False
1772741501.908,1731,1.2,82.0,0.2,10.7,0,False
1772741501.998,1732,1.5,80.4,0.2,10.7,0,False
1772741502.089,1733,1.7,79.8,0.2,10.7,0,False
1772741502.182,1734,1.1,82.1,0.2,10.7,0,False
1772741502.276,1735,1.7,82.4,0.2,10.7,0,False
1772741502.369,1736,1.1,82.6,0.2,10.7,0,False
1772741502.465,1737,1.0,83.9,0.2,10.7,0,False
1772741502.558,1738,1.1,82.5,0.2,10.7,0,False
1772741502.649,1739,1.5,80.5,0.2,10.8,0,False
1772741502.749,1740,1.1,88.5,0.3,10.7,0,False
1772741502.850,1741,1.1,88.7,0.2,10.7,0,False
1772741502.943,1742,1.8,82.2,0.2,10.7,0,False
1772741503.033,1743,1.5,80.0,0.2,10.7,0,False
1772741503.128,1744,1.2,84.4,0.2,10.7,0,False
1772741503.221,1745,1.1,82.1,0.2,10.7,0,False
1772741503.312,1746,1.9,80.9,0.2,10.7,0,False
1772741503.407,1747,1.1,82.9,0.4,10.7,0,False
1772741503.516,1748,2.2,99.0,0.2,10.6,0,False
1772741503.610,1749,1.4,83.2,0.2,10.6,0,False
1772741503.703,1750,1.1,82.0,0.2,10.6,0,False
1772741503.798,1751,1.5,83.9,0.2,10.6,0,False
1772741503.891,1752,1.1,82.0,0.2,10.6,0,False
1772741503.982,1753,1.9,80.6,0.2,10.6,0,False
1772741504.074,1754,1.1,81.7,0.2,10.6,0,False
1772741504.170,1755,1.4,84.1,0.2,10.6,0,False
1772741504.260,1756,1.5,80.2,0.3,10.6,0,False
1772741504.353,1757,1.4,82.4,0.2,10.6,0,False
1772741504.453,1758,1.0,88.8,0.2,10.6,0,False
1772741504.553,1759,1.2,89.2,0.2,10.5,0,False
1772741504.650,1760,1.5,86.7,0.2,10.5,0,False
1772741504.744,1761,1.2,83.3,0.3,10.6,0,False
1772741504.840,1762,1.3,84.2,0.2,10.5,1,True
1772741504.932,1763,1.6,81.0,0.2,10.5,0,True
1772741505.020,1764,1.6,77.9,0.2,10.6,0,True
1772741505.320,1765,0.8,81.1,0.2,9.5,0,True
1772741505.418,1766,0.8,85.1,0.2,9.5,0,True
1772741505.511,1767,1.3,81.7,0.2,9.5,0,True
1772741505.605,1768,1.1,83.1,0.2,9.6,0,True
1772741505.704,1769,1.2,88.0,0.2,9.6,0,True
1772741505.800,1770,1.2,85.4,0.2,9.5,0,True
1772741505.895,1771,1.5,83.7,0.2,9.5,0,True
1772741505.989,1772,1.4,82.6,0.2,9.5,0,True
1772741506.082,1773,1.2,82.5,0.2,9.5,0,True
1772741506.177,1774,1.4,81.8,0.2,9.5,0,True
1772741506.268,1775,1.6,80.4,0.2,9.5,0,True
1772741506.361,1776,2.0,82.1,0.2,9.5,0,True
1772741506.453,1777,1.5,81.6,0.2,9.5,0,True
1772741506.547,1778,1.6,81.9,0.2,9.6,0,True
1772741506.637,1779,1.5,79.8,0.2,9.6,0,True
1772741506.731,1780,1.3,82.4,0.2,9.6,0,True
1772741506.821,1781,1.6,79.7,0.2,9.6,0,True
1772741506.915,1782,1.1,83.6,0.2,9.6,0,True
1772741507.005,1783,1.5,80.2,0.2,9.6,0,True
1772741507.100,1784,1.1,84.3,0.2,9.6,0,True
1772741507.193,1785,1.2,81.7,0.2,10.7,0,True
1772741507.287,1786,1.3,83.1,0.2,10.7,0,True
1772741507.382,1787,1.2,84.8,0.2,10.7,0,True
1772741507.488,1788,1.3,94.4,0.2,10.6,0,True
1772741507.584,1789,0.8,84.7,0.2,10.6,0,True
1772741507.677,1790,1.2,81.7,0.2,10.7,0,True
1772741507.772,1791,1.4,83.5,0.2,10.7,0,True
1772741507.866,1792,1.2,83.4,0.2,10.7,0,False
1772741507.958,1793,2.5,81.2,0.2,10.7,0,False
1772741508.049,1794,1.5,81.1,0.2,10.7,0,False
1772741508.144,1795,1.3,83.3,0.3,10.7,0,False
1772741508.238,1796,1.1,83.6,0.2,10.7,0,False
1772741508.333,1797,1.6,82.9,0.2,10.6,0,False
1772741508.433,1798,1.1,90.2,0.2,10.6,0,False
1772741508.526,1799,1.2,82.1,0.2,10.6,0,False
1772741508.619,1800,1.1,82.9,0.2,10.6,0,False
1772741508.713,1801,1.6,82.3,0.2,10.6,0,False
1772741508.807,1802,1.2,83.7,0.2,10.6,0,False
1772741508.899,1803,1.2,81.9,0.2,10.6,0,False
1772741508.994,1804,1.2,84.1,0.2,10.6,0,False
1772741509.086,1805,1.1,81.9,0.2,10.6,0,False
1772741509.180,1806,1.2,83.5,0.2,10.6,0,False
1772741509.272,1807,1.2,81.8,0.2,10.6,0,False
1772741509.364,1808,1.5,81.9,0.2,10.7,0,False
1772741509.465,1809,1.1,90.3,0.2,10.6,0,False
1772741509.562,1810,1.5,85.2,0.2,10.6,0,False
1772741509.665,1811,1.1,92.9,0.2,10.6,0,False
1772741509.757,1812,1.3,81.6,0.2,10.6,0,False
1772741509.851,1813,1.3,82.0,0.2,10.6,0,False
1772741509.941,1814,1.6,79.7,0.2,10.6,0,False
1772741510.035,1815,1.2,83.1,0.2,10.6,0,False
1772741510.127,1816,1.2,81.4,0.2,10.6,0,False
1772741510.221,1817,1.4,83.2,0.2,10.6,0,False
1772741510.314,1818,1.1,81.7,0.2,10.6,0,False
1772741510.409,1819,1.4,84.0,0.4,10.6,0,False
1772741510.504,1820,1.5,83.9,0.3,10.6,0,False
1772741510.597,1821,1.0,81.7,0.2,10.6,0,False
1772741510.691,1822,1.1,82.8,0.2,10.6,0,False
1772741510.783,1823,1.3,81.1,0.2,10.6,0,False
1772741510.889,1824,1.1,95.8,0.2,10.6,0,False
1772741510.990,1825,1.1,89.9,0.2,10.5,0,False
1772741511.085,1826,1.5,84.4,0.2,10.5,0,False
1772741511.179,1827,1.0,83.2,0.3,10.5,0,False
1772741511.272,1828,1.1,82.6,0.3,10.5,0,False
1772741511.369,1829,1.1,86.5,0.2,10.5,0,False
1772741511.463,1830,1.1,83.6,0.2,10.5,0,False
1772741511.557,1831,1.4,83.1,0.2,10.6,0,False
1772741511.649,1832,1.2,81.5,0.2,10.6,0,False
1772741511.743,1833,1.2,82.8,0.2,10.6,0,False
1772741511.835,1834,1.1,82.1,0.2,10.6,0,False
1772741511.929,1835,1.1,83.5,0.2,10.6,0,False
1772741512.021,1836,1.1,82.1,0.2,10.6,0,False
1772741512.115,1837,1.3,83.3,0.2,10.6,0,False
1772741512.207,1838,1.1,82.0,0.2,10.6,0,False
1772741512.300,1839,1.3,81.8,0.2,10.6,0,False
1772741512.391,1840,1.1,80.9,0.2,10.6,0,False
1772741512.485,1841,1.1,83.8,0.2,10.6,0,False
1772741512.576,1842,1.5,80.5,0.2,10.6,0,False
1772741512.667,1843,1.5,81.8,0.2,10.6,0,False
1772741512.759,1844,1.1,81.7,0.2,10.7,0,False
1772741512.853,1845,1.1,83.5,0.2,10.7,0,False
1772741512.945,1846,1.1,82.2,0.2,10.7,0,False
1772741513.035,1847,1.1,79.4,0.2,10.8,0,False
1772741513.341,1848,0.9,80.4,0.2,9.7,0,False
1772741513.435,1849,1.0,84.2,0.2,9.7,0,False
1772741513.528,1850,1.6,82.2,0.2,9.7,0,False
1772741513.621,1851,1.1,81.8,0.2,9.7,0,False
1772741513.715,1852,1.6,82.0,0.2,9.7,0,False
1772741513.805,1853,1.5,79.8,0.2,9.7,0,False
1772741513.898,1854,1.4,82.6,0.2,9.7,0,False
1772741513.990,1855,1.1,81.2,0.2,9.7,0,False
1772741514.083,1856,1.4,81.6,0.2,9.7,0,False
1772741514.175,1857,1.1,81.5,0.2,9.7,0,False
1772741514.270,1858,1.4,83.6,0.2,9.7,0,False
1772741514.363,1859,1.1,82.8,0.2,9.7,0,False
1772741514.458,1860,1.5,84.0,0.2,9.7,0,False
1772741514.554,1861,1.5,84.9,0.2,9.7,0,False
1772741514.652,1862,1.2,86.9,0.3,9.6,0,False
1772741514.746,1863,1.2,83.5,0.3,9.6,0,False
1772741514.836,1864,1.5,80.0,0.3,9.6,0,False
1772741514.929,1865,1.1,82.5,0.3,9.6,0,False
1772741515.019,1866,1.5,79.6,0.2,9.6,0,False
1772741515.110,1867,1.5,80.7,0.2,9.6,0,False
1772741515.203,1868,1.0,81.8,0.2,10.7,0,False
1772741515.296,1869,1.1,82.1,0.2,10.7,0,False
1772741515.390,1870,1.1,81.8,0.2,10.7,0,False
1772741515.484,1871,1.1,83.3,0.2,10.7,0,False
1772741515.576,1872,1.1,81.9,0.2,10.7,0,False
1772741515.667,1873,1.5,80.5,0.2,10.7,0,False
1772741515.760,1874,0.9,82.3,0.2,10.7,0,False
1772741515.854,1875,1.1,83.0,0.2,10.7,0,False
1772741515.945,1876,1.5,79.9,0.2,10.7,0,False
1772741516.040,1877,1.1,84.9,0.3,10.7,0,False
1772741516.132,1878,1.2,81.0,0.2,10.7,0,False
1772741516.225,1879,1.1,81.6,0.2,10.7,0,False
1772741516.317,1880,1.2,80.8,0.2,10.8,0,False
1772741516.411,1881,1.1,84.2,0.2,10.8,0,False
1772741516.504,1882,1.1,81.8,0.2,10.8,0,False
1772741516.596,1883,1.1,81.1,0.2,10.8,0,False
1772741516.689,1884,1.1,81.3,0.2,10.8,0,False
1772741516.781,1885,1.1,81.8,0.2,10.8,0,False
1772741516.872,1886,1.6,80.2,0.2,10.8,0,False
1772741516.964,1887,1.1,81.6,0.3,10.8,0,False
1772741517.057,1888,1.0,81.1,0.2,10.8,0,False
1772741517.147,1889,1.5,79.6,0.2,10.8,0,False
1772741517.241,1890,1.4,82.0,0.2,10.8,0,False
1772741517.337,1891,1.2,85.3,0.2,10.8,0,False
1772741517.432,1892,1.1,82.8,0.2,10.8,0,False
1772741517.524,1893,1.1,81.5,0.2,10.8,0,False
1772741517.616,1894,1.0,81.0,0.2,10.8,0,False
1772741517.709,1895,1.1,82.1,0.2,10.8,0,False
1772741517.802,1896,1.6,82.6,0.2,10.8,0,False
1772741517.894,1897,1.1,81.8,0.2,10.8,0,False
1772741517.985,1898,1.5,79.5,0.2,10.8,0,False
1772741518.074,1899,1.5,79.5,0.2,10.8,0,False
1772741518.168,1900,1.2,82.9,0.2,10.8,0,False
1772741518.258,1901,1.5,80.0,0.2,10.8,0,False
1772741518.351,1902,1.2,83.1,0.2,10.8,0,False
1772741518.446,1903,1.2,83.4,0.2,10.8,0,False
1772741518.539,1904,1.3,83.3,0.2,10.8,0,False
1772741518.631,1905,1.1,80.9,0.2,10.8,0,False
1772741518.722,1906,1.5,81.4,0.2,10.8,0,False
1772741518.815,1907,1.2,82.0,0.2,10.8,0,False
1772741518.909,1908,1.1,83.7,0.2,10.8,0,False
1772741519.001,1909,1.2,81.6,0.2,10.8,0,False
1772741519.093,1910,1.5,81.5,0.2,10.8,0,False
1772741519.185,1911,1.2,81.6,0.2,10.8,0,False
1772741519.292,1912,1.1,97.4,0.2,10.7,0,False
1772741519.382,1913,1.5,79.8,0.2,10.8,0,False
1772741519.477,1914,1.2,83.7,0.2,10.7,0,False
1772741519.570,1915,1.2,82.0,0.2,10.7,0,False
1772741519.670,1916,2.1,89.0,0.2,10.7,0,False
1772741519.765,1917,1.3,83.6,0.2,10.7,0,False
1772741519.857,1918,1.1,81.4,0.2,10.7,0,False
1772741519.955,1919,1.3,86.5,0.2,10.6,0,False
1772741520.048,1920,1.1,82.0,0.2,10.6,0,False
1772741520.144,1921,1.5,82.1,0.2,10.6,0,False
1772741520.238,1922,1.3,82.0,0.2,10.6,0,False
1772741520.329,1923,1.5,80.2,0.2,10.6,0,False
1772741520.425,1924,1.1,84.3,0.2,10.6,0,False
1772741520.517,1925,1.1,80.9,0.2,10.6,0,False
1772741520.610,1926,1.1,82.4,0.3,10.6,0,False
1772741520.704,1927,1.1,83.0,0.3,10.6,0,False
1772741520.795,1928,1.1,80.4,0.2,10.6,0,False
1772741520.886,1929,1.5,80.2,0.2,10.6,0,False
1772741520.978,1930,1.1,81.4,0.2,10.6,0,False
1772741521.068,1931,1.1,79.2,0.2,10.6,0,False
1772741521.363,1932,0.8,80.4,0.2,9.7,0,False
1772741521.456,1933,0.9,83.5,0.2,9.6,0,False
1772741521.550,1934,1.5,82.2,0.2,9.6,0,False
1772741521.643,1935,1.1,81.9,0.2,9.6,0,False
1772741521.734,1936,1.9,80.5,0.2,9.7,0,False
1772741521.825,1937,1.5,80.1,0.2,9.7,1,True
1772741521.920,1938,1.2,83.5,0.2,9.7,1,True
1772741522.014,1939,1.2,81.7,0.2,9.7,1,True
1772741522.109,1940,1.8,83.2,0.2,9.7,0,True
1772741522.208,1941,1.1,86.3,0.2,9.7,1,True
1772741522.300,1942,1.2,80.9,0.2,9.7,1,True
1772741522.392,1943,1.5,80.2,0.2,9.7,1,True
1772741522.486,1944,1.1,81.6,0.2,9.7,1,True
1772741522.578,1945,1.5,80.7,0.2,9.7,1,True
1772741522.672,1946,1.1,82.5,0.2,9.7,1,True
1772741522.766,1947,1.2,82.1,0.3,9.7,1,True
1772741522.860,1948,1.2,81.9,0.2,9.7,1,True
1772741522.955,1949,1.2,83.1,0.2,9.7,1,True
1772741523.046,1950,1.5,80.5,0.2,9.7,1,True
1772741523.143,1951,1.3,84.4,0.2,9.6,1,True
1772741523.237,1952,1.0,81.8,0.3,10.7,1,True
1772741523.334,1953,1.1,86.0,0.2,10.7,1,True
1772741523.430,1954,1.1,83.6,0.2,10.6,1,True
1772741523.523,1955,1.2,81.6,0.2,10.6,0,True
1772741523.619,1956,1.1,84.4,0.2,10.6,1,True
1772741523.711,1957,1.1,81.1,0.2,10.6,0,True
1772741523.805,1958,1.1,81.9,0.4,10.6,0,True
1772741523.897,1959,1.2,81.0,0.2,10.6,0,True
1772741523.989,1960,1.1,81.4,0.2,10.6,0,True
1772741524.082,1961,1.1,81.1,0.2,10.7,1,True
1772741524.172,1962,1.5,79.6,0.3,10.7,0,True
1772741524.266,1963,1.3,82.0,0.2,10.7,1,True
1772741524.361,1964,1.1,82.5,0.2,10.7,1,True
1772741524.455,1965,1.1,82.5,0.2,10.7,1,True
1772741524.548,1966,1.1,81.4,0.3,10.7,1,True
1772741524.645,1967,1.1,85.5,0.3,10.6,1,True
1772741524.739,1968,1.2,83.0,0.2,10.6,1,True
1772741524.842,1969,1.1,90.3,0.2,10.6,1,True
1772741524.935,1970,1.1,81.2,0.2,10.6,1,True
1772741525.027,1971,1.5,80.1,0.2,10.6,1,True
1772741525.118,1972,1.5,80.0,0.2,10.6,2,True
1772741525.210,1973,1.1,80.3,0.2,10.7,2,True
1772741525.305,1974,1.2,81.6,0.2,10.7,1,True
1772741525.399,1975,1.1,82.4,0.2,10.7,1,True
1772741525.507,1976,1.0,95.8,0.2,10.6,1,True
1772741525.600,1977,1.4,79.7,0.2,10.6,1,True
1772741525.695,1978,1.1,82.8,0.2,10.6,1,True
1772741525.790,1979,1.5,82.7,0.2,10.6,0,True
1772741525.881,1980,1.5,80.7,0.2,10.6,0,True
1772741525.976,1981,1.0,82.4,0.2,10.6,0,True
1772741526.069,1982,1.3,80.7,0.2,10.5,0,True
1772741526.162,1983,0.9,81.8,0.2,10.5,0,True
1772741526.258,1984,0.9,83.3,0.3,10.5,1,True
1772741526.352,1985,0.9,81.5,0.2,10.5,1,True
1772741526.449,1986,1.2,85.4,0.3,10.5,0,True
1772741526.541,1987,1.5,80.7,0.2,10.5,0,True
1772741526.645,1988,1.2,92.9,0.2,10.5,0,True
1772741526.741,1989,1.1,83.5,0.3,10.5,0,True
1772741526.833,1990,1.5,80.6,0.2,10.5,0,True
1772741526.931,1991,1.1,84.8,0.2,10.5,1,True
1772741527.024,1992,1.6,81.4,0.2,10.5,0,True
1772741527.121,1993,1.1,83.8,0.2,10.5,1,True
1772741527.213,1994,1.5,80.9,0.2,10.5,0,True
1772741527.306,1995,1.6,81.8,0.2,10.5,0,True
1772741527.402,1996,1.1,83.6,0.2,10.6,0,True
1772741527.501,1997,0.8,85.6,0.3,10.5,0,True
1772741527.598,1998,1.1,84.2,0.3,10.5,0,True
1772741527.692,1999,1.1,82.9,0.2,10.5,0,True
1772741527.788,2000,1.0,84.7,0.2,10.5,0,True
1772741527.883,2001,1.0,82.7,0.2,10.5,0,True
1772741527.979,2002,0.9,82.5,0.2,10.5,0,True
1772741528.084,2003,1.1,93.1,0.2,10.4,0,True
1772741528.177,2004,1.1,82.4,0.2,10.4,0,True
1772741528.273,2005,1.3,83.6,0.2,10.4,0,True
1772741528.368,2006,1.1,83.0,0.2,10.4,0,True
1772741528.465,2007,0.9,84.6,0.3,10.4,0,True
1772741528.562,2008,1.1,84.7,0.5,10.4,0,True
1772741528.658,2009,1.1,83.3,0.2,10.4,0,True
1772741528.754,2010,1.2,84.0,0.2,10.4,0,True
1772741528.853,2011,0.8,85.4,0.3,10.4,0,True
1772741528.948,2012,1.2,81.5,0.2,10.4,1,True
1772741529.041,2013,1.1,80.6,0.2,10.4,1,True
1772741529.133,2014,1.1,79.0,0.2,10.4,1,True
1772741529.389,2015,0.8,80.3,0.2,9.6,1,True
1772741529.485,2016,1.0,83.8,0.2,9.6,2,True
1772741529.582,2017,1.2,81.5,0.2,9.6,2,True
1772741529.680,2018,0.8,85.7,0.2,9.6,1,True
1772741529.777,2019,1.0,82.0,0.2,9.6,1,True
1772741529.875,2020,1.0,82.4,0.2,9.6,1,True
1772741529.971,2021,1.1,82.0,0.2,9.6,0,True
1772741530.068,2022,1.0,81.6,0.2,9.6,0,True
1772741530.168,2023,0.9,83.3,0.2,9.6,0,True
1772741530.263,2024,1.1,82.7,0.2,9.6,0,True
1772741530.370,2025,0.8,90.4,0.2,9.5,0,True
1772741530.467,2026,1.9,84.5,0.2,9.5,0,True
1772741530.561,2027,1.2,82.4,0.2,9.5,0,True
1772741530.656,2028,1.2,83.2,0.2,9.6,0,True
1772741530.750,2029,1.3,81.9,0.3,9.6,0,True
1772741530.853,2030,0.8,83.4,0.2,9.5,0,True
1772741530.950,2031,1.7,82.6,0.2,9.5,0,True
1772741531.048,2032,1.0,82.2,0.2,9.5,0,True
1772741531.152,2033,0.8,84.8,0.2,9.5,0,True
1772741531.251,2034,1.0,83.4,0.2,9.4,0,True
1772741531.349,2035,1.0,83.1,0.2,10.2,0,True
1772741531.466,2036,0.8,97.9,0.2,10.1,0,True
1772741531.580,2037,0.8,93.2,0.2,10.0,0,True
1772741531.677,2038,0.8,83.2,0.2,10.0,0,True
1772741531.774,2039,1.3,82.9,0.2,10.0,0,True
1772741531.874,2040,0.8,86.0,0.2,10.0,0,True
1772741531.975,2041,0.9,84.4,0.2,10.0,0,True
1772741532.071,2042,1.1,81.1,0.2,10.0,0,True
1772741532.169,2043,1.1,84.0,0.2,10.0,0,True
1772741532.266,2044,1.1,83.0,0.2,10.0,0,True
1772741532.361,2045,2.1,80.6,0.2,10.0,0,True
1772741532.460,2046,1.1,84.9,0.2,10.0,0,True
1772741532.554,2047,1.1,81.4,0.2,10.0,0,True
1772741532.650,2048,1.1,83.7,0.2,10.0,0,True
1772741532.745,2049,1.1,82.4,0.2,10.0,0,True
1772741532.841,2050,1.5,82.7,0.2,10.1,0,False
1772741532.934,2051,1.5,80.3,0.2,10.1,0,False
1772741533.031,2052,1.8,82.2,0.2,10.1,0,False
1772741533.125,2053,1.6,80.6,0.2,10.1,0,False
1772741533.221,2054,1.1,81.0,0.2,10.2,0,False
1772741533.318,2055,1.1,83.0,0.6,10.2,0,False
1772741533.416,2056,1.1,84.5,0.2,10.3,0,False
1772741533.518,2057,1.2,85.5,0.2,10.3,0,False
1772741533.616,2058,1.2,83.0,0.3,10.3,0,False
1772741533.713,2059,1.1,82.0,0.2,10.3,0,False
1772741533.808,2060,1.7,81.0,0.2,10.3,0,False
1772741533.901,2061,1.5,80.4,0.2,10.4,0,False
1772741534.003,2062,1.2,85.7,0.2,10.4,0,False
1772741534.112,2063,0.8,92.8,0.2,10.3,0,False
1772741534.208,2064,1.1,82.1,0.3,10.3,0,False
1772741534.303,2065,1.0,81.9,0.2,10.3,0,False
1772741534.406,2066,2.0,83.3,0.2,10.3,0,False
1772741534.501,2067,0.8,83.2,0.2,10.3,0,False
1772741534.601,2068,1.1,86.2,0.2,10.3,0,False
1772741534.698,2069,1.5,83.0,0.2,10.2,0,False
1772741534.790,2070,1.5,79.9,0.3,10.3,0,False
1772741534.885,2071,2.1,81.5,0.2,10.3,0,False
1772741534.982,2072,1.1,82.7,0.2,10.3,0,False
1772741535.078,2073,1.2,81.6,0.2,10.2,0,False
1772741535.174,2074,1.1,83.1,0.4,10.2,0,False
1772741535.267,2075,1.5,80.2,0.2,10.3,0,False
1772741535.363,2076,1.1,81.8,0.2,10.3,0,False
1772741535.461,2077,1.1,83.9,0.2,10.3,0,False
1772741535.559,2078,1.2,82.0,0.2,10.3,0,False
1772741535.655,2079,1.2,82.2,0.4,10.3,0,False
1772741535.751,2080,1.1,81.6,0.2,10.3,0,False
1772741535.849,2081,1.5,81.8,0.2,10.3,0,False
1772741535.949,2082,1.1,81.8,0.2,10.3,0,False
1772741536.050,2083,1.2,81.0,0.2,10.3,0,False
1772741536.151,2084,1.4,83.0,0.2,10.3,0,False
1772741536.254,2085,1.1,81.5,0.2,10.3,0,False
1772741536.352,2086,1.2,81.3,0.2,10.3,0,False
1772741536.451,2087,1.2,84.0,0.2,10.3,0,False
1772741536.549,2088,1.0,82.3,0.3,10.3,0,False
1772741536.663,2089,0.8,93.5,0.3,10.2,0,False
1772741536.761,2090,0.8,81.5,0.2,10.1,0,False
1772741536.856,2091,0.9,82.0,0.2,10.2,0,False
1772741536.949,2092,1.0,81.6,0.2,10.2,0,False
1772741537.050,2093,1.2,80.3,0.2,10.1,0,False
1772741537.142,2094,1.0,79.8,0.2,10.2,0,False
1772741537.415,2095,0.9,83.7,0.3,9.3,0,False
1772741537.516,2096,1.0,89.2,0.2,9.3,0,False
1772741537.615,2097,0.8,83.1,0.2,9.3,0,False
1772741537.713,2098,1.2,84.2,0.2,9.3,0,False
1772741537.809,2099,1.1,82.8,0.3,9.3,0,False
1772741537.903,2100,1.5,80.0,0.2,9.3,0,False
1772741538.004,2101,1.5,85.1,0.2,9.3,0,False
1772741538.106,2102,1.4,82.1,0.3,9.3,0,False
1772741538.202,2103,1.2,82.1,0.2,9.3,0,False
1772741538.299,2104,1.5,83.4,0.2,9.3,0,False
1772741538.394,2105,1.2,80.4,0.2,9.3,0,False
1772741538.491,2106,1.3,82.3,0.3,9.3,0,False
1772741538.587,2107,1.2,81.0,0.2,9.4,0,False
1772741538.684,2108,1.1,82.2,0.2,9.4,0,False
1772741538.783,2109,1.2,84.0,0.2,9.4,0,False
1772741538.882,2110,1.1,82.6,0.2,9.4,0,False
1772741538.976,2111,1.3,81.6,0.2,9.4,0,False
1772741539.071,2112,1.2,82.4,0.3,9.4,0,False
1772741539.162,2113,1.6,80.2,0.2,9.5,0,False
1772741539.257,2114,1.1,82.8,0.3,9.5,0,False
1772741539.351,2115,1.1,82.1,0.2,10.3,0,False
1772741539.449,2116,1.1,85.6,0.2,10.3,0,False
1772741539.544,2117,1.2,83.9,0.2,10.4,0,False
1772741539.644,2118,1.0,85.7,0.2,10.4,0,False
1772741539.739,2119,1.3,82.0,0.2,10.4,0,False
1772741539.833,2120,1.1,81.6,0.2,10.4,0,False
1772741539.945,2121,1.1,100.0,0.2,10.3,0,False
1772741540.041,2122,1.1,84.2,0.2,10.3,0,False
1772741540.135,2123,1.2,82.6,0.2,10.3,0,False
1772741540.232,2124,1.5,83.4,0.2,10.4,0,False
1772741540.327,2125,1.2,82.8,0.3,10.3,0,False
1772741540.426,2126,1.1,86.0,0.2,10.3,0,False
1772741540.529,2127,0.9,86.1,0.2,10.3,0,False
1772741540.623,2128,1.5,80.9,0.3,10.3,0,False
1772741540.724,2129,1.1,86.4,0.2,10.3,0,False
1772741540.829,2130,1.0,91.0,0.2,10.3,0,False
1772741540.926,2131,1.3,82.6,0.2,10.3,0,False
1772741541.021,2132,1.1,80.7,0.2,10.3,0,False
1772741541.128,2133,2.1,83.0,0.2,10.2,0,False
1772741541.252,2134,0.8,91.6,0.2,10.0,0,False
1772741541.360,2135,1.5,82.2,0.2,10.0,0,False
1772741541.461,2136,1.1,85.7,0.3,9.9,0,False
1772741541.564,2137,1.0,83.9,0.3,9.9,0,False
1772741541.669,2138,1.1,82.9,0.2,9.9,0,False
1772741541.768,2139,1.5,80.3,0.2,9.9,0,False
1772741541.863,2140,1.2,82.5,0.2,9.9,0,False
1772741541.960,2141,1.1,82.1,0.2,9.9,0,False
1772741542.057,2142,1.1,83.9,0.2,9.9,0,False
1772741542.161,2143,0.8,85.1,0.2,9.9,0,False
1772741542.256,2144,1.1,82.1,0.2,9.9,0,False
1772741542.351,2145,1.6,81.3,0.2,9.9,0,False
1772741542.449,2146,1.1,83.6,0.2,9.9,0,False
1772741542.542,2147,1.5,80.1,0.2,9.9,0,False
1772741542.641,2148,1.1,83.0,0.6,9.9,0,False
1772741542.738,2149,1.1,82.1,0.2,9.9,0,False
1772741542.831,2150,1.9,80.6,0.2,10.0,0,False
1772741542.925,2151,1.1,82.3,0.2,10.0,0,False
1772741543.028,2152,1.2,90.0,0.2,10.0,0,False
1772741543.122,2153,1.5,81.1,0.3,10.0,0,False
1772741543.215,2154,1.5,79.2,0.2,10.2,0,False
1772741543.314,2155,1.2,85.5,0.2,10.2,0,False
1772741543.408,2156,1.5,79.9,0.2,10.3,0,False
1772741543.505,2157,1.2,85.0,0.2,10.3,0,False
1772741543.602,2158,1.1,82.0,0.2,10.3,0,False
1772741543.699,2159,1.1,83.3,0.2,10.4,0,False
1772741543.798,2160,1.2,84.5,0.2,10.3,0,False
1772741543.898,2161,1.2,84.5,0.2,10.3,0,False
1772741543.991,2162,1.5,80.0,0.3,10.3,0,False
1772741544.087,2163,1.1,82.1,0.2,10.4,0,False
1772741544.193,2164,1.1,90.8,0.2,10.3,0,False
1772741544.286,2165,1.3,79.9,0.2,10.3,0,False
1772741544.381,2166,0.9,81.8,0.2,10.3,0,False
1772741544.477,2167,1.2,82.9,0.2,10.3,0,False
1772741544.571,2168,1.2,82.8,0.2,10.4,0,False
1772741544.666,2169,3.2,81.3,0.2,10.4,0,False
1772741544.760,2170,1.5,81.4,0.2,10.4,0,False
1772741544.851,2171,1.5,80.1,0.2,10.4,0,False
1772741544.944,2172,1.6,81.6,0.2,10.4,0,False
1772741545.037,2173,1.1,81.7,0.3,10.4,0,False
1772741545.128,2174,1.1,78.8,0.2,10.5,0,False
1772741545.434,2175,0.9,81.8,0.2,9.4,0,False
1772741545.528,2176,1.2,82.1,0.2,9.4,0,False
1772741545.628,2177,0.8,84.0,0.2,9.4,0,False
1772741545.722,2178,1.2,83.0,0.2,9.4,0,False
1772741545.817,2179,1.2,81.9,0.2,9.4,0,False
1772741545.917,2180,1.5,81.2,0.3,9.4,0,False
1772741546.025,2181,1.1,82.4,0.2,9.4,0,False
1772741546.128,2182,1.1,81.5,0.2,9.4,0,False
1772741546.233,2183,1.2,81.9,0.2,9.3,0,False
1772741546.345,2184,1.4,80.9,0.2,9.3,0,False
1772741546.457,2185,1.2,84.4,0.2,9.2,0,False
1772741546.562,2186,1.1,81.2,0.2,9.2,0,False
1772741546.665,2187,1.3,82.6,0.2,9.1,0,False
1772741546.772,2188,1.1,82.7,0.4,9.1,0,False
1772741546.869,2189,1.1,82.2,0.2,9.1,0,False
1772741546.973,2190,1.2,87.0,0.2,9.0,0,False
1772741547.099,2191,1.6,85.8,0.2,8.9,0,False
1772741547.263,2192,1.1,125.0,0.2,8.6,0,False
1772741547.384,2193,1.1,84.2,0.2,8.5,0,False
1772741547.511,2194,1.7,84.3,0.2,8.4,0,False
1772741547.607,2195,0.8,85.4,0.2,9.2,0,False
1772741547.701,2196,1.2,80.9,0.2,9.2,0,False
1772741547.802,2197,1.5,80.8,0.2,9.2,0,False
1772741547.906,2198,1.1,87.4,0.3,9.2,0,False
1772741548.003,2199,1.2,82.1,0.2,9.2,0,False
1772741548.102,2200,1.2,83.6,0.2,9.2,0,False
1772741548.200,2201,1.2,81.7,0.2,9.2,0,False
1772741548.299,2202,1.6,80.1,0.2,9.2,0,False
1772741548.394,2203,1.1,83.3,0.3,9.3,0,False
1772741548.489,2204,1.2,82.0,0.2,9.3,0,False
1772741548.586,2205,1.3,84.3,0.3,9.4,0,False
1772741548.677,2206,1.6,80.0,0.2,9.5,0,False
1772741548.770,2207,1.5,81.9,0.2,9.5,0,False
1772741548.863,2208,1.6,80.4,0.2,9.6,0,False
1772741548.956,2209,1.7,81.8,0.2,9.6,0,False
1772741549.047,2210,1.5,80.4,0.2,9.6,0,False
1772741549.142,2211,1.1,83.3,0.2,9.8,0,False
1772741549.233,2212,1.5,80.1,0.3,10.2,0,False
1772741549.327,2213,1.1,83.4,0.2,10.3,0,False
1772741549.420,2214,1.1,83.2,0.2,10.5,0,False
1772741549.513,2215,1.4,83.2,0.2,10.5,0,False
1772741549.610,2216,1.6,87.6,0.2,10.5,0,False
1772741549.702,2217,1.0,82.0,0.2,10.5,0,False
1772741549.793,2218,1.2,81.8,0.2,10.6,0,False
1772741549.886,2219,1.4,82.1,0.2,10.6,0,False
1772741549.977,2220,1.2,81.4,0.2,10.7,0,False
1772741550.074,2221,1.2,83.2,0.2,10.7,0,False
1772741550.164,2222,1.5,79.7,0.2,10.7,0,False
1772741550.262,2223,1.2,85.8,0.2,10.7,0,False
1772741550.359,2224,1.3,82.5,0.2,10.7,0,False
1772741550.456,2225,1.5,85.0,0.2,10.7,0,False
1772741550.549,2226,1.5,82.4,0.2,10.7,0,False
1772741550.644,2227,1.1,81.9,0.2,10.7,0,False
1772741550.742,2228,1.2,83.5,0.2,10.6,0,False
1772741550.839,2229,1.2,82.2,0.2,10.6,0,False
1772741550.946,2230,1.2,81.9,0.3,10.5,0,False
1772741551.069,2231,2.0,82.1,0.2,10.4,0,False
1772741551.189,2232,1.1,81.6,0.2,10.2,0,False
1772741551.305,2233,1.1,82.3,0.2,10.1,0,False
1772741551.451,2234,0.8,114.6,0.2,9.8,0,False
1772741551.581,2235,1.1,93.5,0.2,9.7,0,False
1772741551.695,2236,1.9,81.3,0.2,9.6,0,False
1772741551.806,2237,0.8,83.2,0.2,9.5,0,False
1772741551.922,2238,1.1,81.4,0.2,9.4,0,False
1772741552.045,2239,1.3,78.8,0.2,9.3,0,False
1772741552.160,2240,1.1,82.1,0.2,9.2,0,False
1772741552.284,2241,0.8,85.4,0.4,9.0,0,False
1772741552.393,2242,1.2,81.6,0.2,9.0,0,False
1772741552.488,2243,1.1,82.7,0.2,9.0,0,False
1772741552.585,2244,1.2,81.8,0.2,9.0,0,False
1772741552.686,2245,1.1,81.1,0.2,9.0,0,False
1772741552.785,2246,1.1,83.2,0.2,8.9,0,False
1772741552.885,2247,1.1,81.6,0.2,8.9,0,False
1772741552.980,2248,1.1,80.7,0.2,8.9,0,False
1772741553.073,2249,1.0,80.7,0.2,9.0,0,False
1772741553.170,2250,0.8,80.5,0.2,9.0,0,False
1772741553.527,2251,0.8,79.9,0.2,8.1,0,False
1772741553.618,2252,0.9,81.5,0.2,8.2,0,False
1772741553.711,2253,1.5,82.1,0.2,8.3,0,False
1772741553.801,2254,1.6,79.9,0.2,8.5,0,False
1772741553.892,2255,1.5,80.9,0.2,8.7,0,False
1772741553.984,2256,1.1,80.8,0.2,8.7,0,False
1772741554.077,2257,1.1,83.3,0.2,8.8,0,False
1772741554.170,2258,1.1,81.5,0.2,8.9,0,False
1772741554.263,2259,1.2,83.0,0.2,9.0,0,False
1772741554.357,2260,1.1,82.3,0.2,9.1,0,False
1772741554.454,2261,1.6,85.3,0.2,9.2,0,False
1772741554.548,2262,1.2,81.3,0.2,9.3,0,False
1772741554.648,2263,1.6,86.1,0.2,9.3,0,False
1772741554.739,2264,1.6,79.8,0.2,9.3,0,False
1772741554.834,2265,1.1,81.2,0.2,9.3,0,False
1772741554.930,2266,1.1,81.8,0.3,9.3,0,False
1772741555.028,2267,1.2,81.5,0.2,9.3,0,False
1772741555.126,2268,1.4,82.9,0.2,9.3,0,False
1772741555.228,2269,1.1,86.1,0.2,9.3,0,False
1772741555.326,2270,1.1,81.8,0.2,9.3,0,False
1772741555.431,2271,1.4,91.5,0.2,10.5,0,False
1772741555.523,2272,1.6,79.4,0.4,10.5,0,False
1772741555.617,2273,1.2,81.4,0.2,10.5,0,False
1772741555.715,2274,1.1,85.2,0.2,10.5,0,False
1772741555.809,2275,1.1,81.2,0.2,10.4,0,False
1772741555.908,2276,1.3,82.9,0.2,10.4,0,False
1772741556.003,2277,1.1,81.5,0.2,10.4,0,False
1772741556.095,2278,1.1,81.1,0.2,10.4,0,False
1772741556.189,2279,1.1,82.1,0.2,10.4,0,False
1772741556.281,2280,1.1,81.2,0.2,10.4,0,False
1772741556.376,2281,1.5,82.3,0.2,10.4,0,False
1772741556.469,2282,1.5,81.2,0.2,10.4,0,False
1772741556.561,2283,1.5,79.7,0.2,10.5,0,False
1772741556.654,2284,1.2,80.4,0.2,10.4,0,False
1772741556.749,2285,0.9,81.6,0.3,10.4,0,False
1772741556.843,2286,0.9,80.7,0.2,10.5,0,False
1772741556.934,2287,1.5,79.4,0.3,10.5,0,False
1772741557.028,2288,1.2,80.8,0.2,10.5,0,False
1772741557.131,2289,0.9,84.7,0.2,10.5,0,False
1772741557.228,2290,1.2,81.4,0.2,10.5,0,False
1772741557.326,2291,1.1,80.8,0.2,10.6,0,False
1772741557.438,2292,1.1,86.7,0.2,10.4,0,False
1772741557.549,2293,1.0,83.3,0.2,10.4,0,False
1772741557.696,2294,1.0,82.2,0.2,10.1,0,False
1772741557.823,2295,1.3,82.1,0.2,9.9,0,False
1772741557.946,2296,1.3,81.7,0.2,9.8,0,False
1772741558.056,2297,1.1,86.9,0.2,9.7,0,False
1772741558.158,2298,1.1,80.6,0.2,9.7,0,False
1772741558.257,2299,1.1,80.0,0.2,9.7,0,False
1772741558.359,2300,1.2,82.6,0.2,9.6,0,False
1772741558.470,2301,1.1,90.4,0.2,9.6,0,False
1772741558.580,2302,2.2,91.0,0.2,9.5,0,False
1772741558.687,2303,2.4,88.1,0.3,9.4,0,False
1772741558.788,2304,0.8,83.1,0.2,9.4,0,False
1772741558.888,2305,1.2,81.0,0.2,9.3,0,False
1772741558.989,2306,1.2,81.2,0.2,9.3,0,False
1772741559.091,2307,1.1,80.9,0.2,9.3,0,False
1772741559.189,2308,1.4,80.0,0.2,9.3,0,False
1772741559.290,2309,1.5,82.3,0.2,9.3,0,False
1772741559.399,2310,1.1,80.8,0.2,9.2,0,False
1772741559.510,2311,1.3,82.9,0.2,9.2,0,False
1772741559.630,2312,1.0,85.1,0.2,9.1,0,False
1772741559.741,2313,0.8,83.6,0.2,9.1,0,False
1772741559.880,2314,1.1,85.2,0.2,9.2,0,False
1772741559.991,2315,0.9,82.4,0.2,9.2,0,False
1772741560.090,2316,1.1,81.8,0.3,9.3,0,False
1772741560.185,2317,1.1,81.9,0.2,9.4,0,False
1772741560.280,2318,1.2,83.6,0.2,9.4,0,False
1772741560.374,2319,1.1,82.6,0.2,9.4,0,False
1772741560.469,2320,1.3,84.9,0.2,9.5,0,False
1772741560.564,2321,1.1,83.1,0.3,9.5,0,False
1772741560.662,2322,2.1,84.4,0.2,9.6,0,False
1772741560.774,2323,1.1,101.2,0.2,9.6,0,False
1772741560.867,2324,1.1,81.1,0.2,9.6,0,False
1772741560.961,2325,1.2,82.0,0.2,9.7,0,False
1772741561.072,2326,1.2,99.4,0.2,9.6,0,False
1772741561.162,2327,1.1,79.1,0.2,9.7,0,False
1772741561.477,2328,0.9,82.0,0.2,8.7,0,False
1772741561.581,2329,0.9,86.4,0.2,8.7,0,False
1772741561.675,2330,1.0,82.3,0.2,8.8,0,False
1772741561.770,2331,1.2,83.1,0.2,8.8,0,False
1772741561.864,2332,1.2,82.6,0.2,9.0,0,False
1772741561.959,2333,1.6,82.3,0.2,9.0,0,False
1772741562.056,2334,1.1,81.2,0.2,9.2,0,False
1772741562.163,2335,0.8,83.5,0.2,9.2,0,False
1772741562.259,2336,1.1,82.0,0.2,9.2,0,False
1772741562.354,2337,1.2,82.0,0.2,9.2,0,False
1772741562.451,2338,1.3,83.8,0.2,9.2,0,False
1772741562.543,2339,1.5,80.9,0.3,9.2,0,False
1772741562.637,2340,1.3,83.2,0.2,9.2,0,False
1772741562.734,2341,1.3,84.8,0.2,9.2,0,False
1772741562.827,2342,1.4,82.2,0.2,9.2,0,False
1772741562.924,2343,1.5,85.8,0.3,9.3,0,False
1772741563.015,2344,1.5,80.7,0.2,9.3,0,False
1772741563.110,2345,1.7,82.5,0.2,9.3,0,False
1772741563.204,2346,1.3,82.8,0.2,9.4,0,False
1772741563.299,2347,1.1,81.8,0.2,9.4,0,False
1772741563.393,2348,1.3,81.8,0.2,10.4,0,False
1772741563.487,2349,1.3,81.9,0.2,10.5,0,False
1772741563.581,2350,1.3,82.1,0.2,10.5,0,False
1772741563.674,2351,1.2,81.8,0.2,10.5,0,False
1772741563.768,2352,1.3,82.7,0.3,10.5,0,False
1772741563.861,2353,1.2,82.0,0.2,10.5,0,False
1772741563.957,2354,1.3,83.7,0.2,10.5,0,False
1772741564.049,2355,1.5,80.4,0.2,10.6,0,False
1772741564.144,2356,1.1,83.2,0.2,10.6,0,False
1772741564.241,2357,1.1,82.7,0.2,10.6,0,False
1772741564.338,2358,1.6,81.7,0.2,10.6,0,False
1772741564.442,2359,1.1,84.5,0.2,10.5,0,False
1772741564.582,2360,1.1,83.2,0.2,10.3,0,False
1772741564.726,2361,1.3,82.9,0.2,10.0,0,False
1772741564.876,2362,1.1,82.6,0.2,9.8,0,False
1772741564.993,2363,0.9,82.4,0.2,9.7,0,False
1772741565.085,2364,1.2,82.1,0.2,9.7,0,False
1772741565.178,2365,1.1,82.9,0.3,9.7,0,False
1772741565.271,2366,1.1,82.7,0.2,9.7,0,False
1772741565.366,2367,1.2,83.5,0.4,9.7,0,False
1772741565.460,2368,1.2,83.5,0.3,9.7,0,False
1772741565.555,2369,1.3,83.5,0.2,9.7,0,False
1772741565.649,2370,1.2,82.7,0.2,9.7,0,False
1772741565.745,2371,1.5,82.8,0.2,9.7,0,False
1772741565.839,2372,1.2,82.8,0.2,9.7,0,False
1772741565.935,2373,1.4,82.3,0.2,9.6,0,False
1772741566.029,2374,1.2,82.9,0.3,9.6,0,False
1772741566.125,2375,1.2,82.8,0.2,9.6,0,False
1772741566.228,2376,1.1,91.6,0.2,9.6,0,False
1772741566.325,2377,1.1,83.4,0.2,9.6,0,False
1772741566.426,2378,1.5,85.0,0.2,9.6,0,False
1772741566.535,2379,1.2,86.0,0.2,9.6,0,False
1772741566.641,2380,1.5,83.0,0.2,9.7,0,False
1772741566.736,2381,1.0,82.4,0.2,10.0,0,False
1772741566.832,2382,1.1,82.0,0.2,10.2,0,False
1772741566.930,2383,1.0,84.1,0.2,10.3,0,False
1772741567.024,2384,1.2,82.6,0.2,10.3,0,False
1772741567.118,2385,1.3,82.4,0.2,10.3,0,False
1772741567.211,2386,1.1,82.2,0.2,10.3,0,False
1772741567.306,2387,1.1,82.8,0.2,10.3,0,False
1772741567.399,2388,1.1,82.1,0.2,10.3,0,False
1772741567.496,2389,1.3,82.5,0.2,10.3,0,False
1772741567.604,2390,1.1,96.4,0.2,10.2,0,False
1772741567.699,2391,1.0,82.6,0.2,10.2,0,False
1772741567.795,2392,1.2,82.5,0.2,10.2,0,False
1772741567.905,2393,0.8,94.1,0.3,10.2,0,False
1772741568.005,2394,1.2,89.2,0.2,10.1,0,False
1772741568.099,2395,1.1,82.3,0.2,10.1,0,False
1772741568.195,2396,1.1,84.6,0.2,10.2,0,False
1772741568.288,2397,1.1,82.5,0.2,10.2,0,False
1772741568.383,2398,1.2,82.5,0.2,10.2,0,False
1772741568.478,2399,1.1,85.0,0.2,10.3,0,False
1772741568.574,2400,0.9,83.2,0.2,10.3,0,False
1772741568.672,2401,1.5,86.7,0.2,10.3,0,False
1772741568.765,2402,1.2,82.0,0.2,10.3,0,False
1772741568.858,2403,1.1,82.7,0.2,10.4,0,False
1772741568.950,2404,1.1,81.5,0.2,10.4,0,False
1772741569.044,2405,1.1,83.2,0.2,10.4,0,False
1772741569.137,2406,1.1,82.6,0.2,10.4,0,False
1772741569.232,2407,1.1,84.5,0.2,10.4,0,False
1772741569.503,2408,0.8,87.5,0.2,9.5,0,False
1772741569.607,2409,1.1,92.6,0.2,9.5,0,False
1772741569.699,2410,1.1,82.1,0.2,9.5,0,False
1772741569.794,2411,1.2,82.8,0.2,9.5,0,False
1772741569.892,2412,1.1,87.0,0.2,9.5,0,False
1772741569.988,2413,1.1,85.4,0.2,9.6,0,False
1772741570.083,2414,1.1,82.9,0.4,9.6,0,False
1772741570.175,2415,1.1,81.8,0.2,9.6,0,False
1772741570.269,2416,1.2,82.7,0.2,9.6,0,False
1772741570.361,2417,1.1,82.0,0.2,9.6,0,False
1772741570.456,2418,1.2,83.8,0.3,9.6,0,False
1772741570.549,2419,1.1,81.9,0.2,9.7,0,False
1772741570.641,2420,1.3,81.9,0.2,9.7,0,False
1772741570.733,2421,1.0,81.4,0.2,9.7,0,False
1772741570.827,2422,1.2,83.2,0.2,9.7,0,False
1772741570.917,2423,1.5,80.2,0.2,9.7,0,False
1772741571.010,2424,1.3,83.0,0.4,9.7,0,False
1772741571.102,2425,1.2,81.6,0.2,9.7,0,False
1772741571.196,2426,1.3,82.8,0.5,9.7,0,False
1772741571.289,2427,1.2,82.3,0.2,9.7,0,False
1772741571.383,2428,1.1,82.8,0.2,10.6,0,False
1772741571.477,2429,1.1,84.5,0.2,10.7,0,False
1772741571.571,2430,1.1,82.8,0.2,10.7,0,False
1772741571.664,2431,1.2,82.0,0.2,10.7,0,False
1772741571.758,2432,1.3,83.4,0.2,10.7,0,False
1772741571.848,2433,1.5,79.7,0.3,10.8,0,False
1772741571.946,2434,1.1,88.1,0.2,10.7,0,False
1772741572.040,2435,1.1,82.9,0.3,10.7,0,False
1772741572.135,2436,2.6,82.7,0.2,10.7,0,False
1772741572.225,2437,1.5,80.7,0.2,10.7,0,False
1772741572.327,2438,1.4,90.1,0.2,10.7,0,False
1772741572.420,2439,1.5,82.7,0.4,10.7,0,False
1772741572.512,2440,1.1,82.1,0.2,10.7,0,False
1772741572.606,2441,1.1,83.0,0.3,10.7,0,False
1772741572.700,2442,1.2,82.6,0.2,10.7,0,False
1772741572.795,2443,1.1,84.8,0.2,10.6,0,False
1772741572.888,2444,1.2,82.5,0.3,10.7,0,False
1772741572.989,2445,1.1,90.5,0.2,10.6,0,False
1772741573.083,2446,1.2,82.8,0.2,10.6,0,False
1772741573.177,2447,1.4,82.5,0.2,10.6,0,False
1772741573.271,2448,1.2,84.0,0.2,10.6,0,False
1772741573.365,2449,1.2,82.6,0.2,10.6,0,False
1772741573.459,2450,1.1,83.2,0.4,10.6,0,False
1772741573.552,2451,1.2,82.4,0.2,10.6,0,False
1772741573.644,2452,1.6,80.9,0.2,10.6,0,False
1772741573.735,2453,1.6,80.8,0.2,10.6,0,False
1772741573.828,2454,1.2,82.5,0.2,10.6,0,False
1772741573.921,2455,1.2,82.2,0.2,10.6,0,False
1772741574.012,2456,1.6,81.1,0.2,10.7,0,False
1772741574.102,2457,1.6,79.4,0.2,10.7,0,False
1772741574.196,2458,1.2,82.9,0.2,10.7,0,False
1772741574.290,2459,1.0,82.5,0.3,10.7,0,False
1772741574.383,2460,1.2,82.5,0.2,10.7,0,False
1772741574.480,2461,1.7,84.9,0.2,10.7,0,False
1772741574.574,2462,1.3,82.9,0.3,10.7,0,False
1772741574.668,2463,1.3,82.2,0.2,10.7,0,False
1772741574.762,2464,1.2,82.4,0.4,10.7,0,False
1772741574.852,2465,1.6,80.5,0.2,10.7,0,False
1772741574.943,2466,1.6,80.5,0.2,10.7,0,False
1772741575.036,2467,1.1,82.4,0.2,10.8,0,False
1772741575.127,2468,1.6,80.9,0.2,10.8,0,False
1772741575.221,2469,1.5,82.6,0.2,10.8,0,False
1772741575.324,2470,1.2,92.2,0.2,10.7,0,False
1772741575.423,2471,1.2,88.2,0.2,10.7,0,False
1772741575.517,2472,1.6,81.6,0.3,10.7,0,False
1772741575.608,2473,1.5,80.9,0.2,10.7,0,False
1772741575.719,2474,1.2,98.4,0.2,10.6,0,False
1772741575.817,2475,0.8,84.2,0.3,10.5,0,False
1772741575.920,2476,0.8,86.3,0.2,10.5,0,False
1772741576.011,2477,1.5,80.7,0.2,10.5,0,False
1772741576.104,2478,1.6,82.0,0.2,10.5,0,False
1772741576.198,2479,1.1,82.0,0.2,10.5,0,False
1772741576.294,2480,1.4,82.9,0.2,10.5,0,False
1772741576.385,2481,1.5,79.8,0.2,10.5,0,False
1772741576.482,2482,2.3,84.3,0.2,10.5,0,False
1772741576.576,2483,1.2,82.1,0.2,10.5,0,False
1772741576.670,2484,1.1,81.6,0.2,10.5,0,False
1772741576.763,2485,1.2,82.0,0.2,10.5,0,False
1772741576.857,2486,1.2,81.9,0.3,10.4,0,False
1772741576.950,2487,1.1,81.3,0.2,10.4,0,False
1772741577.044,2488,1.1,81.4,0.2,10.4,0,False
1772741577.138,2489,1.1,82.5,0.2,10.4,0,False
1772741577.229,2490,1.1,80.0,0.2,10.5,0,False
1772741577.520,2491,0.9,80.6,0.2,9.5,0,False
1772741577.618,2492,0.8,87.5,0.2,9.5,0,False
1772741577.712,2493,1.1,82.0,0.2,9.5,0,False
1772741577.807,2494,1.1,83.2,0.3,9.6,0,False
1772741577.900,2495,1.1,81.1,0.2,9.6,0,False
1772741577.996,2496,1.1,83.7,0.5,9.6,0,False
1772741578.090,2497,1.1,82.6,0.2,9.6,0,False
1772741578.186,2498,1.2,84.3,0.2,9.6,0,False
1772741578.280,2499,1.1,81.5,0.2,9.6,0,False
1772741578.374,2500,1.9,80.9,0.2,9.6,0,False
1772741578.471,2501,1.1,84.7,0.2,9.6,0,False
1772741578.565,2502,1.2,81.7,0.2,9.6,0,False
1772741578.658,2503,1.5,80.0,0.2,9.6,0,False
1772741578.751,2504,1.5,80.2,0.2,9.6,0,False
1772741578.847,2505,1.1,82.1,0.4,9.6,0,False
1772741578.942,2506,1.2,82.3,0.2,9.6,0,False
1772741579.046,2507,1.1,91.5,0.3,9.5,0,False
1772741579.144,2508,0.9,83.4,0.2,9.5,0,False
1772741579.242,2509,1.2,83.4,0.3,9.5,0,False
1772741579.339,2510,1.3,84.2,0.2,9.5,0,False
1772741579.436,2511,1.1,85.5,0.2,10.4,0,False
1772741579.531,2512,1.2,82.7,0.2,10.5,0,False
1772741579.627,2513,1.5,85.0,0.3,10.4,0,False
1772741579.728,2514,1.2,90.6,0.3,10.4,0,False
1772741579.823,2515,0.8,82.6,0.2,10.4,0,False
1772741579.916,2516,1.2,81.9,0.2,10.4,0,False
1772741580.007,2517,1.6,81.3,0.2,10.4,0,False
1772741580.100,2518,1.2,82.0,0.3,10.5,0,False
1772741580.194,2519,1.4,82.3,0.2,10.5,0,False
1772741580.285,2520,1.6,80.4,0.2,10.5,0,False
1772741580.382,2521,0.8,83.1,0.2,10.5,0,False
1772741580.478,2522,1.2,84.4,0.2,10.5,0,False
1772741580.572,2523,1.2,81.7,0.2,10.5,0,False
1772741580.666,2524,1.1,82.6,0.3,10.4,0,False
1772741580.758,2525,1.5,79.8,0.2,10.5,0,False
1772741580.850,2526,1.5,80.3,0.2,10.5,0,False
1772741580.943,2527,1.1,81.4,0.2,10.5,0,False
1772741581.041,2528,1.1,86.3,0.3,10.5,0,False
1772741581.132,2529,1.5,80.8,0.2,10.6,0,False
1772741581.226,2530,1.1,83.3,0.2,10.6,0,False
1772741581.320,2531,1.2,82.1,0.2,10.6,0,False
1772741581.420,2532,1.2,87.1,0.2,10.6,0,False
1772741581.518,2533,1.2,83.2,0.2,10.6,0,False
1772741581.612,2534,1.2,82.0,0.2,10.6,0,False
1772741581.707,2535,1.1,83.0,0.2,10.6,0,False
1772741581.801,2536,1.2,82.2,0.2,10.6,0,False
1772741581.896,2537,1.1,83.4,0.2,10.6,0,False
1772741581.991,2538,1.1,83.0,0.2,10.6,0,False
1772741582.086,2539,1.2,83.9,0.2,10.6,0,False
1772741582.180,2540,1.2,82.2,0.2,10.6,0,False
1772741582.274,2541,1.8,82.3,0.2,10.6,0,False
1772741582.368,2542,1.2,82.3,0.2,10.6,0,False
1772741582.478,2543,0.9,97.4,0.2,10.5,0,False
1772741582.582,2544,1.1,91.4,0.2,10.4,0,False
1772741582.686,2545,1.2,92.6,0.2,10.4,0,False
1772741582.785,2546,1.2,88.4,0.2,10.3,0,False
1772741582.898,2547,1.2,101.0,0.2,10.2,0,False
1772741582.996,2548,1.2,87.3,0.3,10.2,0,False
1772741583.090,2549,1.6,82.3,0.2,10.2,0,False
1772741583.181,2550,1.5,80.2,0.2,10.2,0,False
1772741583.279,2551,1.7,85.2,0.2,10.2,0,False
1772741583.373,2552,1.1,83.0,0.2,10.2,0,False
1772741583.468,2553,1.2,83.7,0.3,10.3,0,False
1772741583.561,2554,1.2,82.3,0.3,10.3,0,False
1772741583.654,2555,1.2,81.7,0.2,10.3,0,False
1772741583.755,2556,1.2,90.2,0.2,10.2,0,False
1772741583.847,2557,1.0,81.8,0.2,10.3,0,False
1772741583.941,2558,1.2,83.4,0.2,10.3,0,False
1772741584.031,2559,1.5,80.5,0.2,10.3,0,False
1772741584.130,2560,1.1,87.8,0.2,10.3,0,False
1772741584.223,2561,1.1,83.2,0.2,10.3,0,False
1772741584.317,2562,1.0,82.1,0.2,10.3,0,False
1772741584.410,2563,1.4,83.0,0.3,10.4,0,False
1772741584.501,2564,1.6,80.7,0.2,10.4,0,False
1772741584.597,2565,1.1,85.1,0.2,10.5,0,False
1772741584.690,2566,1.2,81.7,0.2,10.5,0,False
1772741584.783,2567,1.1,82.0,0.2,10.6,0,False
1772741584.877,2568,1.5,82.3,0.2,10.6,0,False
1772741584.970,2569,1.2,82.1,0.2,10.6,0,False
1772741585.063,2570,1.3,81.7,0.2,10.6,0,False
1772741585.156,2571,1.1,82.3,0.2,10.7,0,False
1772741585.249,2572,1.2,81.6,0.2,10.7,0,False
1772741585.343,2573,1.2,82.8,0.2,10.7,0,False
1772741585.435,2574,1.5,82.1,0.2,10.7,0,False
1772741585.528,2575,1.1,81.7,0.2,10.7,0,False
1772741585.618,2576,1.5,80.1,0.2,10.7,0,False
1772741585.711,2577,1.1,82.1,0.2,10.7,0,False
1772741585.804,2578,1.1,81.8,0.2,10.7,0,False
1772741585.897,2579,1.2,81.7,0.2,10.7,0,False
1772741585.990,2580,1.4,81.7,0.2,10.8,0,False
1772741586.083,2581,1.2,81.5,0.2,10.8,0,False
1772741586.176,2582,1.5,82.3,0.2,10.8,0,False
1772741586.268,2583,1.2,81.1,0.3,10.8,0,False
1772741586.359,2584,1.5,80.6,0.2,10.8,0,False
1772741586.454,2585,1.1,84.2,0.2,10.8,0,False
1772741586.546,2586,1.6,80.8,0.2,10.8,0,False
1772741586.640,2587,1.1,83.1,0.2,10.8,0,False
1772741586.733,2588,1.3,82.1,0.2,10.8,0,False
1772741586.826,2589,0.9,82.0,0.2,10.8,0,False
1772741586.920,2590,1.2,81.9,0.2,10.8,0,False
1772741587.013,2591,1.2,82.1,0.2,10.8,0,False
1772741587.106,2592,1.2,82.0,0.2,10.8,0,False
1772741587.198,2593,1.1,81.7,0.2,10.8,0,False
1772741587.291,2594,1.2,81.3,0.2,10.8,0,False
1772741587.383,2595,1.1,81.2,0.2,10.8,0,False
1772741587.486,2596,1.3,91.7,0.2,10.7,0,False
1772741587.580,2597,1.2,83.2,0.2,10.7,0,False
1772741587.670,2598,1.5,80.3,0.2,10.7,0,False
1772741587.761,2599,1.5,80.9,0.2,10.7,0,False
1772741587.854,2600,1.1,82.1,0.2,10.7,0,False
1772741587.948,2601,1.1,83.8,0.3,10.7,0,False
1772741588.041,2602,1.2,82.3,0.2,10.7,0,False
1772741588.131,2603,1.5,80.3,0.5,10.7,0,False
1772741588.224,2604,1.1,81.9,0.3,10.7,0,False
1772741588.317,2605,1.3,82.0,0.4,10.7,0,False
1772741588.413,2606,1.2,85.0,0.2,10.7,0,False
1772741588.507,2607,1.1,83.6,0.2,10.7,0,False
1772741588.599,2608,1.1,81.8,0.2,10.7,0,False
1772741588.694,2609,1.1,84.0,0.2,10.7,0,False
1772741588.786,2610,1.1,82.1,0.2,10.7,0,False
1772741588.899,2611,1.4,100.9,0.2,10.6,0,False
1772741588.991,2612,1.5,82.6,0.2,10.6,0,False
1772741589.081,2613,1.5,80.1,0.2,10.6,0,False
1772741589.174,2614,1.1,82.7,0.2,10.6,0,False
1772741589.264,2615,1.5,80.2,0.2,10.6,0,False
1772741589.357,2616,1.2,82.4,0.4,10.7,0,False
1772741589.449,2617,1.5,81.7,0.2,10.7,0,False
1772741589.543,2618,1.1,83.4,0.5,10.7,0,False
1772741589.634,2619,1.5,81.4,0.2,10.7,0,False
1772741589.729,2620,1.3,83.5,0.4,10.7,0,False
1772741589.822,2621,1.2,82.4,0.2,10.7,0,False
1772741589.912,2622,1.5,80.1,0.3,10.7,0,False
1772741590.004,2623,1.1,81.4,0.2,10.7,0,False
1772741590.102,2624,1.1,86.7,0.3,10.7,0,False
1772741590.191,2625,1.5,79.7,0.2,10.7,0,False
1772741590.282,2626,1.5,80.0,0.2,10.7,0,False
1772741590.374,2627,1.1,81.6,0.2,10.7,0,False
1772741590.479,2628,1.2,94.4,0.2,10.6,0,False
1772741590.570,2629,1.5,80.3,0.2,10.7,0,False
1772741590.661,2630,1.5,82.0,0.2,10.7,0,False
1772741590.754,2631,1.1,82.5,0.2,10.8,0,False
1772741590.849,2632,1.1,84.1,0.2,10.8,0,False
1772741590.938,2633,1.5,79.0,0.2,10.8,0,False
1772741591.032,2634,1.1,83.8,0.2,10.8,0,False
1772741591.124,2635,1.1,80.5,0.2,10.8,0,False
1772741591.218,2636,1.1,83.7,0.2,10.7,0,False
1772741591.309,2637,1.1,80.9,0.2,10.7,0,False
1772741591.400,2638,1.5,81.1,0.2,10.8,0,False
1772741591.493,2639,1.1,82.5,0.2,10.8,0,False
1772741591.585,2640,1.5,81.4,0.2,10.8,0,False
1772741591.677,2641,0.8,80.6,0.2,10.8,0,False
1772741591.771,2642,1.2,83.2,0.3,10.8,0,False
1772741591.862,2643,1.5,80.2,0.2,10.8,0,False
1772741591.954,2644,1.1,81.7,0.2,10.8,0,False
1772741592.045,2645,1.5,80.3,0.2,10.8,0,False
1772741592.139,2646,1.1,83.0,0.2,10.8,0,False
1772741592.229,2647,1.5,79.9,0.2,10.8,0,False
1772741592.325,2648,1.1,85.2,0.2,10.8,0,False
1772741592.422,2649,1.5,85.6,1.5,10.8,0,False
1772741592.522,2650,1.1,85.9,0.2,10.7,0,False
1772741592.620,2651,1.2,86.4,0.2,10.7,0,False
1772741592.732,2652,1.2,100.8,0.2,10.6,0,False
1772741592.832,2653,1.1,88.1,0.2,10.6,0,False
1772741592.925,2654,1.1,83.0,0.2,10.6,0,False
1772741593.015,2655,1.5,80.5,0.2,10.6,0,False
1772741593.107,2656,1.6,80.8,0.3,10.6,0,False
1772741593.196,2657,1.2,79.0,0.2,10.6,0,False
1772741593.525,2658,0.9,80.8,0.2,9.4,0,False
1772741593.634,2659,1.0,98.5,0.2,9.3,0,False
1772741593.724,2660,1.5,80.4,0.2,9.3,0,False
1772741593.819,2661,1.0,83.6,0.2,9.3,0,False
1772741593.912,2662,1.1,82.1,0.2,9.3,0,False
1772741594.004,2663,1.5,81.7,0.2,9.3,0,False
1772741594.096,2664,1.1,81.7,0.3,9.3,0,False
1772741594.191,2665,1.1,83.4,0.2,9.3,0,False
1772741594.283,2666,1.5,80.9,0.2,9.3,0,False
1772741594.377,2667,1.1,83.4,0.2,9.3,0,False
1772741594.472,2668,1.1,84.3,0.2,9.3,0,False
1772741594.563,2669,1.9,80.8,0.2,9.3,0,False
1772741594.662,2670,1.1,87.9,0.2,9.3,0,False
1772741594.758,2671,1.5,83.0,0.2,9.4,0,False
1772741594.851,2672,1.2,81.7,0.2,9.4,0,False
1772741594.944,2673,1.2,81.8,0.2,9.5,0,False
1772741595.034,2674,1.6,79.8,0.2,9.5,0,False
1772741595.125,2675,1.5,79.5,0.2,9.5,0,False
1772741595.219,2676,1.1,82.8,0.2,9.5,0,False
1772741595.313,2677,1.5,82.2,0.2,9.4,0,False
1772741595.419,2678,1.2,94.7,0.2,10.6,0,False
1772741595.513,2679,1.1,82.3,0.2,10.6,0,False
1772741595.608,2680,1.9,82.7,0.2,10.6,0,False
1772741595.702,2681,1.1,83.0,0.2,10.6,0,False
1772741595.796,2682,1.4,81.9,0.2,10.6,0,False
1772741595.890,2683,1.1,82.7,0.2,10.6,0,False
1772741595.983,2684,1.2,81.6,0.2,10.6,0,False
1772741596.077,2685,1.1,82.8,0.3,10.6,0,False
1772741596.167,2686,1.6,80.2,0.2,10.6,0,False
1772741596.258,2687,1.5,80.6,0.2,10.6,0,False
1772741596.352,2688,1.1,82.2,0.3,10.6,0,False
1772741596.448,2689,1.2,83.9,0.2,10.6,0,False
1772741596.539,2690,1.3,80.3,0.2,10.7,0,False
1772741596.631,2691,1.1,81.9,0.2,10.7,0,False
1772741596.724,2692,1.2,81.4,0.2,10.7,0,False
1772741596.817,2693,1.1,81.3,0.2,10.7,0,False
1772741596.908,2694,1.5,80.4,0.2,10.7,0,False
1772741597.001,2695,1.1,81.4,0.2,10.7,0,False
1772741597.095,2696,1.7,81.8,0.2,10.7,0,False
1772741597.191,2697,1.1,84.2,0.2,10.7,0,False
1772741597.283,2698,1.3,81.4,0.2,10.7,0,False
1772741597.377,2699,1.1,82.2,0.3,10.7,0,False
1772741597.470,2700,1.1,82.6,0.2,10.7,0,False
1772741597.564,2701,1.5,82.7,0.2,10.7,0,False
1772741597.655,2702,1.2,81.5,0.3,10.8,0,False
1772741597.747,2703,1.1,82.0,0.4,10.8,0,False
1772741597.838,2704,1.6,81.0,0.2,10.8,0,False
1772741597.928,2705,1.5,80.5,0.2,10.8,0,False
1772741598.021,2706,1.2,81.8,0.2,10.8,0,False
1772741598.113,2707,1.1,82.0,0.2,10.8,0,False
1772741598.206,2708,1.5,81.4,0.2,10.8,0,False
1772741598.298,2709,1.1,81.9,0.2,10.8,0,False
1772741598.393,2710,1.8,82.0,0.3,10.8,0,False
1772741598.488,2711,1.5,83.7,0.2,10.8,0,False
1772741598.582,2712,1.2,81.9,0.2,10.8,0,False
1772741598.674,2713,1.5,80.6,0.2,10.8,0,False
1772741598.767,2714,1.2,80.9,0.2,10.8,0,False
1772741598.867,2715,1.1,88.9,0.2,10.7,0,False
1772741598.963,2716,0.9,83.2,0.2,10.7,0,False
1772741599.058,2717,1.2,84.2,0.2,10.7,0,False
1772741599.153,2718,1.2,82.7,0.2,10.7,0,False
1772741599.249,2719,1.2,83.1,0.3,10.7,0,False
1772741599.342,2720,1.6,81.6,0.2,10.7,0,False
1772741599.439,2721,1.2,84.0,0.2,10.7,0,False
1772741599.536,2722,1.1,85.4,0.2,10.6,0,False
1772741599.634,2723,1.1,85.5,0.2,10.6,0,False
1772741599.729,2724,1.5,83.1,0.2,10.6,0,False
1772741599.824,2725,1.2,84.1,0.2,10.5,0,False
1772741599.918,2726,1.1,82.2,0.2,10.5,0,False
1772741600.012,2727,1.1,82.6,0.2,10.5,0,False
1772741600.107,2728,1.1,83.0,0.2,10.5,0,False
1772741600.201,2729,1.1,83.3,0.3,10.5,0,False
1772741600.296,2730,1.1,82.9,0.2,10.5,0,False
1772741600.392,2731,1.4,84.8,0.3,10.5,0,False
1772741600.487,2732,1.1,83.2,0.2,10.5,0,False
1772741600.581,2733,1.5,83.2,0.2,10.5,0,False
1772741600.675,2734,1.1,82.5,0.2,10.5,0,False
1772741600.775,2735,1.8,87.6,0.2,10.5,0,False
1772741600.869,2736,1.2,83.1,0.3,10.5,0,False
1772741600.964,2737,1.1,82.6,0.2,10.5,0,False
1772741601.056,2738,1.5,81.8,0.4,10.5,0,False
1772741601.147,2739,1.5,80.6,0.2,10.5,0,False
1772741601.242,2740,1.1,83.4,0.3,10.5,0,False
1772741601.339,2741,1.1,85.7,0.2,10.5,0,False
1772741601.443,2742,1.1,93.5,0.2,10.5,0,False
1772741601.540,2743,2.2,85.8,0.3,10.5,0,False
1772741601.639,2744,1.2,88.2,0.2,10.5,0,False
1772741601.734,2745,1.3,82.3,0.2,10.5,0,False
1772741601.828,2746,0.9,81.9,0.2,10.5,0,False
1772741601.919,2747,1.7,79.7,0.2,10.5,0,False
1772741602.010,2748,1.5,79.7,0.2,10.5,0,False
1772741602.104,2749,1.3,82.1,0.2,10.5,0,False
1772741602.197,2750,1.1,81.0,0.3,10.5,0,False
1772741602.293,2751,1.8,81.9,0.2,10.5,0,False
1772741602.387,2752,1.1,81.8,0.2,10.5,0,False
1772741602.483,2753,1.5,83.6,0.2,10.5,0,False
1772741602.577,2754,1.2,81.8,0.2,10.5,0,False
1772741602.669,2755,1.2,81.3,0.2,10.6,0,False
1772741602.777,2756,1.1,96.7,0.2,10.5,0,False
1772741602.874,2757,1.1,85.1,0.2,10.5,0,False
1772741602.973,2758,1.5,87.6,0.2,10.4,0,False
1772741603.075,2759,0.8,89.4,0.2,10.4,0,False
1772741603.168,2760,1.2,81.7,0.2,10.4,0,False
1772741603.265,2761,1.5,81.8,0.2,10.4,0,False
1772741603.360,2762,1.3,82.9,0.4,10.4,0,False
1772741603.454,2763,1.1,81.9,0.2,10.5,0,False
1772741603.549,2764,1.2,82.9,0.2,10.5,0,False
1772741603.643,2765,1.2,82.6,0.2,10.5,0,False
1772741603.738,2766,1.4,83.3,0.2,10.5,0,False
1772741603.832,2767,1.2,81.8,0.2,10.5,0,False
1772741603.926,2768,1.5,82.3,0.2,10.4,0,False
1772741604.019,2769,1.2,81.6,0.2,10.4,0,False
1772741604.114,2770,2.0,82.6,0.2,10.4,0,False
1772741604.209,2771,1.2,82.7,0.2,10.4,0,False
1772741604.300,2772,1.5,80.3,0.2,10.5,0,False
1772741604.394,2773,1.1,82.2,0.2,10.5,0,False
1772741604.487,2774,1.5,82.0,0.2,10.5,0,False
1772741604.580,2775,1.1,81.5,0.2,10.5,0,False
1772741604.675,2776,1.2,81.8,0.2,10.5,0,False
1772741604.768,2777,1.3,81.3,0.2,10.6,0,False
1772741604.859,2778,1.5,80.1,0.2,10.6,0,False
1772741604.951,2779,1.2,80.2,0.2,10.7,0,False
1772741605.045,2780,1.2,82.0,0.3,10.7,0,False
1772741605.137,2781,1.5,80.1,0.2,10.7,0,False
1772741605.231,2782,1.1,81.8,0.2,10.7,0,False
1772741605.324,2783,1.5,80.4,0.2,10.7,0,False
1772741605.417,2784,1.5,81.9,0.2,10.7,0,False
1772741605.511,2785,1.1,82.5,0.4,10.7,0,False
1772741605.604,2786,1.1,81.6,0.2,10.7,0,False
1772741605.698,2787,1.1,82.5,0.3,10.7,0,False
1772741605.788,2788,1.5,79.4,0.2,10.7,0,False
1772741605.882,2789,1.1,82.1,0.2,10.7,0,False
1772741605.974,2790,1.2,81.3,0.2,10.8,0,False
1772741606.067,2791,1.2,81.0,0.2,10.8,0,False
1772741606.158,2792,1.5,80.0,0.2,10.8,0,False
1772741606.250,2793,1.1,81.0,0.2,10.8,0,False
1772741606.343,2794,1.0,81.6,0.2,10.8,0,False
1772741606.434,2795,1.5,80.9,0.2,10.8,0,False
1772741606.532,2796,1.5,85.9,0.2,10.8,0,False
1772741606.623,2797,1.5,80.3,0.2,10.8,0,False
1772741606.715,2798,1.1,81.5,0.2,10.8,0,False
1772741606.806,2799,1.5,80.4,0.2,10.8,0,False
1772741606.900,2800,1.5,81.7,0.2,10.8,0,False
1772741606.993,2801,1.2,81.9,0.2,10.8,0,False
1772741607.084,2802,1.5,80.1,0.2,10.8,0,False
1772741607.189,2803,1.2,94.1,0.2,10.7,0,False
1772741607.279,2804,1.5,79.7,0.2,10.7,0,False
1772741607.373,2805,1.2,83.2,0.2,10.7,0,False
1772741607.468,2806,1.2,84.5,0.3,10.7,0,False
1772741607.561,2807,1.4,82.5,0.2,10.7,0,False
1772741607.652,2808,1.5,80.1,0.2,10.7,0,False
1772741607.746,2809,1.2,83.8,0.2,10.7,0,False
1772741607.839,2810,1.2,82.4,0.2,10.7,0,False
1772741607.935,2811,1.3,84.7,0.2,10.7,0,False
1772741608.025,2812,1.5,79.5,0.2,10.7,0,False
1772741608.122,2813,1.5,80.3,0.2,10.7,0,False
1772741608.215,2814,1.2,82.4,0.2,10.7,0,False
1772741608.317,2815,1.0,89.1,0.2,10.6,0,False
1772741608.415,2816,1.0,87.5,0.2,10.6,0,False
1772741608.509,2817,1.1,82.8,0.2,10.6,0,False
1772741608.602,2818,1.9,82.0,0.2,10.6,0,False
1772741608.694,2819,1.1,82.1,0.2,10.6,0,False
1772741608.790,2820,1.6,83.6,0.2,10.6,0,False
1772741608.888,2821,0.8,84.5,0.2,10.6,0,False
1772741608.979,2822,1.5,80.5,0.2,10.6,0,False
1772741609.074,2823,1.2,83.5,0.2,10.6,0,False
1772741609.164,2824,1.6,78.8,0.2,10.6,0,False
1772741609.254,2825,1.1,79.9,0.2,10.6,0,False
1772741609.533,2826,0.9,81.0,0.2,9.7,0,False
1772741609.632,2827,1.1,89.3,0.2,9.7,0,False
1772741609.727,2828,1.6,84.3,0.2,9.6,0,False
1772741609.823,2829,1.1,85.0,0.2,9.6,0,False
1772741609.917,2830,1.1,82.5,0.2,9.6,0,False
1772741610.020,2831,1.2,92.0,0.2,9.6,0,False
1772741610.112,2832,1.5,81.6,0.2,9.6,0,False
1772741610.206,2833,1.1,83.1,0.2,9.6,0,False
1772741610.300,2834,1.2,82.3,0.2,9.6,0,False
1772741610.391,2835,1.5,80.4,0.2,9.6,0,False
1772741610.486,2836,1.1,84.2,0.2,9.7,0,False
1772741610.579,2837,1.2,82.0,0.2,9.7,0,False
1772741610.672,2838,1.1,82.2,0.3,9.7,0,False
1772741610.766,2839,1.2,81.7,0.2,9.7,0,False
1772741610.857,2840,1.5,80.5,0.2,9.7,0,False
1772741610.951,2841,1.1,81.7,0.2,9.7,0,False
1772741611.046,2842,1.1,83.5,0.3,9.7,0,False
1772741611.141,2843,1.2,84.5,0.3,9.7,0,False
1772741611.236,2844,1.1,83.9,0.3,9.6,0,False
1772741611.331,2845,1.1,83.9,0.2,9.6,0,False
1772741611.430,2846,1.5,84.6,0.2,10.5,0,False
1772741611.530,2847,1.1,84.3,0.2,10.5,0,False
1772741611.623,2848,1.1,82.6,0.2,10.6,0,False
1772741611.727,2849,0.8,84.4,0.2,10.5,0,False
1772741611.836,2850,1.3,97.0,0.2,10.4,0,False
1772741611.968,2851,0.8,83.1,0.2,10.3,0,False
1772741612.095,2852,1.4,82.2,0.2,10.1,0,False
1772741612.194,2853,1.2,83.5,0.2,10.1,0,False
1772741612.339,2854,1.1,85.2,0.2,9.8,0,False
1772741612.485,2855,1.4,84.4,0.2,9.5,0,False
1772741612.622,2856,1.5,81.6,0.2,9.4,0,False
1772741612.734,2857,1.2,83.8,0.2,9.3,0,False
1772741612.872,2858,1.1,86.1,0.2,9.1,0,False
1772741612.973,2859,1.3,82.8,0.3,9.1,0,False
1772741613.069,2860,1.2,82.4,0.3,9.0,0,False
1772741613.169,2861,1.1,84.0,0.3,9.0,0,False
1772741613.265,2862,1.1,81.9,0.2,9.0,0,False
1772741613.361,2863,1.3,82.7,0.2,9.0,0,False
1772741613.457,2864,1.2,84.9,0.2,9.0,0,False
1772741613.554,2865,1.2,81.7,0.2,9.0,0,False
1772741613.650,2866,1.2,83.9,0.2,9.0,0,False
1772741613.746,2867,1.2,82.8,0.2,9.0,0,False
1772741613.843,2868,1.3,82.9,0.2,9.0,0,False
1772741613.942,2869,1.1,83.3,0.2,9.0,0,False
1772741614.041,2870,1.3,83.8,0.2,9.1,0,False
1772741614.137,2871,1.2,84.2,0.2,9.2,0,False
1772741614.229,2872,1.2,80.1,0.2,9.4,0,False
1772741614.322,2873,1.2,82.6,0.2,9.4,0,False
1772741614.418,2874,1.2,84.3,0.2,9.6,0,False
1772741614.516,2875,1.0,86.9,0.2,9.8,0,False
1772741614.618,2876,1.4,91.6,0.2,10.0,0,False
1772741614.709,2877,1.1,82.0,0.2,10.1,0,False
1772741614.803,2878,1.2,83.8,0.2,10.4,0,False
1772741614.896,2879,1.2,82.7,0.2,10.4,0,False
1772741614.990,2880,1.5,83.8,0.2,10.4,0,False
1772741615.085,2881,0.8,83.1,0.2,10.4,0,False
1772741615.180,2882,1.4,82.9,0.3,10.4,0,False
1772741615.274,2883,1.0,83.7,0.2,10.5,0,False
1772741615.368,2884,0.8,82.6,0.2,10.5,0,False
1772741615.469,2885,1.0,91.0,0.2,10.4,0,False
1772741615.565,2886,1.1,85.2,0.2,10.4,0,False
1772741615.659,2887,1.4,83.7,0.2,10.5,0,False
1772741615.752,2888,1.5,81.0,0.2,10.5,0,False
1772741615.848,2889,1.4,83.6,0.2,10.5,0,False
1772741615.944,2890,1.2,83.4,0.2,10.5,0,False
1772741616.040,2891,1.2,82.8,0.2,10.5,0,False
1772741616.135,2892,1.2,82.9,0.2,10.5,0,False
1772741616.231,2893,1.2,82.6,0.2,10.5,0,False
1772741616.333,2894,1.2,84.8,0.2,10.4,0,False
1772741616.467,2895,1.2,85.0,0.3,10.3,0,False
1772741616.587,2896,1.1,83.7,0.2,10.2,0,False
1772741616.705,2897,0.7,94.3,0.3,10.0,0,False
1772741616.832,2898,0.9,82.4,0.2,9.9,0,False
1772741616.944,2899,0.7,84.3,0.2,9.8,0,False
1772741617.048,2900,1.1,82.5,0.2,9.7,0,False
1772741617.152,2901,1.1,83.6,0.2,9.7,0,False
1772741617.257,2902,0.8,83.9,0.2,9.6,0,False
1772741617.370,2903,0.8,92.0,0.2,9.5,0,False
1772741617.468,2904,1.1,85.4,0.2,9.5,0,False
1772741617.573,2905,1.2,89.8,0.2,9.5,0,False
1772741617.670,2906,2.8,81.8,0.2,9.5,0,False
1772741617.762,2907,1.1,81.8,0.2,9.5,0,False
1772741617.857,2908,1.0,82.7,0.2,9.5,0,False
1772741617.952,2909,1.1,82.3,0.2,9.5,0,False
1772741618.048,2910,1.2,81.7,0.2,9.5,0,False
1772741618.152,2911,2.2,91.7,0.2,9.5,0,False
1772741618.246,2912,1.1,82.2,0.2,9.5,0,False
1772741618.341,2913,1.3,83.6,0.2,9.5,0,False
1772741618.437,2914,1.5,85.0,0.4,9.5,0,False
1772741618.533,2915,1.5,80.5,0.3,9.7,0,False
1772741618.633,2916,1.1,85.6,0.2,9.8,0,False
1772741618.734,2917,1.1,84.6,0.2,9.9,0,False
1772741618.827,2918,1.2,83.7,0.2,10.0,0,False
1772741618.919,2919,1.1,83.2,0.3,10.1,0,False
1772741619.010,2920,1.1,82.2,0.2,10.2,0,False
1772741619.103,2921,1.1,82.0,0.4,10.3,0,False
1772741619.194,2922,1.1,81.4,0.2,10.3,0,False
1772741619.286,2923,1.1,82.4,0.2,10.4,0,False
1772741619.378,2924,0.9,82.0,0.2,10.5,0,False
1772741619.476,2925,1.1,86.4,0.3,10.5,0,False
1772741619.567,2926,1.1,81.3,0.2,10.5,0,False
1772741619.671,2927,1.1,93.9,0.3,10.5,0,False
1772741619.763,2928,1.5,83.2,0.3,10.5,0,False
1772741619.856,2929,1.2,82.6,0.2,10.5,0,False
1772741619.947,2930,1.1,81.3,0.2,10.5,0,False
1772741620.040,2931,1.4,83.2,0.2,10.6,0,False
1772741620.131,2932,1.1,81.5,0.3,10.6,0,False
1772741620.224,2933,1.1,82.8,0.2,10.6,0,False
1772741620.313,2934,1.5,80.3,0.2,10.7,0,False
1772741620.409,2935,1.1,85.3,0.3,10.7,0,False
1772741620.499,2936,0.8,82.1,0.2,10.7,0,False
1772741620.591,2937,1.0,83.2,0.2,10.8,0,False
1772741620.682,2938,1.1,81.1,0.2,10.8,0,False
1772741620.778,2939,1.1,86.7,0.2,10.8,0,False
1772741620.868,2940,1.6,80.6,0.2,10.8,0,False
1772741620.962,2941,1.4,83.3,0.7,10.8,0,False
1772741621.051,2942,1.5,80.1,0.3,10.8,0,False
1772741621.143,2943,0.9,82.5,0.2,10.8,0,False
1772741621.235,2944,0.9,82.3,0.2,10.8,0,False
1772741621.327,2945,1.1,82.2,0.3,10.8,0,False
1772741621.423,2946,1.0,85.1,0.2,10.8,0,False
1772741621.517,2947,1.1,82.5,0.2,10.8,0,False
1772741621.609,2948,1.1,82.2,0.2,10.8,0,False
1772741621.704,2949,0.8,84.4,0.4,10.8,0,False
1772741621.798,2950,1.1,83.0,0.2,10.8,0,False
1772741621.892,2951,1.1,82.0,0.3,10.8,0,False
1772741621.986,2952,1.1,82.2,0.2,10.8,0,False
1772741622.080,2953,1.1,83.9,0.2,10.8,0,False
1772741622.173,2954,1.1,82.3,0.2,10.8,0,False
1772741622.266,2955,1.2,84.3,0.2,10.8,0,False
1772741622.359,2956,1.2,83.3,0.2,10.8,0,False
1772741622.475,2957,1.2,86.3,0.3,10.6,0,False
1772741622.595,2958,1.8,82.5,0.2,10.5,0,False
1772741622.719,2959,1.1,82.5,0.2,10.3,0,False
1772741622.818,2960,1.1,82.4,0.2,10.3,0,False
1772741622.919,2961,1.1,81.4,0.2,10.2,0,False
1772741623.027,2962,1.6,82.3,0.2,10.1,0,False
1772741623.156,2963,1.1,84.4,0.2,9.9,0,False
1772741623.270,2964,1.1,82.5,0.2,9.8,0,False
1772741623.368,2965,1.1,82.2,0.2,9.8,0,False
1772741623.469,2966,1.5,83.8,0.3,9.8,0,False
1772741623.576,2967,0.8,86.3,0.2,9.7,0,False
1772741623.679,2968,0.8,84.8,0.2,9.7,0,False
1772741623.774,2969,1.5,80.3,0.2,9.7,0,False
1772741623.869,2970,1.4,82.0,0.3,9.7,0,False
1772741623.968,2971,1.5,82.2,0.2,9.6,0,False
1772741624.064,2972,1.1,82.3,0.2,9.6,0,False
1772741624.167,2973,0.8,86.1,0.2,9.6,0,False
1772741624.270,2974,0.8,86.3,0.4,9.5,0,False
1772741624.364,2975,1.0,81.9,0.2,9.5,0,False
1772741624.466,2976,1.0,86.7,0.3,9.5,0,False
1772741624.571,2977,0.8,89.6,0.2,9.5,0,False
1772741624.667,2978,1.1,85.1,0.2,9.7,0,False
1772741624.761,2979,2.1,81.9,0.2,9.8,0,False
1772741624.851,2980,1.5,80.2,0.2,9.8,0,False
1772741624.943,2981,2.0,80.7,0.2,9.9,0,False
1772741625.033,2982,1.5,80.3,0.2,10.0,0,False
1772741625.125,2983,1.5,82.2,0.2,10.2,0,False
1772741625.214,2984,1.2,78.6,0.2,10.3,0,False
1772741625.539,2985,0.8,81.2,0.2,9.2,0,False
1772741625.632,2986,0.8,82.7,0.2,9.2,0,False
1772741625.731,2987,1.4,88.1,0.2,9.3,0,False
1772741625.831,2988,1.1,88.7,0.2,9.3,0,False
1772741625.924,2989,1.1,81.9,0.3,9.3,0,False
1772741626.017,2990,1.5,82.0,0.2,9.3,0,False
1772741626.110,2991,1.1,82.0,0.2,9.3,0,False
1772741626.206,2992,1.1,84.6,0.2,9.3,0,False
1772741626.297,2993,1.5,80.5,0.2,9.4,0,False
1772741626.391,2994,1.1,83.6,0.2,9.4,0,False
1772741626.487,2995,1.4,84.0,0.2,9.4,0,False
1772741626.581,2996,2.1,83.3,0.3,9.5,0,False
1772741626.675,2997,1.1,82.6,0.2,9.5,0,False
1772741626.772,2998,1.1,83.5,0.2,9.5,0,False
1772741626.865,2999,0.9,81.9,0.2,9.5,0,False
1772741626.957,3000,1.5,80.3,0.2,9.5,0,False
1772741627.051,3001,1.4,81.0,0.2,9.5,0,False
1772741627.144,3002,1.1,81.3,0.2,9.5,0,False
1772741627.239,3003,1.1,82.5,0.3,9.5,0,False
1772741627.334,3004,1.2,82.0,0.2,9.4,0,False
1772741627.429,3005,1.5,83.3,0.2,10.6,0,False
1772741627.524,3006,1.1,82.3,0.2,10.6,0,False
1772741627.620,3007,1.5,83.1,0.2,10.6,0,False
1772741627.717,3008,1.2,82.5,0.2,10.6,0,False
1772741627.814,3009,1.1,81.9,0.2,10.6,0,False
1772741627.916,3010,0.8,84.7,0.2,10.5,0,False
1772741628.016,3011,0.8,82.7,0.2,10.5,0,False
1772741628.112,3012,1.0,80.9,0.3,10.5,0,False
1772741628.217,3013,0.8,85.2,0.2,10.4,0,False
1772741628.309,3014,1.5,80.4,0.2,10.4,0,False
1772741628.416,3015,1.2,81.9,0.2,10.4,0,False
1772741628.522,3016,1.2,87.3,0.2,10.3,0,False
1772741628.626,3017,1.0,86.0,0.2,10.3,0,False
1772741628.728,3018,1.2,82.9,0.2,10.2,0,False
1772741628.832,3019,1.3,83.2,0.2,10.2,0,False
1772741628.928,3020,1.2,82.3,0.2,10.1,0,False
1772741629.029,3021,1.2,84.7,0.2,10.1,0,False
1772741629.130,3022,1.3,83.0,0.2,10.1,0,False
1772741629.230,3023,1.3,81.5,0.2,10.0,0,False
1772741629.334,3024,1.2,84.6,0.2,10.0,0,False
1772741629.448,3025,1.2,87.2,0.2,9.9,0,False
1772741629.550,3026,1.1,86.3,0.3,9.9,0,False
1772741629.658,3027,1.1,85.4,0.2,9.8,0,False
1772741629.778,3028,1.1,84.1,0.3,9.7,0,False
1772741629.893,3029,1.0,83.2,0.3,9.6,0,False
1772741630.027,3030,1.0,84.4,0.2,9.5,0,False
1772741630.169,3031,1.4,84.9,0.2,9.3,0,False
1772741630.347,3032,1.1,123.9,0.2,8.9,0,False
1772741630.486,3033,1.4,86.9,0.2,8.8,0,False
1772741630.634,3034,1.2,84.2,0.4,8.6,0,False
1772741630.797,3035,1.1,116.2,0.2,8.4,0,False
1772741630.942,3036,0.9,86.1,0.3,8.3,0,False
1772741631.088,3037,2.5,93.4,0.2,8.1,0,False
1772741631.225,3038,1.1,85.2,0.2,8.0,0,False
1772741631.359,3039,1.1,83.0,0.2,7.9,0,False
1772741631.491,3040,1.1,84.1,0.2,7.8,0,False
1772741631.605,3041,1.1,84.4,0.2,7.8,0,False
1772741631.740,3042,1.3,82.9,0.2,7.7,0,False
1772741631.858,3043,0.7,83.6,0.2,7.6,0,False
1772741631.976,3044,0.8,83.4,0.3,7.6,0,False
1772741632.092,3045,0.8,93.0,0.2,7.6,0,False
1772741632.228,3046,1.5,100.9,0.2,7.5,0,False
1772741632.337,3047,0.8,85.0,0.2,7.5,0,False
1772741632.454,3048,1.0,85.0,0.2,7.5,0,False
1772741632.564,3049,1.0,81.9,0.2,7.5,0,False
1772741632.674,3050,1.3,80.8,0.2,7.6,0,False
1772741632.782,3051,0.7,85.7,0.2,7.7,0,False
1772741632.884,3052,1.4,80.9,0.2,7.9,0,False
1772741632.989,3053,1.2,82.2,0.2,8.0,0,False
1772741633.095,3054,1.3,82.1,0.2,8.1,0,False
1772741633.201,3055,1.5,82.9,0.2,8.3,0,False
1772741633.305,3056,1.2,83.4,0.2,8.5,0,False
1772741633.407,3057,1.5,80.4,0.2,8.6,0,False
1772741633.507,3058,0.8,82.4,0.2,8.8,0,False
1772741633.609,3059,1.7,81.6,0.2,8.9,0,False
1772741633.712,3060,1.5,80.4,0.3,9.0,0,False
1772741633.818,3061,1.1,83.1,0.2,9.0,0,False
1772741633.916,3062,1.3,80.4,0.2,9.2,0,False
1772741634.013,3063,1.2,80.0,0.2,9.3,0,False
1772741634.111,3064,1.2,80.4,0.2,9.4,0,False
1772741634.208,3065,1.2,79.7,0.2,9.5,0,False
1772741634.306,3066,1.1,81.9,0.2,9.6,0,False
1772741634.404,3067,1.5,80.1,0.3,9.7,0,False
1772741634.504,3068,0.8,82.0,0.2,9.8,0,False
1772741634.617,3069,1.0,95.7,0.2,9.7,0,False
1772741634.718,3070,1.2,84.2,0.2,9.8,0,False
1772741634.819,3071,1.2,82.3,0.2,9.8,0,False
1772741634.918,3072,1.5,80.2,0.2,9.8,0,False
1772741635.016,3073,2.1,80.5,0.2,9.9,0,False
1772741635.117,3074,1.1,81.7,0.2,9.9,0,False
1772741635.225,3075,1.2,88.8,0.2,9.9,0,False
1772741635.321,3076,1.5,79.4,0.2,9.9,0,False
1772741635.423,3077,1.5,84.7,0.2,9.9,0,False
1772741635.523,3078,1.1,81.8,0.2,9.9,0,False
1772741635.620,3079,1.5,79.6,0.2,9.9,0,False
1772741635.721,3080,1.7,82.8,0.2,10.0,0,False
1772741635.825,3081,1.2,83.8,0.4,10.0,0,False
1772741635.926,3082,1.2,81.8,0.2,10.0,0,False
1772741636.026,3083,1.2,82.0,0.2,9.9,0,False
1772741636.129,3084,1.1,84.3,0.2,9.9,0,False
1772741636.229,3085,1.5,81.1,0.3,9.9,0,False
1772741636.329,3086,1.5,80.1,0.2,9.9,0,False
1772741636.433,3087,1.7,84.7,0.2,9.9,0,False
1772741636.537,3088,0.9,82.9,0.2,9.8,0,False
1772741636.638,3089,1.2,81.7,0.2,9.9,0,False
1772741636.738,3090,1.2,81.7,0.2,9.9,0,False
1772741636.842,3091,2.4,83.6,0.2,9.9,0,False
1772741636.942,3092,1.5,81.8,0.2,9.9,0,False
1772741637.041,3093,1.1,81.8,0.2,9.9,0,False
1772741637.140,3094,1.5,80.6,0.2,9.9,0,False
1772741637.243,3095,1.6,81.9,0.3,9.9,0,False
1772741637.345,3096,1.5,81.4,0.2,9.9,0,False
1772741637.454,3097,1.1,85.3,0.2,9.8,0,False
1772741637.557,3098,1.1,82.6,0.2,9.8,0,False
1772741637.658,3099,1.5,80.7,0.2,9.8,0,False
1772741637.762,3100,1.6,83.1,0.2,9.8,0,False
1772741637.870,3101,1.6,80.8,0.2,9.8,0,False
1772741637.980,3102,1.1,82.5,0.2,9.7,0,False
1772741638.092,3103,1.0,82.7,0.2,9.7,0,False
1772741638.192,3104,1.3,80.5,0.2,9.7,0,False
1772741638.296,3105,1.1,81.1,0.2,9.7,0,False
1772741638.399,3106,1.9,81.1,0.2,9.7,0,False
1772741638.504,3107,1.2,83.7,0.2,9.7,0,False
1772741638.606,3108,1.1,82.5,0.2,9.7,0,False
1772741638.709,3109,1.2,82.4,0.2,9.7,0,False
1772741638.810,3110,1.6,81.9,0.2,9.7,0,False
1772741638.911,3111,1.5,82.2,0.2,9.7,0,False
1772741639.016,3112,0.9,83.4,0.2,9.6,0,False
1772741639.119,3113,1.2,83.4,0.2,9.6,0,False
1772741639.221,3114,1.2,82.2,0.2,9.6,0,False
1772741639.331,3115,1.2,88.9,0.2,9.6,0,False
1772741639.435,3116,1.5,86.0,0.2,9.6,0,False
1772741639.537,3117,1.0,82.6,0.2,9.6,0,False
1772741639.649,3118,1.6,92.0,0.2,9.6,0,False
1772741639.755,3119,1.1,86.4,0.2,9.5,0,False
1772741639.854,3120,1.6,80.2,0.2,9.6,0,False
1772741639.957,3121,2.1,82.7,0.2,9.6,0,False
1772741640.061,3122,1.2,83.3,0.2,9.6,0,False
1772741640.159,3123,1.5,80.0,0.2,9.7,0,False
1772741640.259,3124,1.5,80.6,0.2,9.7,0,False
1772741640.361,3125,1.1,82.9,0.3,9.7,0,False
1772741640.464,3126,1.6,82.4,0.2,9.7,0,False
1772741640.568,3127,1.1,82.4,0.2,9.7,0,False
1772741640.668,3128,1.5,80.3,0.2,9.7,0,False
1772741640.769,3129,1.5,81.8,0.2,9.7,0,False
1772741640.870,3130,1.5,80.8,0.2,9.7,0,False
1772741640.973,3131,1.1,82.0,0.2,9.7,0,False
1772741641.081,3132,1.1,86.4,0.2,9.7,0,False
1772741641.184,3133,2.2,81.1,0.2,9.7,0,False
1772741641.282,3134,1.5,77.6,0.2,9.7,0,False
1772741641.575,3135,0.9,81.0,0.2,8.9,0,False
1772741641.688,3136,1.0,82.9,0.3,8.9,0,False
1772741641.794,3137,0.8,85.0,0.2,8.9,0,False
1772741641.896,3138,1.2,81.8,0.2,8.9,0,False
1772741641.999,3139,1.4,83.4,0.2,8.9,0,False
1772741642.112,3140,1.1,93.5,0.2,8.9,0,False
1772741642.218,3141,1.1,85.8,0.2,8.8,0,False
1772741642.322,3142,1.2,82.4,0.2,8.8,0,False
1772741642.433,3143,1.2,84.4,0.2,8.8,0,False
1772741642.544,3144,1.1,82.5,0.2,8.8,0,False
1772741642.652,3145,1.4,79.6,0.2,8.7,0,False
1772741642.755,3146,1.1,82.4,0.2,8.7,0,False
1772741642.859,3147,1.7,80.4,0.2,8.7,0,False
1772741642.977,3148,1.2,84.9,0.2,8.7,0,False
1772741643.083,3149,1.2,82.5,0.3,8.6,0,False
1772741643.191,3150,1.2,91.0,0.2,8.6,0,False
1772741643.292,3151,1.2,83.3,0.2,8.6,0,False
1772741643.387,3152,1.2,81.9,0.2,8.7,0,False
1772741643.494,3153,1.5,89.7,0.2,8.7,0,False
1772741643.589,3154,1.5,84.0,0.2,8.7,0,False
1772741643.683,3155,1.0,83.5,0.3,9.5,0,False
1772741643.777,3156,0.9,83.2,0.2,9.6,0,False
1772741643.872,3157,1.1,84.4,0.3,9.6,0,False
1772741643.966,3158,1.3,83.5,0.2,9.7,0,False
1772741644.062,3159,0.9,84.3,0.3,9.7,0,False
1772741644.153,3160,1.6,81.1,0.2,9.8,0,False
1772741644.249,3161,1.1,84.6,0.5,9.8,0,False
1772741644.345,3162,1.2,83.2,0.2,9.9,1,True
1772741644.451,3163,1.0,93.4,0.2,9.9,0,True
1772741644.546,3164,1.1,83.3,0.2,10.0,2,True
1772741644.649,3165,1.1,90.1,0.2,10.0,2,True
1772741644.744,3166,1.6,81.3,0.2,10.1,0,True
1772741644.840,3167,1.1,83.7,0.2,10.1,0,True
1772741644.934,3168,1.1,82.6,0.2,10.2,0,True
1772741645.030,3169,1.1,85.0,0.2,10.3,0,True
1772741645.125,3170,1.1,83.4,0.2,10.3,0,True
1772741645.220,3171,1.1,82.8,0.2,10.4,0,True
1772741645.326,3172,1.1,94.3,0.3,10.3,0,True
1772741645.424,3173,1.8,85.3,0.2,10.4,0,True
1772741645.520,3174,1.3,84.4,0.2,10.4,0,True
1772741645.616,3175,1.2,83.1,0.2,10.3,1,True
1772741645.716,3176,1.3,86.8,0.3,10.3,1,True
1772741645.813,3177,1.0,84.1,0.2,10.3,2,True
1772741645.910,3178,1.0,83.4,0.2,10.3,2,True
1772741646.007,3179,1.7,83.4,0.2,10.3,2,True
1772741646.103,3180,1.1,82.7,0.2,10.3,2,True
1772741646.198,3181,1.5,81.4,0.2,10.3,2,True
1772741646.293,3182,1.2,82.7,0.4,10.3,2,True
1772741646.387,3183,1.0,81.1,0.2,10.3,2,True
1772741646.486,3184,1.1,86.8,0.2,10.3,2,True
1772741646.581,3185,1.1,82.6,0.2,10.4,2,True
1772741646.680,3186,1.5,85.8,0.2,10.3,2,True
1772741646.780,3187,1.1,87.5,0.2,10.3,2,True
1772741646.875,3188,1.1,82.4,0.2,10.3,2,True
1772741646.970,3189,1.6,81.6,0.3,10.3,2,True
1772741647.067,3190,1.1,83.5,0.2,10.3,2,True
1772741647.162,3191,1.1,81.9,0.3,10.3,1,True
1772741647.258,3192,1.2,82.8,0.3,10.4,1,True
1772741647.353,3193,1.2,82.1,0.2,10.4,0,True
1772741647.449,3194,1.1,84.5,0.3,10.4,0,True
1772741647.550,3195,0.8,84.5,0.3,10.3,0,True
1772741647.644,3196,1.2,81.8,0.2,10.4,0,True
1772741647.738,3197,1.2,81.4,0.2,10.4,0,True
1772741647.832,3198,1.2,81.6,0.2,10.4,0,True
1772741647.926,3199,1.1,82.5,0.4,10.4,0,True
1772741648.020,3200,1.2,81.6,0.2,10.4,0,True
1772741648.114,3201,1.1,83.4,0.2,10.4,0,True
1772741648.207,3202,1.2,82.6,0.2,10.4,0,True
1772741648.303,3203,1.3,84.3,0.2,10.4,0,True
1772741648.396,3204,1.1,80.8,0.2,10.5,0,True
1772741648.491,3205,2.0,83.0,0.2,10.5,0,True
1772741648.582,3206,1.6,79.9,0.2,10.5,0,True
1772741648.674,3207,1.7,81.8,0.2,10.6,0,True
1772741648.764,3208,1.5,80.2,0.3,10.6,0,True
1772741648.856,3209,1.1,81.6,0.2,10.6,0,True
1772741648.945,3210,1.5,79.9,0.2,10.6,0,True
1772741649.041,3211,1.0,84.3,0.2,10.6,0,True
1772741649.132,3212,1.2,81.0,0.2,10.7,0,True
1772741649.222,3213,1.5,80.4,0.3,10.7,0,True
1772741649.314,3214,1.2,81.4,0.2,10.7,0,True
1772741649.405,3215,1.5,80.6,0.2,10.8,0,True
1772741649.497,3216,0.8,82.2,0.2,10.8,0,True
1772741649.590,3217,1.2,83.0,0.2,10.8,0,True
1772741649.682,3218,0.8,81.7,0.2,10.8,0,True
1772741649.774,3219,1.1,82.3,0.2,10.8,0,True
1772741649.867,3220,1.2,81.8,0.2,10.8,0,True
1772741649.960,3221,1.1,82.3,0.2,10.8,0,True
1772741650.053,3222,1.1,82.5,0.2,10.8,0,False
1772741650.146,3223,1.1,82.9,0.2,10.9,0,False
1772741650.240,3224,1.3,82.3,0.2,10.8,0,False
1772741650.333,3225,1.2,82.4,0.2,10.9,0,False
1772741650.426,3226,1.5,82.8,0.2,10.8,0,False
1772741650.521,3227,1.1,83.9,0.2,10.8,0,False
1772741650.615,3228,1.2,82.1,0.2,10.8,0,False
1772741650.708,3229,1.2,82.8,0.3,10.8,0,False
1772741650.800,3230,1.2,81.4,0.2,10.8,0,False
1772741650.901,3231,1.2,90.3,0.2,10.8,0,False
1772741651.002,3232,1.2,90.8,0.2,10.7,0,False
1772741651.097,3233,1.0,83.0,0.2,10.7,0,False
1772741651.196,3234,0.9,84.5,0.2,10.6,0,False
1772741651.293,3235,1.1,83.4,0.2,10.6,0,False
1772741651.393,3236,1.2,83.8,0.2,10.5,0,False
1772741651.497,3237,1.2,85.4,0.3,10.5,0,False
1772741651.592,3238,1.3,83.7,0.2,10.5,0,False
1772741651.697,3239,2.0,87.7,0.3,10.4,0,False
1772741651.821,3240,0.9,99.6,0.2,10.2,0,False
1772741651.951,3241,0.8,84.8,0.3,10.0,0,False
1772741652.068,3242,1.1,83.7,0.3,9.9,0,False
1772741652.194,3243,1.0,84.7,0.2,9.8,0,False
1772741652.312,3244,0.7,83.3,0.2,9.7,0,False
1772741652.427,3245,1.1,83.3,0.3,9.5,0,False
1772741652.533,3246,1.0,82.9,0.2,9.5,0,False
1772741652.634,3247,1.5,80.7,0.2,9.5,0,False
1772741652.737,3248,1.3,82.2,0.3,9.4,0,False
1772741652.844,3249,1.1,86.0,0.2,9.4,0,False
1772741652.947,3250,1.2,83.2,0.3,9.3,0,False
1772741653.050,3251,1.1,83.2,0.2,9.3,0,False
1772741653.152,3252,1.2,82.2,0.2,9.3,0,False
1772741653.255,3253,1.6,82.8,0.2,9.3,0,False
1772741653.357,3254,1.1,84.4,0.2,9.3,0,False
1772741653.459,3255,1.1,84.5,0.3,9.2,0,False
1772741653.557,3256,1.6,80.4,0.2,9.2,0,False
1772741653.656,3257,1.5,82.0,0.2,9.3,0,False
1772741653.755,3258,1.6,81.0,0.2,9.2,0,False
1772741653.855,3259,1.0,83.9,0.2,9.3,0,False
1772741653.957,3260,1.4,83.5,0.2,9.4,0,False
1772741654.057,3261,1.1,81.7,0.2,9.5,0,False
1772741654.153,3262,1.5,80.5,0.2,9.6,0,False
1772741654.254,3263,1.3,83.0,0.2,9.7,0,False
1772741654.356,3264,1.2,82.5,0.3,9.8,0,False
1772741654.458,3265,1.1,83.6,0.2,9.8,0,False
1772741654.557,3266,1.2,81.4,0.2,9.9,0,False
1772741654.666,3267,1.5,92.5,0.2,9.8,0,False
1772741654.768,3268,0.8,84.6,0.2,9.8,0,False
1772741654.871,3269,1.1,83.9,0.2,9.9,0,False
1772741654.991,3270,1.1,102.3,0.3,9.8,0,False
1772741655.095,3271,1.5,83.7,0.2,9.8,0,False
1772741655.196,3272,1.2,83.0,0.2,9.8,0,False
1772741655.297,3273,2.3,81.8,0.2,9.8,0,False
1772741655.398,3274,1.5,82.1,0.3,9.8,0,False
1772741655.501,3275,1.5,83.0,0.2,9.8,0,False
1772741655.606,3276,1.1,83.4,0.2,9.8,0,False
1772741655.717,3277,1.4,82.9,0.2,9.7,0,False
1772741655.819,3278,1.6,81.5,0.2,9.7,0,False
1772741655.921,3279,1.5,82.9,0.3,9.7,0,False
1772741656.026,3280,1.1,83.8,0.2,9.7,0,False
1772741656.130,3281,1.2,83.4,0.3,9.6,0,False
1772741656.233,3282,1.1,83.1,0.3,9.6,0,False
1772741656.337,3283,1.3,84.2,0.2,9.6,0,False
1772741656.446,3284,1.5,89.6,0.2,9.6,0,False
1772741656.549,3285,2.1,82.1,0.2,9.6,0,False
1772741656.649,3286,1.1,82.1,0.2,9.6,0,False
1772741656.750,3287,1.5,80.6,0.2,9.6,0,False
1772741656.860,3288,1.0,84.6,0.2,9.6,0,False
1772741656.964,3289,1.0,84.7,0.2,9.6,0,False
1772741657.068,3290,1.1,83.5,0.2,9.6,0,False
1772741657.171,3291,1.1,82.4,0.2,9.6,0,False
1772741657.269,3292,1.1,79.3,0.2,9.6,0,False
1772741657.576,3293,0.8,81.1,0.2,8.8,0,False
1772741657.685,3294,0.7,84.4,0.2,8.7,0,False
1772741657.789,3295,1.0,82.9,0.3,8.7,0,False
1772741657.892,3296,1.1,84.7,0.2,8.7,0,False
1772741657.999,3297,1.2,81.6,0.2,8.8,0,False
1772741658.100,3298,1.1,81.8,0.2,8.8,0,False
1772741658.202,3299,1.3,81.8,0.2,8.8,0,False
1772741658.309,3300,1.4,82.2,0.2,8.8,0,False
1772741658.416,3301,0.9,84.9,0.3,8.7,0,False
1772741658.519,3302,1.2,82.5,0.3,8.8,0,False
1772741658.619,3303,1.2,79.8,0.2,8.8,0,False
1772741658.718,3304,1.6,80.1,0.2,8.8,0,False
1772741658.821,3305,1.1,83.7,0.2,8.8,0,False
1772741658.923,3306,1.1,81.8,0.2,8.8,0,False
1772741659.030,3307,1.1,83.1,0.2,8.8,0,False
1772741659.132,3308,1.1,82.7,0.2,8.8,0,False
1772741659.233,3309,2.1,81.3,0.2,8.8,0,False
1772741659.338,3310,1.1,84.7,0.2,8.8,0,False
1772741659.455,3311,1.2,97.1,0.2,8.8,0,False
1772741659.561,3312,1.2,85.4,0.2,8.7,0,False
1772741659.664,3313,1.6,84.1,0.2,9.6,0,False
1772741659.769,3314,1.2,83.9,0.2,9.6,0,False
1772741659.871,3315,1.1,82.8,0.2,9.6,0,False
1772741659.974,3316,1.6,83.2,0.2,9.6,0,False
1772741660.074,3317,1.5,81.6,0.2,9.6,0,False
1772741660.175,3318,1.6,81.4,0.2,9.6,0,False
1772741660.276,3319,1.5,81.5,0.2,9.6,0,False
1772741660.378,3320,1.1,82.8,0.2,9.7,0,False
1772741660.496,3321,0.9,98.4,0.3,9.6,0,False
1772741660.605,3322,0.9,88.4,0.2,9.6,0,False
1772741660.705,3323,1.2,81.3,0.2,9.6,0,False
1772741660.808,3324,0.9,83.0,0.2,9.6,0,False
1772741660.910,3325,1.6,81.4,0.2,9.6,0,False
1772741661.012,3326,1.6,83.6,0.2,9.6,0,False
1772741661.113,3327,1.5,81.4,0.2,9.6,0,False
1772741661.217,3328,1.1,83.6,0.3,9.6,0,False
1772741661.323,3329,1.2,86.9,0.2,9.6,0,False
1772741661.430,3330,0.8,85.7,0.2,9.6,0,False
1772741661.538,3331,0.9,85.1,0.2,9.6,0,False
1772741661.658,3332,1.2,83.6,0.2,9.5,0,False
1772741661.770,3333,1.0,83.2,0.2,9.5,0,False
1772741661.873,3334,1.5,81.9,0.3,9.5,0,False
1772741661.986,3335,1.2,84.0,0.3,9.5,0,False
1772741662.091,3336,1.1,84.3,0.2,9.4,0,False
1772741662.189,3337,1.2,82.1,0.2,9.5,0,False
1772741662.281,3338,1.2,82.5,0.2,9.5,0,False
1772741662.374,3339,1.2,83.0,0.2,9.5,0,False
1772741662.470,3340,1.3,85.1,0.2,9.6,0,False
1772741662.565,3341,1.3,83.7,0.2,9.7,0,False
1772741662.658,3342,1.2,81.6,0.2,9.7,0,False
1772741662.756,3343,1.4,81.9,0.2,9.8,0,False
1772741662.855,3344,1.1,82.6,0.2,9.8,0,False
1772741662.956,3345,1.5,82.5,0.2,9.8,0,False
1772741663.060,3346,0.8,83.6,0.2,9.8,0,False
1772741663.181,3347,0.9,104.5,0.2,9.7,0,False
1772741663.286,3348,0.8,86.5,0.3,9.7,0,False
1772741663.382,3349,1.2,84.1,0.3,9.7,0,False
1772741663.481,3350,1.1,85.1,0.2,9.8,0,False
1772741663.586,3351,0.8,86.3,0.2,9.8,0,False
1772741663.687,3352,0.8,83.2,0.2,9.9,0,False
1772741663.780,3353,1.2,82.3,0.2,9.9,0,False
1772741663.878,3354,1.3,82.2,0.2,10.0,0,False
1772741663.977,3355,1.2,83.7,0.2,10.0,0,False
1772741664.072,3356,1.2,82.4,0.2,10.1,0,False
1772741664.169,3357,1.1,81.9,0.2,10.1,0,False
1772741664.264,3358,1.2,81.9,0.2,10.1,0,False
1772741664.363,3359,1.1,82.0,0.2,10.1,0,False
1772741664.463,3360,1.2,85.9,0.2,10.0,0,False
1772741664.569,3361,1.6,86.8,0.3,10.0,0,False
1772741664.706,3362,1.5,84.2,0.3,9.8,0,False
1772741664.823,3363,1.4,82.5,0.2,9.7,0,False
1772741664.927,3364,1.3,82.8,0.2,9.6,0,False
1772741665.030,3365,1.1,87.6,0.2,9.6,0,False
1772741665.119,3366,1.5,80.5,0.4,9.7,0,False
1772741665.233,3367,1.5,82.2,0.2,9.7,0,False
1772741665.369,3368,1.1,82.4,0.2,9.6,0,False
1772741665.506,3369,0.9,85.0,0.2,9.4,0,False
1772741665.633,3370,1.1,81.8,0.2,9.3,0,False
1772741665.763,3371,0.9,84.7,0.2,9.2,0,False
1772741665.901,3372,1.0,82.8,0.2,9.0,0,False
1772741666.025,3373,0.9,82.3,0.2,8.9,0,False
1772741666.150,3374,1.0,82.7,0.2,8.8,0,False
1772741666.274,3375,0.9,85.0,0.2,8.7,0,False
1772741666.392,3376,1.1,82.0,0.2,8.6,0,False
1772741666.514,3377,0.8,84.1,0.2,8.5,0,False
1772741666.626,3378,1.1,82.9,0.2,8.5,0,False
1772741666.739,3379,1.1,83.8,0.2,8.4,0,False
1772741666.851,3380,1.0,84.9,0.2,8.4,0,False
1772741666.955,3381,1.4,81.7,0.2,8.4,0,False
1772741667.061,3382,1.6,80.2,0.2,8.5,0,False
1772741667.164,3383,1.3,80.6,0.2,8.5,0,False
1772741667.272,3384,1.0,82.7,0.2,8.5,0,False
1772741667.376,3385,1.1,81.9,0.2,8.5,0,False
1772741667.481,3386,1.6,84.2,0.2,8.5,0,False
1772741667.587,3387,1.1,83.0,0.2,8.5,0,False
1772741667.694,3388,1.0,81.8,0.2,8.6,0,False
1772741667.804,3389,1.0,83.0,0.2,8.7,0,False
1772741667.913,3390,1.1,81.9,0.2,8.8,0,False
1772741668.023,3391,0.9,82.7,0.3,8.8,0,False
1772741668.131,3392,1.3,80.4,0.2,9.0,0,False
1772741668.232,3393,1.4,80.3,0.2,9.1,0,False
1772741668.334,3394,1.0,81.5,0.2,9.2,0,False
1772741668.433,3395,1.5,82.4,0.6,9.3,0,False
1772741668.537,3396,1.1,81.2,0.2,9.3,0,False
1772741668.644,3397,1.0,82.0,0.2,9.4,0,False
1772741668.752,3398,1.3,80.5,0.2,9.4,0,False
1772741668.861,3399,1.0,81.9,0.2,9.4,0,False
1772741668.969,3400,1.8,81.0,0.2,9.4,0,False
1772741669.076,3401,1.3,82.0,0.2,9.4,0,False
1772741669.183,3402,1.3,80.4,0.3,9.4,0,False
1772741669.294,3403,0.8,85.6,0.3,9.4,0,False
1772741669.397,3404,1.0,82.1,0.2,9.4,0,False
1772741669.503,3405,1.2,82.6,0.2,9.4,0,False
1772741669.617,3406,1.1,85.9,0.3,9.4,0,False
1772741669.733,3407,1.2,82.6,0.2,9.3,0,False
1772741669.847,3408,0.9,82.8,0.2,9.3,0,False
1772741669.957,3409,1.0,82.7,0.2,9.3,0,False
1772741670.064,3410,1.0,82.2,0.2,9.3,0,False
1772741670.171,3411,1.1,82.5,0.2,9.3,0,False
1772741670.278,3412,1.4,80.2,0.2,9.3,0,False
1772741670.386,3413,1.1,81.8,0.2,9.3,0,False
1772741670.497,3414,0.9,84.8,0.2,9.2,0,False
1772741670.603,3415,2.5,80.5,0.2,9.2,0,False
1772741670.720,3416,0.7,88.0,0.3,9.2,0,False
1772741670.826,3417,0.9,82.6,0.2,9.2,0,False
1772741670.931,3418,1.6,81.6,0.2,9.2,0,False
1772741671.040,3419,1.0,83.4,0.3,9.2,0,False
1772741671.151,3420,1.3,82.3,0.3,9.2,0,False
1772741671.269,3421,1.9,84.6,0.3,9.1,0,False
1772741671.381,3422,1.0,83.4,0.2,9.1,0,False
1772741671.500,3423,1.0,87.2,0.2,9.1,0,False
1772741671.620,3424,1.0,82.4,0.2,9.0,0,False
1772741671.743,3425,1.3,79.6,0.2,8.9,0,False
1772741671.867,3426,1.1,81.9,0.2,8.9,0,False
1772741671.996,3427,1.0,84.4,0.2,8.8,0,False
1772741672.113,3428,0.8,82.5,0.2,8.8,0,False
1772741672.230,3429,0.7,85.5,0.2,8.8,0,False
1772741672.351,3430,1.1,82.3,0.2,8.7,0,False
1772741672.477,3431,1.4,83.6,0.2,8.7,0,False
1772741672.593,3432,1.0,81.6,0.2,8.6,0,False
1772741672.721,3433,1.0,81.3,0.2,8.6,0,False
1772741672.854,3434,1.3,82.7,0.2,8.5,0,False
1772741672.986,3435,0.7,81.7,0.2,8.4,0,False
1772741673.125,3436,0.8,88.5,0.3,8.3,0,False
1772741673.250,3437,0.9,80.6,0.2,8.3,0,False
1772741673.362,3438,0.9,79.5,0.2,8.2,0,False
1772741673.629,3439,0.8,80.4,0.2,7.7,0,False
1772741673.752,3440,0.9,82.3,0.2,7.7,0,False
1772741673.865,3441,1.4,81.4,0.2,7.7,0,False
1772741674.003,3442,0.8,84.4,0.2,7.6,0,False
1772741674.132,3443,0.9,82.4,0.2,7.6,0,False
1772741674.253,3444,1.4,83.5,0.2,7.6,0,False
1772741674.378,3445,1.5,81.7,0.2,7.6,0,False
1772741674.547,3446,1.4,112.2,0.2,7.5,0,False
1772741674.688,3447,1.0,86.1,0.2,7.4,0,False
1772741674.819,3448,1.1,83.5,0.2,7.4,0,False
1772741674.953,3449,1.0,81.8,0.2,7.3,0,False
1772741675.084,3450,3.0,80.9,0.2,7.3,0,False
1772741675.202,3451,0.8,84.7,0.2,7.3,0,False
1772741675.316,3452,1.1,84.4,0.4,7.3,0,False
1772741675.443,3453,1.1,87.2,0.2,7.3,0,False
1772741675.563,3454,1.1,81.4,0.2,7.4,0,False
1772741675.686,3455,1.1,82.2,0.2,7.4,0,False
1772741675.809,3456,1.4,81.0,0.3,7.5,0,False
1772741675.937,3457,0.8,80.6,0.2,7.4,0,False
1772741676.075,3458,1.0,82.2,0.2,7.4,0,False
1772741676.209,3459,1.0,82.0,0.2,7.8,0,False
1772741676.343,3460,2.2,82.8,0.2,7.7,0,False
1772741676.461,3461,1.0,94.4,0.3,7.7,0,False
1772741676.576,3462,1.0,82.8,0.2,7.8,0,False
1772741676.698,3463,1.1,83.3,0.3,7.8,0,False
1772741676.827,3464,1.8,82.1,0.2,7.8,0,False
1772741676.998,3465,2.2,126.9,0.2,7.6,0,False
1772741677.155,3466,0.9,86.7,0.2,7.7,0,False
1772741677.286,3467,0.9,82.5,0.2,7.7,0,False
1772741677.468,3468,1.0,130.8,0.3,7.6,0,False
1772741677.618,3469,1.1,93.9,0.2,7.5,0,False
1772741677.778,3470,0.9,102.8,0.2,7.4,0,False
1772741677.896,3471,1.0,85.8,0.2,7.4,0,False
1772741678.009,3472,0.8,84.6,0.2,7.4,0,False
1772741678.123,3473,1.1,82.5,0.2,7.5,0,False
1772741678.236,3474,1.0,83.0,0.2,7.5,0,False
1772741678.356,3475,1.1,80.2,0.2,7.5,0,False
1772741678.478,3476,1.1,89.4,0.2,7.5,0,False
1772741678.588,3477,1.6,83.2,0.2,7.5,0,False
1772741678.695,3478,1.3,82.9,0.2,7.6,0,False
1772741678.808,3479,0.8,86.7,0.2,7.7,0,False
1772741678.912,3480,2.4,83.8,0.2,7.8,0,False
1772741679.025,3481,1.6,91.4,0.2,7.8,0,False
1772741679.128,3482,1.5,80.7,0.3,7.8,0,False
1772741679.236,3483,1.4,82.1,0.2,7.9,0,False
1772741679.352,3484,1.4,80.8,0.2,7.9,0,False
1772741679.473,3485,1.1,84.6,0.2,8.1,0,False
1772741679.600,3486,1.1,83.2,0.2,8.2,0,False
1772741679.723,3487,0.7,90.3,0.3,8.2,0,False
1772741679.846,3488,1.1,85.9,0.2,8.4,0,False
1772741679.972,3489,0.7,86.1,0.2,8.5,0,False
1772741680.101,3490,1.3,81.2,0.2,8.6,0,False
1772741680.214,3491,1.2,82.7,0.2,8.6,0,False
1772741680.342,3492,1.1,83.0,0.3,8.6,0,False
1772741680.454,3493,0.8,85.3,0.2,8.6,0,False
1772741680.570,3494,1.5,80.9,0.2,8.6,0,False
1772741680.688,3495,1.3,82.2,0.2,8.6,0,False
1772741680.812,3496,0.8,81.9,0.2,8.6,0,False
1772741680.947,3497,1.2,82.1,0.3,8.5,0,False
1772741681.074,3498,0.8,82.5,0.2,8.4,0,False
1772741681.176,3499,0.8,80.7,0.3,8.4,0,False
1772741681.298,3500,1.0,84.0,0.2,8.4,0,False
1772741681.427,3501,1.1,83.4,0.2,8.3,0,False
1772741681.552,3502,1.1,82.5,0.2,8.3,0,False
1772741681.681,3503,1.2,82.9,0.3,8.2,0,False
1772741681.798,3504,1.2,81.8,0.2,8.2,0,False
1772741681.911,3505,1.1,83.1,0.2,8.2,0,False
1772741682.015,3506,0.7,85.4,0.2,8.3,0,False
1772741682.117,3507,1.2,87.3,0.2,8.4,0,False
1772741682.216,3508,1.1,86.4,0.2,8.4,0,False
1772741682.308,3509,1.1,80.5,0.2,8.6,0,False
1772741682.404,3510,1.2,81.9,0.2,8.7,0,False
1772741682.499,3511,0.8,83.4,0.2,8.8,0,False
1772741682.592,3512,1.1,81.0,0.2,8.9,0,False
1772741682.686,3513,1.1,81.1,0.2,9.0,0,False
1772741682.778,3514,1.1,81.4,0.2,9.1,0,False
1772741682.871,3515,1.1,81.8,0.2,9.2,0,False
1772741682.962,3516,1.2,81.0,0.2,9.3,0,False
1772741683.056,3517,1.2,82.0,0.2,9.5,0,False
1772741683.148,3518,1.2,81.1,0.2,9.6,0,False
1772741683.243,3519,1.2,82.6,0.2,9.7,0,False
1772741683.335,3520,1.6,80.0,0.2,9.8,0,False
1772741683.430,3521,1.6,83.5,0.2,10.0,0,False
1772741683.534,3522,1.1,92.3,0.2,10.1,0,False
1772741683.633,3523,1.2,85.6,0.2,10.2,0,False
1772741683.728,3524,1.2,84.6,0.2,10.4,0,False
1772741683.823,3525,1.2,82.6,0.2,10.5,0,False
1772741683.917,3526,1.2,82.8,0.3,10.5,0,False
1772741684.014,3527,1.2,85.2,0.2,10.5,0,False
1772741684.108,3528,1.4,82.7,0.3,10.6,0,False
1772741684.202,3529,1.1,83.3,0.2,10.6,0,False
1772741684.301,3530,1.3,86.5,0.2,10.5,0,False
1772741684.398,3531,1.2,85.4,0.3,10.5,0,False
1772741684.490,3532,1.2,82.4,0.2,10.5,0,False
1772741684.583,3533,1.2,83.3,0.2,10.5,0,False
1772741684.678,3534,2.2,84.9,0.2,10.5,0,False
1772741684.772,3535,1.3,84.0,0.2,10.5,0,False
1772741684.864,3536,1.1,82.3,0.2,10.5,0,False
1772741684.957,3537,1.2,84.4,0.2,10.5,0,False
1772741685.046,3538,1.5,80.4,0.2,10.5,0,False
1772741685.138,3539,1.3,83.8,0.2,10.6,0,False
1772741685.230,3540,1.2,82.3,0.2,10.6,0,False
1772741685.324,3541,1.2,81.9,0.3,10.6,0,False
1772741685.419,3542,1.3,84.9,0.2,10.6,0,False
1772741685.513,3543,1.1,83.8,0.2,10.6,0,False
1772741685.617,3544,0.8,85.6,0.2,10.6,0,False
1772741685.719,3545,0.8,84.4,0.2,10.5,0,False
1772741685.813,3546,1.1,83.5,0.2,10.5,0,False
1772741685.906,3547,1.1,81.9,0.2,10.6,0,False
1772741686.007,3548,1.7,82.9,0.2,10.5,0,False
1772741686.125,3549,1.2,81.7,0.2,10.4,0,False
1772741686.255,3550,1.0,82.6,0.2,10.2,0,False
1772741686.392,3551,1.4,82.9,0.2,10.0,0,False
1772741686.526,3552,1.5,82.7,0.2,9.8,0,False
1772741686.668,3553,1.4,84.0,0.3,9.6,0,False
1772741686.797,3554,1.3,82.8,0.2,9.4,0,False
1772741686.935,3555,2.3,83.4,0.2,9.3,0,False
1772741687.122,3556,0.8,143.1,0.2,8.9,0,False
1772741687.243,3557,1.0,82.4,0.2,8.7,0,False
1772741687.380,3558,1.1,83.9,0.2,8.6,0,False
1772741687.512,3559,1.7,84.9,0.2,8.4,0,False
1772741687.641,3560,0.9,82.8,0.3,8.3,0,False
1772741687.765,3561,1.5,81.8,0.2,8.2,0,False
1772741687.886,3562,1.0,84.8,0.2,8.1,0,False
1772741688.013,3563,1.4,80.5,0.2,8.0,0,False
1772741688.122,3564,0.9,82.6,0.2,8.0,0,False
1772741688.231,3565,1.1,82.5,0.2,8.0,0,False
1772741688.331,3566,1.4,80.3,0.2,7.9,0,False
1772741688.433,3567,1.6,82.1,0.2,7.9,0,False
1772741688.535,3568,1.2,83.1,0.2,7.9,0,False
1772741688.642,3569,1.2,84.0,0.4,7.9,0,False
1772741688.744,3570,1.1,82.1,0.2,8.0,0,False
1772741688.847,3571,1.6,81.6,0.2,8.1,0,False
1772741688.952,3572,1.6,85.1,0.2,8.2,0,False
1772741689.062,3573,1.9,81.3,0.3,8.4,0,False
1772741689.179,3574,0.8,84.6,0.2,8.4,0,False
1772741689.298,3575,0.8,82.4,0.2,8.5,0,False
1772741689.590,3576,0.8,80.4,0.2,8.1,0,False
1772741689.717,3577,0.7,90.3,0.2,8.1,0,False
1772741689.837,3578,1.1,83.5,0.2,8.1,0,False
1772741689.950,3579,1.1,84.3,0.2,8.2,0,False
1772741690.066,3580,1.3,82.1,0.2,8.2,0,False
1772741690.177,3581,1.0,83.9,0.2,8.3,0,False
1772741690.289,3582,1.6,83.0,0.2,8.3,0,False
1772741690.403,3583,1.6,83.2,0.2,8.4,0,False
1772741690.547,3584,0.8,114.9,0.2,8.2,0,False
1772741690.682,3585,1.1,108.5,0.2,8.2,0,False
1772741690.810,3586,0.9,84.5,0.2,8.1,0,False
1772741690.930,3587,2.7,90.8,0.2,8.0,0,False
1772741691.042,3588,1.0,83.7,0.2,8.0,0,False
1772741691.166,3589,1.1,96.3,0.2,7.9,0,False
1772741691.279,3590,1.1,84.0,0.2,7.9,0,False
1772741691.396,3591,1.4,90.4,0.3,7.8,0,False
1772741691.529,3592,1.8,105.7,0.2,7.8,0,False
1772741691.648,3593,1.0,88.9,0.2,7.7,0,False
1772741691.772,3594,1.1,90.0,0.4,7.7,0,False
1772741691.907,3595,1.1,97.5,0.2,7.7,0,False
1772741692.017,3596,0.9,82.7,0.2,8.2,0,False
1772741692.128,3597,1.3,82.8,0.3,8.3,0,False
1772741692.275,3598,1.1,120.4,0.2,8.2,0,False
1772741692.388,3599,0.9,86.3,0.2,8.2,0,False
1772741692.510,3600,1.1,89.5,0.2,8.2,0,False
1772741692.623,3601,1.1,83.7,0.2,8.2,0,False
1772741692.735,3602,1.2,83.4,0.2,8.2,0,False
1772741692.878,3603,1.1,113.2,0.2,8.1,0,False
1772741692.987,3604,0.8,82.6,0.2,8.2,0,False
1772741693.113,3605,1.2,94.9,0.2,8.2,0,False
1772741693.243,3606,1.2,102.5,0.2,8.2,0,False
1772741693.363,3607,0.7,82.9,0.2,8.2,0,False
1772741693.479,3608,0.9,86.1,0.2,8.2,0,False
1772741693.593,3609,1.1,84.0,0.2,8.2,0,False
1772741693.711,3610,1.4,83.1,0.2,8.2,0,False
1772741693.827,3611,1.3,80.6,0.2,8.2,0,False
1772741693.940,3612,0.7,83.7,0.2,8.3,0,False
1772741694.058,3613,1.1,81.8,0.2,8.3,0,False
1772741694.168,3614,0.8,82.3,0.2,8.3,0,False
1772741694.279,3615,1.1,81.9,0.2,8.4,0,False
1772741694.389,3616,1.1,80.5,0.2,8.4,0,False
1772741694.504,3617,1.1,85.6,0.2,8.4,0,False
1772741694.626,3618,1.2,86.0,0.3,8.5,0,False
1772741694.747,3619,1.9,90.9,0.3,8.5,0,False
1772741694.861,3620,1.8,82.7,0.2,8.5,0,False
1772741694.977,3621,1.3,81.4,0.2,8.5,0,False
1772741695.121,3622,1.1,113.2,0.2,8.4,0,False
1772741695.235,3623,1.1,82.7,0.2,8.5,0,False
1772741695.344,3624,0.8,81.5,0.2,8.5,0,False
1772741695.457,3625,1.4,84.2,0.2,8.5,0,False
1772741695.567,3626,1.4,82.2,0.2,8.6,0,False
1772741695.690,3627,0.8,82.8,0.2,8.6,0,False
1772741695.808,3628,1.1,83.2,0.2,8.6,0,False
1772741695.931,3629,0.9,82.9,0.3,8.6,0,False
1772741696.049,3630,1.8,84.2,0.2,8.6,0,False
1772741696.195,3631,1.6,84.1,0.3,8.4,0,False
1772741696.329,3632,1.4,83.5,0.2,8.4,0,False
1772741696.510,3633,1.1,135.8,0.2,8.2,0,False
1772741696.642,3634,1.1,82.6,0.2,8.1,0,False
1772741696.777,3635,1.7,82.4,0.2,8.0,0,False
1772741696.909,3636,0.8,84.2,0.2,7.9,0,False
1772741697.034,3637,0.8,82.9,0.2,7.9,0,False
1772741697.153,3638,0.7,83.5,0.2,7.9,0,False
1772741697.268,3639,0.7,82.0,0.2,7.9,0,False
1772741697.385,3640,1.0,85.0,0.2,7.9,0,False
1772741697.506,3641,0.9,85.6,0.3,7.9,0,False
1772741697.631,3642,1.1,83.7,0.2,8.0,0,False
1772741697.760,3643,0.9,95.4,0.2,7.9,0,False
1772741697.876,3644,0.9,82.5,0.2,7.9,0,False
1772741697.985,3645,0.8,84.5,0.2,7.9,0,False
1772741698.098,3646,1.0,84.7,0.2,7.9,0,False
1772741698.211,3647,1.0,82.1,0.2,7.9,0,False
1772741698.327,3648,1.0,82.4,0.2,7.9,0,False
1772741698.445,3649,1.0,84.5,0.2,8.0,0,False
1772741698.567,3650,1.1,83.8,0.2,7.9,0,False
1772741698.702,3651,1.1,83.0,0.2,8.0,0,False
1772741698.832,3652,0.9,82.1,0.2,8.0,0,False
1772741698.954,3653,1.0,84.9,0.2,8.2,0,False
1772741699.077,3654,1.1,82.1,0.2,8.2,0,False
1772741699.211,3655,0.8,82.4,0.2,8.2,0,False
1772741699.339,3656,0.8,82.9,0.2,8.2,0,False
1772741699.450,3657,0.9,84.7,0.2,8.3,0,False
1772741699.547,3658,1.1,82.4,0.2,8.4,0,False
1772741699.653,3659,1.1,84.9,0.2,8.4,0,False
1772741699.768,3660,1.1,82.1,0.3,8.4,0,False
1772741699.876,3661,1.3,82.7,0.2,8.4,0,False
1772741699.989,3662,1.1,82.8,0.2,8.5,0,False
1772741700.118,3663,1.1,83.3,0.2,8.5,0,False
1772741700.240,3664,0.8,82.6,0.2,8.5,0,False
1772741700.369,3665,1.0,84.1,0.2,8.4,0,False
1772741700.500,3666,0.9,84.1,0.2,8.3,0,False
1772741700.634,3667,1.1,84.1,0.2,8.3,0,False
1772741700.766,3668,0.9,82.2,0.2,8.2,0,False
1772741700.897,3669,1.3,81.9,0.2,8.2,0,False
1772741701.015,3670,0.7,84.4,0.2,8.2,0,False
1772741701.113,3671,1.0,82.1,0.4,8.3,0,False
1772741701.211,3672,1.1,81.8,0.2,8.4,0,False
1772741701.308,3673,1.1,81.7,0.2,8.5,0,False
1772741701.404,3674,1.1,80.5,0.2,8.6,0,False
1772741701.512,3675,0.8,88.9,0.2,8.7,0,False
1772741701.623,3676,1.3,80.6,0.2,8.8,0,False
1772741701.738,3677,0.7,84.0,0.2,8.7,0,False
1772741701.847,3678,1.1,81.2,0.2,8.7,0,False
1772741701.955,3679,1.4,80.4,0.2,8.7,0,False
1772741702.068,3680,0.8,83.9,0.2,8.7,0,False
1772741702.167,3681,1.3,82.5,0.2,8.7,0,False
1772741702.280,3682,1.2,92.9,0.2,8.7,0,False
1772741702.386,3683,1.1,86.8,0.2,8.8,0,False
1772741702.480,3684,1.1,84.1,0.3,8.9,0,False
1772741702.581,3685,1.1,88.5,0.2,9.0,0,False
1772741702.677,3686,1.2,83.1,0.2,9.2,0,False
1772741702.792,3687,1.1,83.6,0.2,9.3,0,False
1772741702.908,3688,1.0,82.0,0.2,9.3,0,False
1772741703.023,3689,1.1,83.2,0.3,9.4,0,False
1772741703.131,3690,1.0,83.0,0.2,9.5,0,False
1772741703.241,3691,1.1,83.0,0.6,9.4,0,False
1772741703.343,3692,1.3,80.6,0.2,9.4,0,False
1772741703.447,3693,1.1,84.1,0.2,9.4,0,False
1772741703.548,3694,1.1,82.3,0.2,9.3,0,False
1772741703.648,3695,1.3,82.3,0.2,9.4,0,False
1772741703.747,3696,1.1,82.3,0.2,9.4,0,False
1772741703.850,3697,1.1,82.3,0.3,9.5,0,False
1772741703.952,3698,1.6,80.1,0.2,9.5,0,False
1772741704.050,3699,1.1,82.7,0.2,9.5,0,False
1772741704.149,3700,1.2,81.9,0.2,9.6,0,False
1772741704.245,3701,1.1,80.5,0.2,9.6,0,False
1772741704.343,3702,1.5,80.5,0.3,9.7,0,False
1772741704.442,3703,1.1,82.5,0.2,9.7,0,False
1772741704.544,3704,1.0,84.6,0.2,9.7,0,False
1772741704.656,3705,1.5,94.3,0.2,9.6,0,False
1772741704.757,3706,1.2,83.2,0.2,9.6,0,False
1772741704.867,3707,1.2,82.4,0.2,9.6,0,False
1772741704.987,3708,1.2,82.8,0.2,9.6,0,False
1772741705.127,3709,1.2,90.0,0.2,9.5,0,False
1772741705.255,3710,0.8,80.9,0.2,9.4,0,False
1772741705.376,3711,1.1,83.2,0.2,9.4,0,False
1772741705.607,3712,0.8,81.7,0.3,8.8,0,False
1772741705.738,3713,2.5,83.4,0.2,8.7,0,False
1772741705.862,3714,2.3,84.3,0.2,8.6,0,False
1772741705.999,3715,1.1,93.5,0.2,8.5,0,False
1772741706.137,3716,2.2,100.8,0.2,8.4,0,False
1772741706.263,3717,0.7,84.1,0.4,8.3,0,False
1772741706.381,3718,1.3,82.9,0.2,8.2,0,False
1772741706.503,3719,1.1,84.6,0.2,8.2,0,False
1772741706.628,3720,1.1,82.7,0.2,8.1,0,False
1772741706.763,3721,2.4,92.0,0.2,7.9,0,False
1772741706.887,3722,1.1,94.0,0.2,7.9,0,False
1772741706.985,3723,1.3,82.5,0.2,7.9,0,False
1772741707.091,3724,1.1,83.2,0.2,7.9,0,False
1772741707.189,3725,1.2,82.5,0.2,7.9,0,False
1772741707.285,3726,1.5,82.7,0.2,7.9,0,False
1772741707.383,3727,1.1,82.5,0.2,8.0,0,False
1772741707.482,3728,1.2,85.4,0.2,8.0,0,False
1772741707.580,3729,1.2,83.8,0.2,8.2,0,False
1772741707.707,3730,1.2,83.7,0.2,8.2,0,False
1772741707.821,3731,1.5,83.5,0.3,8.2,0,False
1772741707.938,3732,1.2,82.8,0.2,8.6,0,False
1772741708.067,3733,1.1,82.0,0.2,8.6,0,False
1772741708.196,3734,1.0,82.1,0.2,8.6,0,False
1772741708.326,3735,0.8,81.5,0.2,8.6,0,False
1772741708.459,3736,0.9,84.1,0.2,8.6,0,False
1772741708.586,3737,1.1,81.6,0.2,8.6,0,False
1772741708.717,3738,1.1,82.3,0.2,8.6,0,False
1772741708.849,3739,1.0,82.8,0.2,8.5,0,False
1772741708.976,3740,1.0,82.7,0.2,8.5,0,False
1772741709.106,3741,1.2,82.5,0.2,8.5,0,False
1772741709.234,3742,1.2,85.8,0.2,8.5,0,False
1772741709.332,3743,1.2,83.7,0.2,8.5,0,False
1772741709.430,3744,1.1,85.5,0.2,8.6,0,False
1772741709.556,3745,1.1,83.3,0.2,8.5,0,False
1772741709.680,3746,1.1,86.0,0.2,8.4,0,False
1772741709.811,3747,1.1,82.4,0.2,8.2,0,False
1772741709.940,3748,2.0,90.9,0.2,8.1,0,False
1772741710.065,3749,0.8,82.6,0.2,8.0,0,False
1772741710.203,3750,1.1,86.9,0.2,8.0,0,False
1772741710.342,3751,0.8,85.0,0.2,7.9,0,False
1772741710.468,3752,0.8,88.2,0.2,7.9,0,False
1772741710.597,3753,1.2,83.9,0.2,7.9,0,False
1772741710.725,3754,1.1,84.7,0.3,7.9,0,False
1772741710.855,3755,1.0,82.8,0.2,7.9,0,False
1772741710.978,3756,1.1,83.5,0.3,7.9,0,False
1772741711.102,3757,2.0,83.0,0.3,7.9,0,False
1772741711.219,3758,1.0,84.3,0.2,8.0,0,False
1772741711.334,3759,1.2,82.9,0.2,8.1,0,False
1772741711.461,3760,0.7,87.3,0.4,8.0,0,False
1772741711.580,3761,1.2,82.9,0.2,8.1,0,False
1772741711.698,3762,1.4,80.9,0.2,8.1,0,False
1772741711.812,3763,2.2,82.0,0.2,8.1,0,False
1772741711.930,3764,0.8,87.2,0.2,8.0,0,False
1772741712.049,3765,1.1,84.8,0.3,8.0,0,False
1772741712.176,3766,1.1,84.9,0.2,8.0,0,False
1772741712.292,3767,1.1,86.7,0.2,8.1,0,False
1772741712.420,3768,1.0,88.0,0.3,8.1,0,False
1772741712.537,3769,1.4,82.4,0.2,8.1,0,False
1772741712.656,3770,1.3,83.6,0.2,8.2,0,False
1772741712.772,3771,1.2,82.2,0.2,8.2,0,False
1772741712.888,3772,1.1,82.8,0.3,8.3,0,False
1772741713.007,3773,1.2,82.3,0.2,8.3,0,False
1772741713.117,3774,1.2,82.7,0.2,8.4,0,False
1772741713.238,3775,1.2,82.6,0.3,8.4,0,False
1772741713.374,3776,1.1,84.3,0.2,8.3,0,False
1772741713.510,3777,1.2,86.3,0.2,8.3,0,False
1772741713.643,3778,0.8,82.9,0.2,8.3,0,False
1772741713.758,3779,1.2,83.5,0.4,8.3,0,False
1772741713.864,3780,0.8,85.6,0.3,8.3,0,False
1772741713.995,3781,1.3,84.2,0.3,8.3,0,False
1772741714.126,3782,1.2,83.4,0.2,8.2,0,False
1772741714.237,3783,1.1,85.1,0.2,8.2,0,False
1772741714.384,3784,1.8,85.4,0.2,8.2,0,False
1772741714.522,3785,1.4,87.7,0.2,8.1,0,False
1772741714.648,3786,1.3,90.2,0.3,8.1,0,False
1772741714.767,3787,1.1,84.7,0.2,8.1,0,False
1772741714.876,3788,2.2,81.8,0.2,8.1,0,False
1772741714.973,3789,1.2,83.9,0.2,8.2,0,False
1772741715.074,3790,1.2,83.5,0.2,8.3,0,False
1772741715.175,3791,1.1,84.6,0.2,8.3,0,False
1772741715.284,3792,1.1,83.0,0.2,8.3,0,False
1772741715.392,3793,1.2,83.8,0.2,8.4,0,False
1772741715.541,3794,1.0,96.4,0.2,8.2,0,False
1772741715.668,3795,1.1,85.0,0.3,8.2,0,False
1772741715.814,3796,1.3,84.0,0.2,8.2,0,False
1772741715.946,3797,1.3,83.6,0.2,8.2,0,False
1772741716.074,3798,1.3,84.6,0.2,8.2,0,False
1772741716.200,3799,1.3,83.7,0.2,8.2,0,False
1772741716.323,3800,1.1,82.9,0.2,8.1,0,False
1772741716.448,3801,2.3,85.8,0.3,8.2,0,False
1772741716.582,3802,1.1,82.2,0.2,8.1,0,False
1772741716.723,3803,2.1,82.5,0.2,8.0,0,False
1772741716.859,3804,1.4,83.8,0.2,8.1,0,False
1772741716.994,3805,1.3,83.0,0.2,8.1,0,False
1772741717.122,3806,1.8,81.8,0.2,8.1,0,False
1772741717.247,3807,1.3,82.3,0.2,8.1,0,False
1772741717.365,3808,1.1,83.7,0.2,8.0,0,False
1772741717.475,3809,1.8,83.4,0.2,8.0,0,False
1772741717.585,3810,2.0,81.4,0.2,8.0,0,False
1772741717.694,3811,1.4,83.3,0.2,7.9,0,False
1772741717.801,3812,1.2,84.7,0.2,7.9,0,False
1772741717.906,3813,1.2,84.9,0.2,8.0,0,False
1772741718.005,3814,1.5,81.0,0.2,8.1,0,False
1772741718.107,3815,1.1,81.7,0.2,8.2,0,False
1772741718.210,3816,1.3,82.6,0.2,8.3,0,False
1772741718.313,3817,1.2,83.3,0.2,8.4,0,False
1772741718.426,3818,1.1,87.8,0.2,8.5,0,False
1772741718.529,3819,1.4,81.8,0.2,8.6,0,False
1772741718.630,3820,1.2,82.6,0.2,8.7,0,False
1772741718.735,3821,1.4,81.9,0.2,8.7,0,False
1772741718.849,3822,1.2,84.0,0.2,8.8,0,False
1772741718.967,3823,1.5,82.8,0.2,8.9,0,False
1772741719.080,3824,1.1,82.4,0.2,9.0,0,False
1772741719.197,3825,1.1,82.6,0.2,9.1,0,False
1772741719.333,3826,1.1,83.1,0.2,9.0,0,False
1772741719.469,3827,1.9,84.6,0.2,9.0,0,False
1772741719.601,3828,1.2,82.6,0.2,8.9,0,False
1772741719.723,3829,0.8,85.1,0.2,8.9,0,False
1772741719.839,3830,1.2,82.4,0.2,8.9,0,False
1772741719.965,3831,1.2,82.9,0.2,8.8,0,False
1772741720.092,3832,2.9,86.0,0.2,8.7,0,False
1772741720.218,3833,0.7,82.8,0.2,8.7,0,False
1772741720.345,3834,1.8,83.6,0.3,8.5,0,False
1772741720.465,3835,1.2,84.1,0.2,8.5,0,False
1772741720.587,3836,1.1,82.8,0.2,8.4,0,False
1772741720.719,3837,1.1,84.1,0.2,8.3,0,False
1772741720.855,3838,1.1,83.2,0.2,8.2,0,False
1772741721.036,3839,1.3,118.3,0.2,8.0,0,False
1772741721.167,3840,1.0,84.7,0.2,7.9,0,False
1772741721.306,3841,1.1,82.2,0.3,7.8,0,False
1772741721.621,3842,0.8,97.6,0.2,7.2,0,False
1772741721.736,3843,1.2,83.4,0.2,7.2,0,False
1772741721.847,3844,0.8,82.9,0.2,7.2,0,False
1772741721.954,3845,0.8,83.6,0.2,7.3,0,False
1772741722.072,3846,1.1,82.8,0.2,7.3,0,False
1772741722.200,3847,0.8,104.0,0.2,7.3,0,False
1772741722.307,3848,1.1,81.8,0.2,7.4,0,False
1772741722.426,3849,1.4,80.5,0.2,7.4,0,False
1772741722.540,3850,1.1,82.2,0.2,7.4,0,False
1772741722.649,3851,1.1,82.5,0.2,7.5,0,False
1772741722.755,3852,1.4,80.0,0.2,7.5,0,False
1772741722.873,3853,0.7,90.9,0.2,7.5,0,False
1772741722.986,3854,1.2,82.4,0.2,7.6,0,False
1772741723.107,3855,1.1,82.5,0.2,7.6,0,False
1772741723.233,3856,0.8,82.8,0.2,7.6,0,False
1772741723.353,3857,0.9,84.6,0.2,7.6,0,False
1772741723.468,3858,1.4,82.3,0.2,7.7,0,False
1772741723.585,3859,1.1,82.2,0.2,7.8,0,False
1772741723.706,3860,1.1,82.7,0.2,7.9,0,False
1772741723.822,3861,1.1,82.8,0.3,7.9,0,False
1772741723.941,3862,1.1,83.8,0.2,8.6,0,False
1772741724.055,3863,0.7,83.7,0.2,8.6,0,False
1772741724.174,3864,1.2,82.5,0.2,8.6,0,False
1772741724.288,3865,1.1,82.3,0.2,8.6,0,False
1772741724.413,3866,1.4,80.7,0.2,8.5,0,False
1772741724.526,3867,1.0,83.3,0.2,8.6,0,False
1772741724.649,3868,1.1,95.0,0.2,8.5,0,False
1772741724.777,3869,1.2,83.9,0.2,8.5,0,False
1772741724.923,3870,0.8,97.9,0.3,8.4,0,False
1772741725.043,3871,1.1,90.3,0.3,8.4,0,False
1772741725.176,3872,1.1,97.1,0.2,8.3,0,False
1772741725.310,3873,0.7,99.0,0.3,8.2,0,False
1772741725.431,3874,1.7,84.0,0.3,8.2,0,False
1772741725.555,3875,1.4,81.0,0.2,8.2,0,False
1772741725.676,3876,0.8,82.3,0.2,8.2,0,False
1772741725.820,3877,0.7,83.3,0.4,8.1,0,False
1772741725.944,3878,0.9,82.7,0.2,8.1,0,False
1772741726.065,3879,1.3,83.1,0.2,8.1,0,False
1772741726.192,3880,1.3,82.5,0.2,8.0,0,False
1772741726.319,3881,0.8,82.6,0.2,8.0,0,False
1772741726.450,3882,0.8,85.2,0.2,8.0,0,False
1772741726.570,3883,1.1,82.7,0.2,8.0,0,False
1772741726.687,3884,1.4,81.9,0.2,8.0,0,False
1772741726.801,3885,1.3,83.0,0.2,8.0,0,False
1772741726.919,3886,0.8,84.0,0.2,8.0,0,False
1772741727.029,3887,1.2,82.5,0.2,8.0,0,False
1772741727.135,3888,1.4,80.5,0.2,8.0,0,False
1772741727.260,3889,1.0,84.2,0.2,8.1,0,False
1772741727.387,3890,1.0,82.8,0.3,8.1,0,False
1772741727.520,3891,1.0,86.3,0.2,8.1,0,False
1772741727.639,3892,1.0,82.7,0.2,8.1,0,False
1772741727.772,3893,1.0,82.9,0.2,8.1,0,False
1772741727.901,3894,1.0,82.5,0.3,8.1,0,False
1772741728.035,3895,1.0,82.3,0.2,8.1,0,False
1772741728.167,3896,1.0,82.3,0.2,8.0,0,False
1772741728.312,3897,1.0,83.7,0.2,8.0,0,False
1772741728.448,3898,1.0,82.6,0.3,8.0,0,False
1772741728.570,3899,1.2,82.3,0.2,8.0,0,False
1772741728.692,3900,1.2,82.2,0.3,8.0,0,False
1772741728.820,3901,1.1,86.5,0.3,8.0,0,False
1772741728.947,3902,1.1,81.7,0.2,8.0,0,False
1772741729.076,3903,0.9,84.0,0.2,8.0,0,False
1772741729.199,3904,0.9,82.8,0.2,8.0,0,False
1772741729.311,3905,1.0,81.9,0.2,8.0,0,False
1772741729.448,3906,1.3,81.3,0.2,7.9,0,False
1772741729.566,3907,1.0,82.5,0.2,7.9,0,False
1772741729.713,3908,1.1,94.4,0.2,7.8,0,False
1772741729.842,3909,0.9,82.1,0.2,7.7,0,False
1772741729.958,3910,1.1,87.9,0.2,7.8,0,False
1772741730.050,3911,0.8,81.0,0.2,7.9,0,False
1772741730.149,3912,1.1,82.1,0.2,8.0,0,False
1772741730.266,3913,1.2,81.4,0.2,8.0,0,False
1772741730.376,3914,1.1,86.7,0.2,8.1,0,False
1772741730.512,3915,1.0,83.9,0.2,8.1,0,False
1772741730.636,3916,1.7,82.2,0.2,8.1,0,False
1772741730.756,3917,1.0,82.3,0.2,8.2,0,False
1772741730.882,3918,0.8,84.2,0.2,8.2,0,False
1772741731.012,3919,1.2,82.9,0.2,8.2,0,False
1772741731.140,3920,1.2,81.6,0.2,8.2,0,False
1772741731.276,3921,1.2,84.1,0.2,8.1,0,False
1772741731.410,3922,0.8,82.7,0.2,8.1,0,False
1772741731.545,3923,1.1,83.0,0.2,8.1,0,False
1772741731.673,3924,0.7,84.0,0.2,8.1,0,False
1772741731.802,3925,1.2,81.6,0.2,8.0,0,False
1772741731.932,3926,1.2,82.4,0.3,8.1,0,False
1772741732.061,3927,1.2,82.0,0.2,8.0,0,False
1772741732.190,3928,1.2,82.7,0.3,8.1,0,False
1772741732.298,3929,1.2,81.7,0.2,8.1,0,False
1772741732.396,3930,1.2,84.7,0.2,8.2,0,False
1772741732.493,3931,0.8,84.6,0.2,8.2,0,False
1772741732.583,3932,1.2,81.5,0.2,8.2,0,False
1772741732.674,3933,1.1,82.4,0.4,8.3,0,False
1772741732.764,3934,1.3,81.1,0.2,8.4,0,False
1772741732.856,3935,1.2,82.7,0.2,8.5,0,False
1772741732.948,3936,1.0,82.2,0.2,8.7,0,False
1772741733.040,3937,1.2,82.8,0.2,8.8,0,False
1772741733.139,3938,1.5,89.2,0.3,8.9,0,False
1772741733.234,3939,1.2,82.3,0.3,9.0,0,False
1772741733.362,3940,1.2,82.3,0.2,9.0,0,False
1772741733.497,3941,1.9,84.8,0.2,9.0,0,False
1772741733.626,3942,1.2,82.9,0.2,9.0,0,False
1772741733.757,3943,1.3,81.4,0.2,9.0,0,False
1772741733.891,3944,2.0,81.7,0.2,9.0,0,False
1772741733.993,3945,1.4,83.8,0.2,9.1,0,False
1772741734.107,3946,1.5,80.2,0.2,9.2,0,False
1772741734.239,3947,2.2,86.8,0.2,9.2,0,False
1772741734.383,3948,1.0,92.5,0.2,9.1,0,False
1772741734.525,3949,1.0,85.7,0.2,9.0,0,False
1772741734.680,3950,1.0,103.7,0.2,8.8,0,False
1772741734.821,3951,1.3,82.6,0.2,8.6,0,False
1772741734.991,3952,1.3,121.8,0.2,8.3,0,False
1772741735.155,3953,1.0,107.7,0.3,8.1,0,False
1772741735.289,3954,1.9,81.8,0.3,7.9,0,False
1772741735.428,3955,1.1,82.7,0.2,7.8,0,False
1772741735.558,3956,1.0,82.6,0.2,7.7,0,False
1772741735.698,3957,1.1,84.4,0.2,7.5,0,False
1772741735.817,3958,1.1,82.4,0.2,7.5,0,False
1772741735.944,3959,0.7,83.3,0.2,7.4,0,False
1772741736.084,3960,1.1,88.3,0.2,7.3,0,False
1772741736.226,3961,1.5,94.8,0.2,7.3,0,False
1772741736.360,3962,0.9,83.5,0.2,7.3,0,False
1772741736.494,3963,1.6,81.8,0.2,7.3,0,False
1772741736.627,3964,1.2,82.0,0.2,7.3,0,False
1772741736.743,3965,1.9,82.0,0.2,7.3,0,False
1772741736.850,3966,0.8,83.8,0.3,7.3,0,False
1772741736.951,3967,1.1,81.5,0.2,7.4,0,False
1772741737.089,3968,1.1,88.2,0.2,7.4,0,False
1772741737.216,3969,1.1,82.4,0.2,7.4,0,False
1772741737.334,3970,1.1,79.7,0.2,7.5,0,False
1772741737.610,3971,0.8,80.3,0.2,7.2,0,False
1772741737.732,3972,0.8,90.7,0.2,7.3,0,False
1772741737.844,3973,1.1,82.5,0.2,7.4,0,False
1772741737.984,3974,1.0,112.3,0.2,7.4,0,False
1772741738.101,3975,1.1,82.2,0.2,7.5,0,False
1772741738.211,3976,0.8,83.9,0.2,7.5,0,False
1772741738.319,3977,1.4,80.5,0.2,7.6,0,False
1772741738.431,3978,1.1,84.2,0.2,7.7,0,False
1772741738.543,3979,1.1,82.0,0.2,7.7,0,False
1772741738.685,3980,1.1,115.2,0.2,7.7,0,False
1772741738.804,3981,1.1,89.1,0.2,7.8,0,False
1772741738.915,3982,0.8,82.1,0.2,7.8,0,False
1772741739.022,3983,1.4,80.0,0.2,7.9,0,False
1772741739.133,3984,0.8,83.7,0.2,8.0,0,False
1772741739.244,3985,1.1,82.1,0.2,8.0,0,False
1772741739.354,3986,1.3,82.3,0.2,8.0,0,False
1772741739.470,3987,1.0,83.7,0.2,7.9,0,False
1772741739.578,3988,1.1,81.4,0.2,8.0,0,False
1772741739.737,3989,1.4,127.7,0.3,7.9,0,False
1772741739.849,3990,1.1,82.7,0.2,8.0,0,False
1772741739.961,3991,1.4,82.4,0.2,8.5,0,False
1772741740.070,3992,1.3,80.8,0.2,8.6,0,False
1772741740.183,3993,1.1,81.9,0.2,8.6,0,False
1772741740.295,3994,1.1,82.2,0.2,8.7,0,False
1772741740.408,3995,1.1,82.6,0.2,8.7,0,False
1772741740.519,3996,0.7,84.2,0.2,8.7,0,False
1772741740.630,3997,1.1,82.4,0.3,8.7,0,False
1772741740.742,3998,1.1,82.7,0.2,8.7,0,False
1772741740.852,3999,1.1,82.2,0.2,8.7,0,False
1772741740.967,4000,1.4,81.3,0.2,8.8,0,False
1772741741.085,4001,1.9,89.2,0.2,8.8,0,False
1772741741.196,4002,1.8,82.3,0.2,8.8,0,False
1772741741.307,4003,1.1,82.7,0.2,8.8,0,False
1772741741.416,4004,1.4,81.2,0.2,8.8,0,False
1772741741.527,4005,0.8,83.1,0.2,8.8,0,False
1772741741.635,4006,1.4,81.3,0.2,8.8,0,False
1772741741.745,4007,1.1,82.7,0.2,8.8,0,False
1772741741.858,4008,1.1,82.0,0.2,8.8,0,False
1772741741.980,4009,0.8,84.1,0.2,8.9,0,False
1772741742.097,4010,1.1,83.5,0.4,8.9,0,False
1772741742.209,4011,0.8,86.6,0.2,8.9,0,False
1772741742.320,4012,1.5,83.4,0.2,8.9,0,False
1772741742.435,4013,1.3,85.9,0.2,8.9,0,False
1772741742.546,4014,1.1,82.7,0.2,8.9,0,False
1772741742.658,4015,1.0,82.7,0.2,8.9,0,False
1772741742.769,4016,1.0,81.7,0.2,8.9,0,False
1772741742.880,4017,1.0,81.9,0.2,8.9,0,False
1772741742.992,4018,2.0,82.8,0.2,8.9,0,False
1772741743.106,4019,1.2,82.3,0.2,8.9,0,False
1772741743.220,4020,1.4,80.7,0.2,8.9,0,False
1772741743.339,4021,0.8,86.0,0.2,8.9,0,False
1772741743.455,4022,1.0,88.8,0.2,8.9,0,False
1772741743.566,4023,0.9,82.7,0.2,8.9,0,False
1772741743.678,4024,1.1,82.3,0.2,8.8,0,False
1772741743.791,4025,1.1,82.7,0.2,8.8,0,False
1772741743.901,4026,1.1,82.2,0.2,8.8,0,False
1772741744.013,4027,1.1,82.4,0.2,8.8,0,False
1772741744.123,4028,1.1,83.4,0.2,8.8,0,False
1772741744.242,4029,1.1,82.2,0.2,8.8,0,False
1772741744.363,4030,1.1,81.6,0.2,8.8,0,False
1772741744.492,4031,1.9,83.5,0.2,8.8,0,False
1772741744.610,4032,1.1,81.4,0.2,8.7,0,False
1772741744.736,4033,1.1,84.9,0.2,8.7,0,False
1772741744.855,4034,1.4,82.9,0.2,8.7,0,False
1772741744.983,4035,0.8,89.6,0.2,8.6,0,False
1772741745.100,4036,1.1,82.2,0.2,8.6,0,False
1772741745.219,4037,1.1,83.6,0.2,8.5,0,False
1772741745.336,4038,1.5,82.3,0.2,8.5,0,False
1772741745.451,4039,1.3,84.3,0.2,8.5,0,False
1772741745.564,4040,1.0,83.0,0.2,8.5,0,False
1772741745.675,4041,1.4,81.3,0.2,8.6,0,False
1772741745.796,4042,2.2,81.5,0.2,8.5,0,False
1772741745.961,4043,1.9,125.3,0.2,8.4,0,False
1772741746.073,4044,1.8,83.1,0.2,8.3,0,False
1772741746.185,4045,1.7,82.1,0.2,8.4,0,False
1772741746.308,4046,2.0,82.0,0.2,8.3,0,False
1772741746.422,4047,1.9,81.7,0.2,8.3,0,False
1772741746.545,4048,1.1,82.4,0.2,8.3,0,False
1772741746.660,4049,0.8,82.4,0.2,8.3,0,False
1772741746.780,4050,1.1,82.2,0.2,8.3,0,False
1772741746.912,4051,2.0,83.8,0.2,8.3,0,False
1772741747.039,4052,0.9,82.7,0.2,8.2,0,False
1772741747.158,4053,1.4,82.8,0.3,8.3,0,False
1772741747.282,4054,0.8,82.2,0.2,8.2,0,False
1772741747.442,4055,1.1,121.6,0.2,8.1,0,False
1772741747.575,4056,1.1,82.5,0.2,8.1,0,False
1772741747.702,4057,0.8,82.6,0.2,8.1,0,False
1772741747.827,4058,1.0,82.8,0.2,8.0,0,False
1772741747.948,4059,1.1,82.0,0.2,8.0,0,False
1772741748.074,4060,1.7,81.7,0.2,8.0,0,False
1772741748.206,4061,1.9,84.8,0.2,7.9,0,False
1772741748.345,4062,1.1,94.7,0.3,7.8,0,False
1772741748.469,4063,1.0,84.8,0.2,8.0,0,False
1772741748.595,4064,1.1,82.5,0.2,7.9,0,False
1772741748.729,4065,1.2,84.5,0.2,7.9,0,False
1772741748.845,4066,1.1,82.2,0.2,7.9,0,False
1772741748.957,4067,0.8,84.7,0.2,7.9,0,False
1772741749.072,4068,1.0,82.2,0.2,7.9,0,False
1772741749.190,4069,1.0,83.7,0.3,7.9,0,False
1772741749.298,4070,0.7,84.7,0.2,7.9,0,False
1772741749.399,4071,1.0,83.2,0.3,8.0,0,False
1772741749.514,4072,0.8,87.7,0.3,8.1,0,False
1772741749.623,4073,1.2,88.5,0.4,8.1,0,False
1772741749.736,4074,1.3,87.8,0.2,8.1,0,False
1772741749.838,4075,1.0,82.5,0.2,8.3,0,False
1772741749.945,4076,1.5,83.5,0.2,8.4,0,False
1772741750.045,4077,1.1,81.5,0.2,8.5,0,False
1772741750.151,4078,1.3,86.3,0.2,8.6,0,False
1772741750.257,4079,0.8,84.1,0.2,8.7,0,False
1772741750.355,4080,1.2,81.6,0.2,8.8,0,False
1772741750.453,4081,1.4,83.4,0.2,8.9,0,False
1772741750.553,4082,1.4,83.4,0.2,9.1,0,False
1772741750.662,4083,1.0,81.9,0.2,9.1,0,False
1772741750.778,4084,1.9,90.4,0.2,9.2,0,False
1772741750.877,4085,1.1,82.2,0.2,9.3,0,False
1772741750.976,4086,1.1,81.3,0.2,9.4,0,False
1772741751.077,4087,1.6,81.6,0.2,9.4,0,False
1772741751.206,4088,1.1,83.1,0.4,9.4,0,False
1772741751.329,4089,1.0,81.9,0.2,9.3,0,False
1772741751.451,4090,1.3,84.5,0.2,9.3,0,False
1772741751.584,4091,1.0,84.4,0.2,9.2,0,False
1772741751.716,4092,1.0,82.9,0.2,9.1,0,False
1772741751.848,4093,2.1,83.7,0.2,9.0,0,False
1772741751.974,4094,1.3,84.0,0.2,8.9,0,False
1772741752.079,4095,1.9,83.8,0.2,8.9,0,False
1772741752.178,4096,1.1,82.8,0.3,9.0,0,False
1772741752.279,4097,1.1,82.9,0.3,8.9,0,False
1772741752.384,4098,0.8,85.1,0.2,9.0,0,False
1772741752.489,4099,1.1,86.7,0.2,9.0,0,False
1772741752.591,4100,1.0,84.0,0.3,8.9,0,False
1772741752.727,4101,0.9,85.9,0.3,8.8,0,False
1772741752.846,4102,1.0,82.8,0.2,8.7,0,False
1772741752.968,4103,1.1,83.6,0.3,8.7,0,False
1772741753.090,4104,1.3,81.7,0.3,8.6,0,False
1772741753.214,4105,0.8,85.1,0.2,8.6,0,False
1772741753.329,4106,1.0,81.3,0.2,8.5,0,False
1772741753.630,4107,0.9,81.2,0.2,7.8,0,False
1772741753.762,4108,0.9,87.6,0.2,7.8,0,False
1772741753.941,4109,2.6,131.8,0.2,7.7,0,False
1772741754.073,4110,0.9,87.5,0.2,7.6,0,False
1772741754.206,4111,0.8,95.4,0.3,7.6,0,False
1772741754.321,4112,1.9,82.0,0.2,7.7,0,False
1772741754.443,4113,2.1,90.5,0.2,7.7,0,False
1772741754.560,4114,1.1,82.7,0.2,7.7,0,False
1772741754.685,4115,1.1,84.7,0.2,7.7,0,False
1772741754.811,4116,1.2,84.1,0.2,7.6,0,False
1772741754.963,4117,1.8,107.1,0.2,7.5,0,False
1772741755.078,4118,1.0,82.7,0.2,7.4,0,False
1772741755.225,4119,0.8,93.5,0.2,7.3,0,False
1772741755.363,4120,1.3,89.5,0.3,7.2,0,False
1772741755.519,4121,0.8,101.4,0.2,7.2,0,False
1772741755.645,4122,0.7,84.6,0.2,7.1,0,False
1772741755.775,4123,0.7,87.0,0.2,7.1,0,False
1772741755.912,4124,1.0,82.0,0.2,7.1,0,False
1772741756.045,4125,1.9,83.1,0.2,7.1,0,False
1772741756.186,4126,0.8,86.1,0.3,7.0,0,False
1772741756.307,4127,1.1,82.9,0.2,7.5,0,False
1772741756.435,4128,1.3,83.7,0.4,7.5,0,False
1772741756.572,4129,1.5,82.7,0.2,7.6,0,False
1772741756.704,4130,1.3,83.4,0.6,7.6,0,False
1772741756.820,4131,1.0,82.0,0.2,7.7,0,False
1772741756.950,4132,1.0,82.6,0.2,7.6,0,False
1772741757.096,4133,1.5,82.7,0.2,7.5,0,False
1772741757.246,4134,0.9,85.6,0.2,7.4,0,False
1772741757.376,4135,1.3,84.3,0.2,7.4,0,False
1772741757.501,4136,1.4,87.2,0.2,7.4,0,False
1772741757.622,4137,1.0,87.3,0.2,7.5,0,False
1772741757.734,4138,2.1,86.8,0.2,7.5,0,False
1772741757.838,4139,1.2,83.0,0.2,7.7,0,False
1772741757.945,4140,1.1,83.6,0.3,7.7,0,False
1772741758.069,4141,0.9,88.4,0.2,7.8,0,False
1772741758.192,4142,1.6,89.9,0.2,7.9,0,False
1772741758.318,4143,0.8,82.5,0.2,7.9,0,False
1772741758.452,4144,0.8,88.1,0.2,7.9,0,False
1772741758.584,4145,1.1,82.4,0.2,7.9,0,False
1772741758.718,4146,1.9,92.1,0.3,7.9,0,False
1772741758.840,4147,1.1,82.1,0.2,7.9,0,False
1772741758.966,4148,1.1,86.3,0.3,7.9,0,False
1772741759.102,4149,1.1,97.2,0.2,7.9,0,False
1772741759.226,4150,1.8,83.3,0.3,7.9,0,False
1772741759.393,4151,1.1,118.1,0.2,7.8,0,False
1772741759.509,4152,1.2,85.1,0.2,7.8,0,False
1772741759.619,4153,1.2,86.7,0.3,7.9,0,False
1772741759.722,4154,1.1,84.0,0.4,8.1,0,False
1772741759.827,4155,1.1,80.0,0.2,8.2,0,False
1772741759.935,4156,1.0,82.3,0.3,8.2,0,False
1772741760.050,4157,1.4,80.6,0.2,8.2,0,False
1772741760.176,4158,1.1,82.8,0.2,8.2,0,False
1772741760.309,4159,1.0,83.2,0.3,8.1,0,False
1772741760.442,4160,1.1,82.9,0.2,8.0,0,False
1772741760.573,4161,1.1,83.4,0.3,8.0,0,False
1772741760.711,4162,1.1,82.6,0.2,7.9,0,False
1772741760.815,4163,1.1,82.5,0.2,8.0,0,False
1772741760.913,4164,1.5,82.4,0.2,8.1,0,False
1772741761.010,4165,1.1,83.2,0.2,8.2,0,False
1772741761.107,4166,1.2,81.4,0.2,8.4,0,False
1772741761.210,4167,1.1,84.0,0.2,8.4,0,False
1772741761.320,4168,1.1,92.9,0.2,8.5,0,False
1772741761.431,4169,1.2,94.8,0.2,8.6,0,False
1772741761.544,4170,1.1,85.3,0.2,8.6,0,False
1772741761.667,4171,1.3,82.8,0.2,8.8,0,False
1772741761.805,4172,1.2,85.6,0.3,8.7,0,False
1772741761.926,4173,0.8,83.2,0.2,8.7,0,False
1772741762.082,4174,1.0,113.5,0.2,8.5,0,False
1772741762.218,4175,1.1,84.3,0.2,8.4,0,False
1772741762.411,4176,1.0,147.3,0.2,8.1,0,False
1772741762.553,4177,2.7,84.5,0.2,8.0,0,False
1772741762.684,4178,1.0,85.3,0.2,8.0,0,False
1772741762.805,4179,1.1,83.1,0.2,8.0,0,False
1772741762.903,4180,1.1,83.0,0.2,8.1,0,False
1772741763.000,4181,1.1,83.1,0.2,8.2,0,False
1772741763.100,4182,1.1,87.7,0.2,8.4,0,False
1772741763.198,4183,1.1,82.7,0.3,8.4,0,False
1772741763.298,4184,1.1,83.2,0.2,8.4,0,False
1772741763.396,4185,1.1,84.2,0.2,8.4,0,False
1772741763.495,4186,1.2,83.8,0.2,8.4,0,False
1772741763.594,4187,1.1,83.0,0.2,8.4,0,False
1772741763.691,4188,1.1,84.1,0.2,8.4,0,False
1772741763.790,4189,1.1,83.3,0.2,8.5,0,False
1772741763.889,4190,2.1,82.4,0.2,8.5,0,False
1772741763.990,4191,1.1,83.5,0.3,8.6,0,False
1772741764.088,4192,1.1,82.7,0.2,8.8,0,False
1772741764.197,4193,1.2,90.5,0.3,8.8,0,False
1772741764.298,4194,1.6,83.4,0.2,9.0,0,False
1772741764.403,4195,1.1,84.8,0.3,9.2,0,False
1772741764.518,4196,0.8,84.0,0.2,9.5,0,False
1772741764.652,4197,1.0,86.3,0.2,9.5,0,False
1772741764.777,4198,1.1,82.9,0.2,9.6,0,False
1772741764.911,4199,0.7,85.2,0.2,9.5,0,False
1772741765.044,4200,1.0,83.0,0.2,9.3,0,False
1772741765.172,4201,0.7,87.7,0.2,9.2,0,False
1772741765.302,4202,0.8,82.7,0.3,9.1,0,False
1772741765.403,4203,1.0,83.8,0.3,9.1,0,False
1772741765.503,4204,0.9,85.4,0.2,9.1,0,False
1772741765.597,4205,1.2,82.4,0.2,9.1,0,False
1772741765.692,4206,1.1,83.4,0.3,9.1,0,False
1772741765.785,4207,1.1,82.3,0.2,9.1,0,False
1772741765.876,4208,1.5,81.1,0.4,9.2,0,False
1772741765.969,4209,1.1,82.2,0.2,9.2,0,False
1772741766.062,4210,1.1,83.3,0.3,9.2,0,False
1772741766.155,4211,1.1,83.2,0.3,9.2,0,False
1772741766.249,4212,1.1,84.0,0.4,9.3,0,False
1772741766.343,4213,1.1,82.8,0.2,9.3,0,False
1772741766.439,4214,1.2,86.5,0.2,9.3,0,False
1772741766.533,4215,1.3,83.1,0.2,9.4,0,False
1772741766.628,4216,1.2,85.0,0.2,9.5,0,False
1772741766.723,4217,1.3,83.3,0.2,9.7,0,False
1772741766.817,4218,1.9,83.5,0.2,9.8,0,False
1772741766.912,4219,1.1,83.8,0.3,10.0,0,False
1772741767.010,4220,1.5,83.1,0.2,10.2,0,False
1772741767.105,4221,1.1,83.3,0.3,10.4,0,False
1772741767.205,4222,1.1,83.3,0.2,10.5,0,False
1772741767.303,4223,1.2,83.6,0.2,10.5,0,False
1772741767.433,4224,1.1,82.7,0.2,10.4,0,False
1772741767.572,4225,1.2,84.2,0.2,10.1,0,False
1772741767.704,4226,0.9,86.2,0.3,9.9,0,False
1772741767.852,4227,2.3,101.1,0.2,9.7,0,False
1772741767.992,4228,0.8,93.1,0.2,9.5,0,False
1772741768.121,4229,1.1,88.6,0.2,9.3,0,False
1772741768.247,4230,1.1,83.2,0.2,9.2,0,False
1772741768.383,4231,1.2,87.1,0.2,9.0,0,False
1772741768.571,4232,1.1,145.9,0.2,8.6,0,False
1772741768.699,4233,0.8,87.2,0.2,8.5,0,False
1772741768.823,4234,1.1,82.9,0.2,8.4,0,False
1772741768.946,4235,1.0,83.0,0.2,8.3,0,False
1772741769.063,4236,1.1,85.5,0.2,8.2,0,False
1772741769.176,4237,1.3,85.6,0.3,8.2,0,False
1772741769.290,4238,1.1,80.4,0.2,8.1,0,False
1772741769.641,4239,0.9,86.7,0.2,7.3,0,False
1772741769.765,4240,1.1,83.4,0.2,7.3,0,False
1772741769.891,4241,1.2,85.7,0.2,7.2,0,False
1772741770.012,4242,1.2,83.3,0.2,7.1,0,False
1772741770.134,4243,1.2,84.0,0.2,7.1,0,False
1772741770.258,4244,1.1,82.7,0.2,7.1,0,False
1772741770.387,4245,1.2,82.3,0.3,7.1,0,False
1772741770.518,4246,1.2,85.8,0.3,7.1,0,False
1772741770.645,4247,1.2,82.8,0.2,7.2,0,False
1772741770.767,4248,1.2,83.4,0.3,7.2,0,False
1772741770.880,4249,1.2,84.8,0.2,7.2,0,False
1772741770.979,4250,0.7,87.1,0.2,7.3,0,False
1772741771.083,4251,1.2,91.6,0.3,7.4,0,False
1772741771.182,4252,1.1,83.1,0.2,7.7,0,False
1772741771.289,4253,0.8,86.8,0.2,7.7,0,False
1772741771.425,4254,1.4,87.4,0.2,7.7,0,False
1772741771.559,4255,0.9,85.5,0.3,7.7,0,False
1772741771.685,4256,1.2,82.9,0.3,7.6,0,False
1772741771.804,4257,1.1,83.1,0.2,7.6,0,False
1772741771.932,4258,1.0,84.0,0.3,7.6,0,False
1772741772.063,4259,0.9,85.3,0.5,8.3,0,False
1772741772.177,4260,1.5,82.7,0.3,8.3,0,False
1772741772.312,4261,1.2,87.3,0.2,8.3,0,False
1772741772.448,4262,1.2,83.2,0.3,8.2,0,False
1772741772.579,4263,1.1,82.9,0.2,8.2,0,False
1772741772.694,4264,1.2,83.1,0.2,8.2,0,False
1772741772.825,4265,1.2,85.3,0.2,8.2,0,False
1772741772.955,4266,1.2,82.6,0.2,8.2,0,False
1772741773.081,4267,0.9,85.8,0.3,8.2,0,False
1772741773.206,4268,1.1,82.9,0.2,8.2,0,False
1772741773.333,4269,1.1,84.3,0.2,8.2,0,False
1772741773.458,4270,1.2,85.5,0.2,8.1,0,False
1772741773.607,4271,1.1,110.8,0.2,7.9,0,False
1772741773.740,4272,0.8,84.7,0.2,7.8,0,False
1772741773.859,4273,1.5,83.8,0.2,7.8,0,False
1772741773.993,4274,1.4,83.1,0.2,7.8,0,False
1772741774.127,4275,1.3,85.0,0.3,7.8,0,False
1772741774.260,4276,1.4,82.7,0.2,7.8,0,False
1772741774.404,4277,1.4,82.7,0.2,7.7,0,False
1772741774.538,4278,0.9,85.7,0.2,7.7,0,False
1772741774.686,4279,0.8,99.6,0.2,7.6,0,False
1772741774.790,4280,1.2,82.6,0.2,7.7,0,False
1772741774.901,4281,1.2,82.2,0.2,7.7,0,False
1772741775.000,4282,1.0,82.0,0.2,7.8,0,False
1772741775.120,4283,1.1,84.2,0.2,7.9,0,False
1772741775.233,4284,1.1,82.4,0.2,7.9,0,False
1772741775.344,4285,1.1,82.2,0.2,7.9,0,False
1772741775.467,4286,1.0,95.8,0.2,8.0,0,False
1772741775.584,4287,0.8,84.4,0.2,8.0,0,False
1772741775.719,4288,0.7,84.7,0.3,8.0,0,False
1772741775.870,4289,0.8,86.6,0.2,7.9,0,False
1772741775.999,4290,1.1,82.0,0.2,7.9,0,False
1772741776.134,4291,1.4,85.2,0.2,7.9,0,False
1772741776.262,4292,1.0,82.2,0.2,7.9,0,False
1772741776.409,4293,0.8,88.0,0.2,7.8,0,False
1772741776.544,4294,0.7,85.3,0.2,7.8,0,False
1772741776.671,4295,1.3,83.9,0.2,7.9,0,False
1772741776.791,4296,1.0,83.3,0.2,7.9,0,False
1772741776.923,4297,1.2,79.9,0.2,7.9,0,False
1772741777.070,4298,1.0,85.7,0.2,7.9,0,False
1772741777.196,4299,1.1,82.3,0.2,8.0,0,False
1772741777.328,4300,1.3,82.5,0.3,7.9,0,False
1772741777.470,4301,1.3,91.7,0.2,7.8,0,False
1772741777.595,4302,1.0,82.5,0.2,7.7,0,False
1772741777.728,4303,1.2,83.8,0.2,7.7,0,False
1772741777.837,4304,1.0,82.5,0.2,7.7,0,False
1772741777.936,4305,1.0,82.0,0.2,7.7,0,False
1772741778.039,4306,1.1,83.9,0.2,7.8,0,False
1772741778.137,4307,1.1,82.5,0.3,7.8,0,False
1772741778.250,4308,1.1,95.0,0.2,7.9,0,False
1772741778.365,4309,1.1,85.0,0.2,8.0,0,False
1772741778.486,4310,1.1,89.9,0.2,8.0,0,False
1772741778.608,4311,0.9,84.0,0.4,8.1,0,False
1772741778.743,4312,1.3,82.3,0.3,8.1,0,False
1772741778.884,4313,1.3,90.0,0.2,8.1,0,False
1772741779.027,4314,1.6,84.0,0.3,8.1,0,False
1772741779.169,4315,1.3,85.9,0.2,8.0,0,False
1772741779.360,4316,1.3,128.3,0.2,7.8,0,False
1772741779.512,4317,0.7,90.9,0.3,7.7,0,False
1772741779.649,4318,1.1,85.4,0.3,7.8,0,False
1772741779.784,4319,1.1,83.6,0.3,7.7,0,False
1772741779.916,4320,1.4,90.0,0.2,7.7,0,False
1772741780.037,4321,1.3,86.5,0.2,7.8,0,False
1772741780.165,4322,1.0,82.2,0.2,7.8,0,False
1772741780.304,4323,0.7,87.4,0.2,7.8,0,False
1772741780.444,4324,1.3,83.3,0.2,7.7,0,False
1772741780.566,4325,1.1,82.3,0.2,7.6,0,False
1772741780.698,4326,1.3,84.6,0.2,7.5,0,False
1772741780.820,4327,1.2,82.9,0.2,7.5,0,False
1772741780.930,4328,1.4,82.4,0.3,7.5,0,False
1772741781.037,4329,1.2,83.5,0.3,7.5,0,False
1772741781.137,4330,1.1,82.4,0.2,7.5,0,False
1772741781.229,4331,1.4,82.0,0.2,7.6,0,False
1772741781.323,4332,1.1,83.2,0.2,7.8,0,False
1772741781.447,4333,1.2,95.1,0.2,7.8,0,False
1772741781.551,4334,1.1,82.5,0.2,7.9,0,False
1772741781.648,4335,1.1,82.2,0.2,8.1,0,False
1772741781.746,4336,1.2,83.8,0.2,8.4,0,False
1772741781.847,4337,1.2,80.7,0.2,8.6,0,False
1772741781.952,4338,1.2,82.1,0.2,8.7,0,False
1772741782.047,4339,1.3,83.0,0.2,8.8,0,False
1772741782.145,4340,1.2,82.9,0.2,9.0,0,False
1772741782.248,4341,1.2,82.2,0.2,9.0,0,False
1772741782.356,4342,1.2,80.8,0.2,9.1,0,False
1772741782.472,4343,1.1,84.5,0.2,9.2,0,False
1772741782.601,4344,1.5,81.7,0.2,9.3,0,False
1772741782.745,4345,1.4,84.4,0.2,9.2,0,False
1772741782.858,4346,1.3,83.3,0.2,9.3,0,False
1772741782.964,4347,1.3,81.8,0.2,9.3,0,False
1772741783.094,4348,0.7,88.0,0.2,9.2,0,False
1772741783.229,4349,1.1,87.1,0.2,9.1,0,False
1772741783.361,4350,0.8,82.8,0.2,9.0,0,False
1772741783.500,4351,1.1,88.9,0.3,8.8,0,False
1772741783.628,4352,1.2,83.4,0.3,8.7,0,False
1772741783.759,4353,1.2,82.2,0.2,8.7,0,False
1772741783.890,4354,1.2,83.0,0.3,8.6,0,False
1772741784.015,4355,1.2,81.9,0.2,8.5,0,False
1772741784.147,4356,1.2,82.0,0.2,8.3,0,False
1772741784.275,4357,1.1,81.8,0.2,8.2,0,False
1772741784.417,4358,0.8,85.7,0.3,8.1,0,False
1772741784.551,4359,1.0,87.2,0.2,8.0,0,False
1772741784.681,4360,1.3,85.1,0.2,7.9,0,False
1772741784.813,4361,1.2,82.5,0.2,7.8,0,False
1772741784.942,4362,1.3,85.9,0.2,7.7,0,False
1772741785.077,4363,1.3,81.6,0.3,7.7,0,False
1772741785.221,4364,0.8,85.2,0.2,7.6,0,False
1772741785.347,4365,1.1,79.6,0.2,7.7,0,False
1772741785.646,4366,0.8,81.2,0.2,7.2,0,False
1772741785.768,4367,1.9,82.4,0.2,7.1,0,False
1772741785.881,4368,1.1,84.1,0.2,7.2,0,False
1772741785.995,4369,1.1,84.7,0.2,7.2,0,False
1772741786.120,4370,1.6,83.8,0.2,7.2,0,False
1772741786.245,4371,1.1,83.0,0.3,7.3,0,False
1772741786.363,4372,1.1,82.7,0.2,7.3,0,False
1772741786.484,4373,1.2,86.8,0.3,7.3,0,False
1772741786.600,4374,1.3,83.6,0.3,7.4,0,False
1772741786.709,4375,1.1,82.5,0.3,7.4,0,False
1772741786.847,4376,1.1,110.6,0.3,7.4,0,False
1772741786.962,4377,1.1,84.8,0.2,7.4,0,False
1772741787.080,4378,1.2,84.0,0.2,7.5,0,False
1772741787.198,4379,1.1,82.8,0.2,7.6,0,False
1772741787.315,4380,1.2,83.4,0.2,7.6,0,False
1772741787.436,4381,1.3,85.9,0.2,7.6,0,False
1772741787.552,4382,1.2,84.9,0.2,7.7,0,False
1772741787.667,4383,1.2,85.0,0.2,7.7,0,False
1772741787.798,4384,1.9,82.4,0.3,7.8,0,False
1772741787.924,4385,1.2,81.5,0.2,7.8,0,False
1772741788.062,4386,0.8,84.7,0.2,8.3,0,False
1772741788.192,4387,0.7,86.9,0.2,8.3,0,False
1772741788.315,4388,0.8,85.0,0.2,8.2,0,False
1772741788.441,4389,0.7,86.7,0.2,8.2,0,False
1772741788.556,4390,0.9,84.1,0.2,8.2,0,False
1772741788.669,4391,1.4,84.7,0.2,8.3,0,False
1772741788.782,4392,1.4,83.5,0.2,8.3,0,False
1772741788.902,4393,1.4,83.5,0.2,8.3,0,False
1772741789.028,4394,1.1,82.8,0.2,8.2,0,False
1772741789.150,4395,1.7,83.1,0.2,8.2,0,False
1772741789.264,4396,1.7,84.2,0.2,8.3,0,False
1772741789.385,4397,0.8,85.8,0.2,8.3,0,False
1772741789.531,4398,1.1,112.7,0.2,8.2,0,False
1772741789.655,4399,1.4,87.3,0.2,8.1,0,False
1772741789.784,4400,1.1,83.4,0.2,8.1,0,False
1772741789.921,4401,2.6,83.6,0.3,8.1,0,False
1772741790.070,4402,0.7,86.5,0.2,7.9,0,False
1772741790.196,4403,1.0,83.1,0.3,7.9,0,False
1772741790.330,4404,1.3,83.5,0.2,7.9,0,False
1772741790.480,4405,0.8,100.2,0.2,7.8,0,False
1772741790.618,4406,1.3,84.7,0.2,7.8,0,False
1772741790.744,4407,1.8,82.9,0.2,7.8,0,False
1772741790.875,4408,0.8,84.4,0.2,7.8,0,False
1772741791.009,4409,1.3,83.2,0.2,7.8,0,False
1772741791.145,4410,1.3,84.7,0.3,7.7,0,False
1772741791.282,4411,1.3,85.3,0.2,7.7,0,False
1772741791.419,4412,1.4,84.5,0.2,7.6,0,False
1772741791.560,4413,1.3,84.0,0.2,7.5,0,False
1772741791.698,4414,1.7,84.0,0.2,7.5,0,False
1772741791.824,4415,1.3,83.0,0.2,7.5,0,False
1772741791.970,4416,0.7,85.5,0.2,7.4,0,False
1772741792.122,4417,0.8,85.4,0.2,7.3,0,False
1772741792.233,4418,1.9,84.3,0.2,7.4,0,False
1772741792.345,4419,1.0,84.6,0.2,7.4,0,False
1772741792.474,4420,1.5,86.8,0.2,7.4,0,False
1772741792.588,4421,1.2,83.3,0.2,7.5,0,False
1772741792.713,4422,1.0,83.4,0.2,7.6,0,False
1772741792.853,4423,0.8,84.9,0.3,7.5,0,False
1772741792.989,4424,0.7,100.4,0.2,7.5,0,False
1772741793.110,4425,1.0,82.6,0.2,7.6,0,False
1772741793.238,4426,1.3,84.8,0.3,7.6,0,False
1772741793.369,4427,1.2,82.3,0.3,7.6,0,False
1772741793.521,4428,1.3,101.6,0.2,7.6,0,False
1772741793.655,4429,0.8,83.4,0.2,7.6,0,False
1772741793.792,4430,1.2,89.8,0.2,7.6,0,False
1772741793.929,4431,1.4,82.5,0.2,7.6,0,False
1772741794.059,4432,0.7,86.5,0.2,7.6,0,False
1772741794.167,4433,1.0,81.5,0.2,7.7,0,False
1772741794.270,4434,1.2,83.0,0.2,7.8,0,False
1772741794.379,4435,1.1,82.6,0.3,7.8,0,False
1772741794.486,4436,1.0,85.7,0.3,8.0,0,False
1772741794.591,4437,1.2,81.5,0.2,8.1,0,False
1772741794.698,4438,1.0,85.8,0.2,8.1,0,False
1772741794.805,4439,1.2,81.9,0.2,8.1,0,False
1772741794.904,4440,1.1,81.9,0.2,8.2,0,False
1772741795.011,4441,1.8,83.6,0.2,8.3,0,False
1772741795.123,4442,1.2,82.2,0.2,8.3,0,False
1772741795.247,4443,1.1,82.6,0.3,8.4,0,False
1772741795.387,4444,2.2,97.8,0.2,8.3,0,False
1772741795.516,4445,0.8,85.6,0.2,8.3,0,False
1772741795.647,4446,0.8,84.0,0.2,8.3,0,False
1772741795.779,4447,1.0,83.6,0.2,8.3,0,False
1772741795.912,4448,1.3,82.3,0.2,8.4,0,False
1772741796.044,4449,2.3,81.9,0.2,8.4,0,False
1772741796.184,4450,1.3,83.1,0.2,8.4,0,False
1772741796.318,4451,1.4,82.7,0.3,8.4,0,False
1772741796.455,4452,1.9,90.5,0.2,8.3,0,False
1772741796.589,4453,1.4,92.4,0.2,8.3,0,False
1772741796.711,4454,1.3,84.2,0.2,8.2,0,False
1772741796.831,4455,1.1,83.3,0.2,8.2,0,False
1772741796.959,4456,1.0,84.5,0.5,8.1,0,False
1772741797.091,4457,1.4,84.2,0.2,8.0,0,False
1772741797.236,4458,1.4,85.5,0.3,7.9,0,False
1772741797.379,4459,1.4,83.2,0.2,7.8,0,False
1772741797.516,4460,1.4,87.1,0.3,7.7,0,False
1772741797.643,4461,1.2,82.8,0.2,7.6,0,False
1772741797.770,4462,1.4,90.9,0.2,7.6,0,False
1772741797.894,4463,1.2,83.8,0.2,7.6,0,False
1772741798.025,4464,1.4,84.1,0.2,7.6,0,False
1772741798.163,4465,2.1,84.9,0.2,7.6,0,False
1772741798.300,4466,1.5,84.9,0.4,7.5,0,False
1772741798.432,4467,1.4,83.3,0.2,7.5,0,False
1772741798.600,4468,0.8,123.8,0.2,7.4,0,False
1772741798.723,4469,1.4,82.9,0.2,7.5,0,False
1772741798.858,4470,1.3,88.1,0.2,7.5,0,False
1772741799.006,4471,2.4,89.5,0.3,7.4,0,False
1772741799.143,4472,1.4,82.4,0.2,7.4,0,False
1772741799.254,4473,1.3,83.5,0.2,7.5,0,False
1772741799.355,4474,1.4,90.4,0.2,7.6,0,False
1772741799.452,4475,1.1,85.9,0.2,7.6,0,False
1772741799.550,4476,1.0,83.3,0.2,7.7,0,False
1772741799.668,4477,0.8,91.1,0.2,7.8,0,False
1772741799.800,4478,1.0,84.6,0.2,7.8,0,False
1772741799.936,4479,0.7,87.4,0.2,7.8,0,False
1772741800.046,4480,1.2,83.5,0.2,7.9,0,False
1772741800.175,4481,1.1,84.0,0.2,7.9,0,False
1772741800.311,4482,1.3,85.5,0.2,7.9,0,False
1772741800.447,4483,1.4,86.4,0.2,7.8,0,False
1772741800.579,4484,0.7,83.6,0.3,7.8,0,False
1772741800.712,4485,1.4,85.2,0.6,7.8,0,False
1772741800.825,4486,1.4,84.3,0.2,7.9,0,False
1772741800.918,4487,1.1,83.1,0.2,8.0,0,False
1772741801.017,4488,0.9,85.2,0.2,8.3,0,False
1772741801.130,4489,1.0,83.1,0.2,8.3,0,False
1772741801.263,4490,1.1,83.5,0.2,8.3,0,False
1772741801.377,4491,1.3,82.0,0.2,8.4,0,False
1772741801.645,4492,0.8,81.4,0.2,8.0,0,False
1772741801.775,4493,1.2,84.1,0.2,7.9,0,False
1772741801.903,4494,0.8,88.3,0.2,7.8,0,False
1772741802.031,4495,1.0,83.8,0.2,7.8,0,False
1772741802.161,4496,1.1,86.8,0.3,7.7,0,False
1772741802.277,4497,1.1,86.1,0.2,7.7,0,False
1772741802.394,4498,1.0,83.8,0.2,7.7,0,False
1772741802.515,4499,1.1,83.5,0.2,7.8,0,False
1772741802.642,4500,1.1,84.2,0.2,7.7,0,False
1772741802.777,4501,1.3,85.6,0.2,7.7,0,False
1772741802.898,4502,1.0,85.4,0.2,7.7,0,False
1772741803.024,4503,1.2,83.7,0.2,7.8,0,False
1772741803.161,4504,1.3,84.7,0.2,7.7,0,False
1772741803.284,4505,1.3,83.9,0.2,7.8,0,False
1772741803.384,4506,1.0,83.3,0.2,7.8,0,False
1772741803.494,4507,0.8,85.4,0.2,7.8,0,False
1772741803.604,4508,1.6,88.0,0.2,7.7,0,False
1772741803.732,4509,0.8,85.7,0.2,7.7,0,False
1772741803.866,4510,1.1,84.1,0.2,7.7,0,False
1772741803.989,4511,1.0,83.9,0.2,7.7,0,False
1772741804.124,4512,0.9,83.8,0.2,8.1,0,False
1772741804.263,4513,1.3,82.8,0.2,8.0,0,False
1772741804.399,4514,0.9,86.9,0.2,8.0,0,False
1772741804.541,4515,0.7,93.1,0.2,8.0,0,False
1772741804.674,4516,0.8,89.0,0.2,8.0,0,False
1772741804.783,4517,1.1,84.9,0.2,8.0,0,False
1772741804.902,4518,0.9,83.5,0.2,8.0,0,False
1772741805.040,4519,0.7,99.6,0.2,7.9,0,False
1772741805.184,4520,1.2,85.0,0.2,7.9,0,False
1772741805.312,4521,1.0,82.2,0.2,7.9,0,False
1772741805.447,4522,1.4,85.1,0.3,7.8,0,False
1772741805.577,4523,1.0,90.8,0.2,7.8,0,False
1772741805.714,4524,1.0,84.7,0.2,7.8,0,False
1772741805.843,4525,1.0,83.7,0.2,7.8,0,False
1772741805.978,4526,1.4,82.2,0.2,7.7,0,False
1772741806.116,4527,1.3,82.1,0.2,7.6,0,False
1772741806.255,4528,1.4,88.8,0.2,7.5,0,False
1772741806.387,4529,1.3,82.0,0.2,7.5,0,False
1772741806.529,4530,1.5,85.5,0.2,7.5,0,False
1772741806.700,4531,0.8,119.3,0.2,7.4,0,False
1772741806.834,4532,1.4,82.9,0.2,7.4,0,False
1772741806.955,4533,1.2,82.9,0.2,7.4,0,False
1772741807.070,4534,1.1,81.8,0.2,7.5,0,False
1772741807.187,4535,1.1,82.5,0.2,7.6,0,False
1772741807.302,4536,1.1,81.9,0.2,7.6,0,False
1772741807.418,4537,1.0,82.4,0.2,7.6,0,False
1772741807.558,4538,1.1,112.4,0.2,7.5,0,False
1772741807.693,4539,1.2,84.9,0.3,7.5,0,False
1772741807.836,4540,1.4,83.3,0.2,7.5,0,False
1772741807.972,4541,1.3,82.8,0.3,7.5,0,False
1772741808.099,4542,1.3,82.7,0.4,7.5,0,False
1772741808.221,4543,1.3,80.5,0.2,7.6,0,False
1772741808.331,4544,1.8,81.7,0.2,7.6,0,False
1772741808.458,4545,0.7,87.1,0.3,7.6,0,False
1772741808.559,4546,1.3,81.6,0.3,7.8,0,False
1772741808.673,4547,1.1,81.6,0.2,7.8,0,False
1772741808.798,4548,1.0,84.3,0.2,7.9,0,False
1772741808.935,4549,1.4,83.0,0.2,7.8,0,False
1772741809.036,4550,1.3,84.0,0.3,8.0,0,False
1772741809.131,4551,1.1,82.5,0.2,8.2,0,False
1772741809.228,4552,1.2,82.8,0.2,8.4,0,False
1772741809.323,4553,1.2,81.8,0.2,8.4,0,False
1772741809.421,4554,1.6,84.2,0.2,8.5,0,False
1772741809.516,4555,1.2,82.4,0.3,8.6,0,False
1772741809.612,4556,1.1,81.4,0.2,8.7,0,False
1772741809.708,4557,1.4,82.9,0.2,8.7,0,False
1772741809.806,4558,1.1,81.9,0.2,8.9,0,False
1772741809.903,4559,1.1,81.6,0.2,9.1,0,False
1772741809.997,4560,1.1,81.7,0.3,9.3,0,False
1772741810.093,4561,1.5,81.9,0.2,9.4,0,False
1772741810.210,4562,1.1,105.3,0.2,9.5,0,False
1772741810.306,4563,1.7,82.9,0.3,9.6,0,False
1772741810.405,4564,1.2,81.9,0.2,9.6,0,False
1772741810.502,4565,0.8,83.4,0.2,9.8,0,False
1772741810.598,4566,1.2,83.5,0.2,9.8,0,False
1772741810.692,4567,1.1,82.8,0.2,9.9,0,False
1772741810.799,4568,1.3,93.0,0.3,10.0,0,False
1772741810.894,4569,1.1,82.4,0.2,10.2,0,False
1772741810.990,4570,1.2,81.6,0.2,10.2,0,False
1772741811.087,4571,1.5,82.3,0.2,10.2,0,False
1772741811.183,4572,1.1,82.7,0.2,10.2,0,False
1772741811.276,4573,1.2,81.9,0.2,10.2,0,False
1772741811.367,4574,1.1,80.8,0.2,10.3,0,False
1772741811.461,4575,1.1,83.3,0.2,10.3,0,False
1772741811.555,4576,1.2,84.4,0.2,10.3,0,False
1772741811.646,4577,1.2,81.0,0.2,10.3,0,False
1772741811.738,4578,1.1,82.4,0.2,10.4,0,False
1772741811.829,4579,1.6,80.3,0.2,10.4,0,False
1772741811.919,4580,1.2,81.6,0.2,10.4,0,False
1772741812.011,4581,1.3,81.8,0.2,10.4,0,False
1772741812.102,4582,1.1,81.4,0.2,10.6,0,False
1772741812.193,4583,1.2,82.0,0.2,10.6,0,False
1772741812.284,4584,1.2,81.1,0.2,10.6,0,False
1772741812.375,4585,1.1,81.5,0.3,10.7,0,False
1772741812.470,4586,1.2,84.8,0.2,10.7,0,False
1772741812.562,4587,1.2,83.1,0.2,10.7,0,False
1772741812.653,4588,1.2,81.4,0.2,10.8,0,False
1772741812.746,4589,1.1,82.7,0.3,10.8,0,False
1772741812.837,4590,1.2,81.2,0.2,10.8,0,False
1772741812.932,4591,1.0,83.3,0.4,10.8,0,False
1772741813.022,4592,1.2,81.2,0.3,10.9,0,False
1772741813.112,4593,1.5,80.3,0.2,10.9,0,False
1772741813.207,4594,1.2,82.2,0.2,10.9,0,False
1772741813.299,4595,1.2,81.6,0.2,10.9,0,False
1772741813.393,4596,1.3,82.2,0.2,10.9,0,False
1772741813.488,4597,1.1,82.9,0.2,10.9,0,False
1772741813.579,4598,1.5,80.3,0.2,10.9,0,False
1772741813.672,4599,1.1,82.3,0.2,10.9,0,False
1772741813.766,4600,1.2,81.7,0.2,10.8,0,False
1772741813.859,4601,1.5,80.0,0.2,10.8,0,False
1772741813.955,4602,1.5,80.0,0.2,10.8,0,False
1772741814.050,4603,1.1,82.0,0.4,10.8,0,False
1772741814.147,4604,1.2,81.5,0.2,10.7,0,False
1772741814.243,4605,1.4,82.3,0.2,10.7,0,False
1772741814.337,4606,1.2,81.8,0.2,10.7,0,False
1772741814.435,4607,1.1,84.0,0.2,10.7,0,False
1772741814.543,4608,0.8,87.9,0.2,10.6,0,False
1772741814.665,4609,0.8,101.6,0.2,10.4,0,False
1772741814.758,4610,1.3,83.2,0.2,10.4,0,False
1772741814.886,4611,1.2,81.7,0.2,10.2,0,False
1772741815.016,4612,1.3,83.9,0.2,10.0,0,False
1772741815.117,4613,1.3,82.7,0.2,10.0,0,False
1772741815.213,4614,1.1,82.5,0.2,10.0,0,False
1772741815.308,4615,1.1,82.7,0.2,10.0,0,False
1772741815.407,4616,1.7,81.6,0.2,9.9,0,False
1772741815.509,4617,0.8,87.8,0.2,9.9,0,False
1772741815.618,4618,0.9,90.9,0.2,9.8,0,False
1772741815.718,4619,0.9,82.2,0.2,9.8,0,False
1772741815.814,4620,1.1,82.2,0.2,9.8,0,False
1772741815.911,4621,1.3,83.9,0.2,9.7,0,False
1772741816.004,4622,1.5,80.8,0.2,9.8,0,False
1772741816.098,4623,1.4,81.2,0.2,9.8,0,False
1772741816.193,4624,1.1,83.0,0.2,9.8,0,False
1772741816.288,4625,1.0,82.4,0.2,9.8,0,False
1772741816.381,4626,1.1,82.4,0.2,9.8,0,False
1772741816.478,4627,1.2,86.3,0.2,9.8,0,False
1772741816.572,4628,1.2,82.9,0.3,9.9,0,False
1772741816.664,4629,1.2,81.8,0.2,10.0,0,False
1772741816.758,4630,1.1,82.8,0.3,10.0,0,False
1772741816.849,4631,1.2,81.6,0.2,10.2,0,False
1772741816.943,4632,1.2,83.3,0.3,10.4,0,False
1772741817.033,4633,1.5,80.6,0.2,10.4,0,False
1772741817.126,4634,1.1,82.8,0.2,10.5,0,False
1772741817.217,4635,1.5,80.3,0.2,10.5,0,False
1772741817.306,4636,1.1,79.4,0.2,10.5,0,False
1772741817.625,4637,0.8,80.6,0.2,9.5,0,False
1772741817.728,4638,1.0,89.8,0.6,9.5,0,False
1772741817.824,4639,1.5,80.9,0.2,9.5,0,False
1772741817.923,4640,1.3,83.5,0.2,9.5,0,False
1772741818.026,4641,1.1,82.7,0.2,9.5,0,False
1772741818.127,4642,1.2,82.5,0.2,9.4,0,False
1772741818.235,4643,1.3,81.9,0.2,9.4,0,False
1772741818.333,4644,1.4,82.9,0.2,9.3,0,False
1772741818.435,4645,1.1,85.6,0.3,9.3,0,False
1772741818.553,4646,1.1,82.8,0.2,9.2,0,False
1772741818.687,4647,1.0,82.9,0.2,9.1,0,False
1772741818.857,4648,2.0,120.1,0.2,8.8,0,False
1772741819.009,4649,0.7,85.9,0.3,8.5,0,False
1772741819.159,4650,1.1,85.0,0.3,8.3,0,False
1772741819.265,4651,2.0,85.2,0.2,8.3,0,False
1772741819.366,4652,1.1,83.4,0.5,8.3,0,False
1772741819.467,4653,1.1,83.9,0.2,8.2,0,False
1772741819.587,4654,1.1,88.0,0.2,8.1,0,False
1772741819.713,4655,1.0,96.4,0.2,8.0,0,False
1772741819.855,4656,1.9,87.2,0.2,7.8,0,False
1772741819.985,4657,0.7,82.4,0.2,8.5,0,False
1772741820.114,4658,1.1,82.5,0.2,8.4,0,False
1772741820.272,4659,0.7,120.6,0.3,8.2,0,False
1772741820.391,4660,0.9,84.4,0.2,8.1,0,False
1772741820.515,4661,1.3,85.4,0.2,8.0,0,False
1772741820.624,4662,1.4,81.9,0.2,8.0,0,False
1772741820.741,4663,0.7,85.6,0.2,8.0,0,False
1772741820.860,4664,1.0,82.6,0.2,7.9,0,False
1772741820.971,4665,0.7,82.8,0.2,7.9,0,False
1772741821.081,4666,1.1,83.3,0.3,7.9,0,False
1772741821.190,4667,1.4,81.7,0.2,8.0,0,False
1772741821.304,4668,1.0,83.3,0.2,8.2,0,False
1772741821.422,4669,1.0,83.0,0.2,8.3,0,False
1772741821.548,4670,1.1,85.8,0.2,8.4,0,False
1772741821.685,4671,1.2,82.7,0.2,8.3,0,False
1772741821.818,4672,1.1,85.3,0.3,8.2,0,False
1772741821.966,4673,1.3,86.0,0.3,8.0,0,False
1772741822.115,4674,0.8,85.9,0.2,7.9,0,False
1772741822.273,4675,0.8,85.6,0.2,7.8,0,False
1772741822.379,4676,1.1,84.0,0.2,7.9,0,False
1772741822.489,4677,0.8,87.2,0.3,8.0,0,False
1772741822.594,4678,1.5,86.4,0.2,8.1,0,False
1772741822.689,4679,1.6,83.6,0.2,8.3,0,False
1772741822.783,4680,1.4,83.3,0.2,8.4,0,False
1772741822.880,4681,0.8,84.9,0.2,8.5,0,False
1772741822.975,4682,1.1,83.7,0.2,8.5,0,False
1772741823.068,4683,1.2,82.5,0.2,8.6,0,False
1772741823.163,4684,1.2,82.8,0.2,8.7,0,False
1772741823.256,4685,1.1,83.2,0.3,8.8,0,False
1772741823.347,4686,1.1,82.4,0.2,8.8,0,False
1772741823.448,4687,1.0,91.9,0.3,8.9,0,False
1772741823.546,4688,1.9,89.0,0.3,8.9,0,False
1772741823.639,4689,1.1,83.1,0.2,9.0,0,False
1772741823.731,4690,1.1,83.3,0.2,9.2,0,False
1772741823.824,4691,1.4,83.1,0.2,9.4,0,False
1772741823.926,4692,0.8,85.3,0.3,9.5,0,False
1772741824.026,4693,0.8,84.6,0.2,9.7,0,False
1772741824.121,4694,1.3,82.6,0.2,10.0,0,False
1772741824.221,4695,1.4,84.7,0.4,10.3,0,False
1772741824.318,4696,1.3,81.9,0.2,10.3,0,False
1772741824.420,4697,1.0,88.4,0.2,10.4,0,False
1772741824.523,4698,0.8,84.4,0.3,10.4,0,False
1772741824.626,4699,1.0,87.4,0.2,10.3,0,False
1772741824.724,4700,0.9,84.1,0.2,10.3,0,False
1772741824.836,4701,1.7,94.0,0.2,10.2,0,False
1772741824.933,4702,1.1,84.0,0.3,10.2,0,False
1772741825.029,4703,1.5,80.7,0.2,10.2,0,False
1772741825.126,4704,1.5,82.8,0.2,10.2,0,False
1772741825.224,4705,1.0,81.7,0.2,10.2,0,False
1772741825.321,4706,1.0,81.6,0.2,10.1,0,False
1772741825.430,4707,1.0,93.9,0.2,10.1,0,False
1772741825.524,4708,1.1,83.9,0.2,10.1,0,False
1772741825.623,4709,1.1,83.6,0.2,10.1,0,False
1772741825.724,4710,1.4,84.0,0.2,10.0,0,False
1772741825.821,4711,1.6,84.4,0.2,10.0,0,False
1772741825.912,4712,1.1,81.9,0.2,10.1,0,False
1772741826.006,4713,1.1,83.4,0.5,10.1,0,False
1772741826.099,4714,1.1,83.2,0.2,10.1,0,False
1772741826.191,4715,1.1,82.6,0.6,10.2,0,False
1772741826.285,4716,1.0,82.4,0.2,10.2,0,False
1772741826.385,4717,0.8,86.1,0.2,10.2,0,False
1772741826.480,4718,1.1,86.5,0.2,10.2,0,False
1772741826.570,4719,2.3,80.2,0.2,10.3,0,False
1772741826.660,4720,1.1,81.3,0.2,10.3,0,False
1772741826.754,4721,1.1,84.6,0.2,10.4,0,False
1772741826.845,4722,1.1,82.6,0.2,10.5,0,False
1772741826.936,4723,1.5,81.8,0.3,10.5,0,False
1772741827.028,4724,1.1,82.7,0.2,10.5,0,False
1772741827.121,4725,1.1,83.4,0.2,10.5,0,False
1772741827.214,4726,1.0,83.1,0.2,10.6,0,False
1772741827.313,4727,1.1,87.2,0.2,10.6,0,False
1772741827.406,4728,1.1,82.3,0.3,10.6,0,False
1772741827.501,4729,0.8,86.2,0.2,10.7,0,False
1772741827.593,4730,1.1,82.4,0.2,10.7,0,False
1772741827.686,4731,1.5,81.9,0.2,10.7,0,False
1772741827.784,4732,0.8,82.8,0.2,10.7,0,False
1772741827.876,4733,1.1,82.2,0.2,10.7,0,False
1772741827.966,4734,1.5,80.7,0.2,10.7,0,False
1772741828.058,4735,1.1,81.7,0.2,10.7,0,False
1772741828.151,4736,1.1,82.5,0.2,10.7,0,False
1772741828.245,4737,1.5,83.3,0.2,10.8,0,False
1772741828.338,4738,1.1,83.0,0.2,10.8,0,False
1772741828.435,4739,1.0,84.1,0.2,10.7,0,False
1772741828.530,4740,1.1,83.8,0.3,10.7,0,False
1772741828.626,4741,1.2,82.6,0.2,10.7,0,False
1772741828.720,4742,1.1,82.8,0.2,10.7,0,False
1772741828.823,4743,0.8,86.3,0.2,10.6,0,False
1772741828.917,4744,1.5,81.9,0.3,10.6,0,False
1772741829.011,4745,1.1,82.2,0.2,10.6,0,False
1772741829.105,4746,1.1,81.7,0.2,10.6,0,False
1772741829.199,4747,1.1,82.1,0.4,10.6,0,False
1772741829.293,4748,1.1,81.4,0.2,10.6,0,False
1772741829.392,4749,1.1,86.3,0.2,10.6,0,False
1772741829.489,4750,1.1,85.0,0.2,10.6,0,False
1772741829.583,4751,1.0,81.9,0.2,10.5,0,False
1772741829.679,4752,1.1,84.6,0.2,10.5,0,False
1772741829.772,4753,1.1,81.9,0.3,10.5,0,False
1772741829.864,4754,1.5,80.5,0.2,10.5,0,False
1772741829.958,4755,1.1,82.6,0.2,10.5,0,False
1772741830.051,4756,1.2,81.7,0.2,10.5,0,False
1772741830.149,4757,1.1,87.1,0.2,10.5,0,False
1772741830.243,4758,1.2,83.0,0.2,10.5,0,False
1772741830.334,4759,1.5,80.5,0.2,10.5,0,False
1772741830.428,4760,1.5,83.1,0.2,10.5,0,False
1772741830.521,4761,1.5,80.1,0.2,10.6,0,False
1772741830.615,4762,1.5,80.9,0.3,10.6,0,False
1772741830.713,4763,1.1,85.1,0.2,10.6,0,False
1772741830.809,4764,1.6,82.8,0.2,10.6,0,False
1772741830.905,4765,1.1,82.6,0.2,10.6,0,False
1772741830.999,4766,1.1,81.7,0.2,10.6,0,False
1772741831.099,4767,1.1,88.6,0.2,10.5,0,False
1772741831.192,4768,1.2,82.1,0.3,10.5,0,False
1772741831.287,4769,1.4,83.6,0.2,10.6,0,False
1772741831.378,4770,1.2,81.4,0.2,10.6,0,False
1772741831.475,4771,1.5,84.6,0.2,10.6,0,False
1772741831.565,4772,1.6,80.4,0.2,10.6,0,False
1772741831.658,4773,1.5,82.7,0.2,10.6,0,False
1772741831.761,4774,1.2,92.0,0.3,10.5,0,False
1772741831.852,4775,1.1,81.0,0.2,10.6,0,False
1772741831.945,4776,1.1,82.0,0.2,10.6,0,False
1772741832.035,4777,1.5,80.5,0.2,10.6,0,False
1772741832.126,4778,1.5,80.6,0.2,10.6,0,False
1772741832.218,4779,1.2,80.7,0.2,10.6,0,False
1772741832.311,4780,1.1,82.2,0.2,10.6,0,False
1772741832.406,4781,1.4,82.9,0.3,10.6,0,False
1772741832.499,4782,0.8,83.9,0.2,10.6,0,False
1772741832.590,4783,1.5,80.4,0.2,10.7,0,False
1772741832.683,4784,1.2,82.4,0.2,10.7,0,False
1772741832.775,4785,2.3,81.1,0.2,10.7,0,False
1772741832.865,4786,1.6,79.8,0.2,10.7,0,False
1772741832.959,4787,1.6,84.0,0.3,10.8,0,False
1772741833.051,4788,1.1,81.8,0.2,10.8,0,False
1772741833.143,4789,1.8,81.8,0.2,10.8,0,False
1772741833.234,4790,1.5,80.5,0.2,10.8,0,False
1772741833.321,4791,1.5,77.5,0.2,10.8,0,False
1772741833.629,4792,0.8,80.6,0.2,9.7,0,False
1772741833.738,4793,1.0,98.2,0.2,9.6,0,False
1772741833.843,4794,1.2,92.9,0.3,9.6,0,False
1772741833.942,4795,1.2,87.4,0.2,9.6,0,False
1772741834.037,4796,1.5,82.4,0.2,9.6,0,False
1772741834.132,4797,1.2,82.1,0.2,9.5,0,False
1772741834.227,4798,1.1,82.1,0.2,9.5,0,False
1772741834.320,4799,1.1,81.1,0.2,9.5,0,False
1772741834.417,4800,1.3,84.2,0.2,9.5,0,False
1772741834.513,4801,1.2,84.4,0.2,9.5,0,False
1772741834.606,4802,1.3,81.9,0.2,9.5,0,False
1772741834.703,4803,1.2,85.5,0.2,9.5,0,False
1772741834.795,4804,1.3,80.8,0.2,9.5,0,False
1772741834.889,4805,1.1,83.1,0.2,9.5,0,False
1772741834.985,4806,1.2,84.6,0.3,9.4,0,False
1772741835.080,4807,1.0,81.8,0.2,9.4,0,False
1772741835.176,4808,1.2,83.0,0.2,9.4,0,False
1772741835.268,4809,1.1,81.5,0.3,9.4,0,False
1772741835.362,4810,1.2,82.5,0.2,9.4,0,False
1772741835.455,4811,1.2,82.9,0.2,9.4,0,False
1772741835.555,4812,1.6,80.2,0.2,10.4,0,False
1772741835.659,4813,1.1,82.2,0.2,10.4,0,False
1772741835.752,4814,1.2,81.3,0.2,10.5,0,False
1772741835.849,4815,1.2,82.4,0.3,10.5,0,False
1772741835.943,4816,1.2,81.9,0.2,10.5,0,False
1772741836.043,4817,1.2,82.2,0.2,10.5,0,False
1772741836.142,4818,1.1,81.6,0.2,10.4,0,False
1772741836.246,4819,0.8,84.2,0.2,10.4,0,False
1772741836.345,4820,1.2,85.8,0.2,10.4,0,False
1772741836.451,4821,1.0,91.6,0.2,10.3,0,False
1772741836.552,4822,0.8,84.7,0.3,10.3,0,False
1772741836.652,4823,0.8,83.4,0.2,10.3,0,False
1772741836.748,4824,1.5,83.3,0.2,10.2,0,False
1772741836.845,4825,1.2,82.7,0.2,10.2,0,False
1772741836.939,4826,1.1,82.0,0.2,10.2,0,False
1772741837.043,4827,1.5,84.5,0.2,10.2,0,False
1772741837.137,4828,1.2,84.2,0.3,10.2,0,False
1772741837.229,4829,1.2,82.4,0.2,10.2,0,False
1772741837.316,4830,1.5,80.2,0.2,10.2,0,False
1772741837.412,4831,1.2,86.0,0.2,10.2,0,False
1772741837.502,4832,1.5,82.0,0.2,10.3,0,False
1772741837.594,4833,1.1,83.7,0.2,10.3,0,False
1772741837.684,4834,1.1,81.0,0.2,10.4,0,False
1772741837.772,4835,1.2,79.8,0.2,10.4,0,False
1772741837.863,4836,1.0,81.6,0.2,10.4,0,False
1772741837.953,4837,1.1,81.7,0.2,10.5,0,False
1772741838.043,4838,1.8,81.9,0.2,10.5,0,False
1772741838.131,4839,1.5,79.9,0.2,10.6,0,False
1772741838.222,4840,1.1,82.6,0.3,10.7,0,False
1772741838.312,4841,1.1,81.4,0.2,10.8,0,False
1772741838.407,4842,1.1,85.3,0.3,10.8,0,False
1772741838.498,4843,0.8,84.4,0.2,10.8,0,False
1772741838.589,4844,1.2,82.7,0.2,10.9,0,False
1772741838.680,4845,1.0,81.3,0.2,10.9,0,False
1772741838.771,4846,1.2,82.9,0.2,10.9,0,False
1772741838.863,4847,1.3,82.5,0.2,11.0,0,False
1772741838.951,4848,1.6,80.4,0.2,11.0,0,False
1772741839.047,4849,1.1,87.4,0.2,11.0,0,False
1772741839.138,4850,1.6,83.4,0.2,11.0,0,False
1772741839.236,4851,1.5,90.2,0.2,11.0,0,False
1772741839.343,4852,1.1,98.0,0.2,10.9,0,False
1772741839.435,4853,1.5,84.5,0.2,10.9,0,False
1772741839.535,4854,1.1,91.8,0.2,10.8,0,False
1772741839.630,4855,1.2,86.0,0.3,10.8,0,False
1772741839.723,4856,1.5,83.8,0.2,10.8,0,False
1772741839.812,4857,1.5,81.3,0.2,10.8,0,False
1772741839.915,4858,1.9,92.9,0.2,10.7,0,False
1772741840.006,4859,0.8,82.9,0.2,10.7,0,False
1772741840.094,4860,1.5,79.8,0.2,10.7,0,False
1772741840.185,4861,1.5,82.5,0.2,10.7,0,False
1772741840.277,4862,1.5,81.9,0.2,10.7,0,False
1772741840.367,4863,1.1,81.3,0.2,10.7,0,False
1772741840.459,4864,1.5,83.8,0.2,10.7,0,False
1772741840.548,4865,1.2,80.0,0.2,10.7,0,False
1772741840.636,4866,1.5,79.8,0.2,10.7,0,False
1772741840.726,4867,1.1,81.6,0.2,10.7,0,False
1772741840.814,4868,1.2,79.8,0.2,10.7,0,False
1772741840.903,4869,1.9,80.5,0.2,10.8,0,False
1772741840.993,4870,1.1,82.0,0.2,10.8,0,False
1772741841.084,4871,1.1,82.2,0.2,10.8,0,False
1772741841.173,4872,1.2,81.1,0.2,10.9,0,False
1772741841.266,4873,1.2,83.5,0.3,10.9,0,False
1772741841.356,4874,1.2,81.4,0.2,11.0,0,False
1772741841.448,4875,1.1,83.0,0.2,11.0,0,False
1772741841.537,4876,2.1,80.5,0.2,11.0,0,False
1772741841.625,4877,1.4,80.8,0.2,11.0,0,False
1772741841.713,4878,1.5,80.2,0.2,11.1,0,False
1772741841.804,4879,1.1,82.0,0.2,11.1,0,False
1772741841.893,4880,1.5,81.1,0.2,11.1,0,False
1772741841.982,4881,2.1,80.7,0.2,11.1,0,False
1772741842.073,4882,1.1,81.9,0.2,11.1,0,False
1772741842.165,4883,1.2,83.9,0.2,11.1,0,False
1772741842.257,4884,1.2,82.9,0.2,11.1,0,False
1772741842.350,4885,1.2,84.4,0.2,11.1,0,False
1772741842.443,4886,1.2,84.2,0.2,11.1,0,False
1772741842.532,4887,1.5,81.6,0.2,11.1,0,False
1772741842.623,4888,1.1,82.4,0.2,11.1,0,False
1772741842.715,4889,1.2,82.8,0.3,11.0,0,False
1772741842.805,4890,1.2,82.0,0.2,11.0,0,False
1772741842.899,4891,1.0,83.2,0.2,11.0,0,False
1772741842.990,4892,1.2,82.4,0.2,11.0,0,False
1772741843.081,4893,1.2,82.8,0.2,11.0,0,False
1772741843.174,4894,1.1,82.4,0.2,11.0,0,False
1772741843.265,4895,1.1,82.7,0.2,11.0,0,False
1772741843.357,4896,1.3,82.7,0.2,11.0,0,False
1772741843.449,4897,1.2,83.2,0.2,11.0,0,False
1772741843.542,4898,1.3,83.6,0.2,10.9,1,False
1772741843.633,4899,1.1,82.1,0.2,10.9,0,False
1772741843.724,4900,1.1,81.7,0.2,10.9,0,False
1772741843.813,4901,1.5,80.3,0.2,10.9,0,False
1772741843.918,4902,1.5,80.7,0.2,10.8,0,False
1772741844.021,4903,1.0,82.2,0.2,10.8,0,False
1772741844.121,4904,1.2,82.2,0.2,10.7,0,False
1772741844.214,4905,1.1,82.1,0.2,10.7,0,False
1772741844.307,4906,1.2,82.9,0.2,10.7,0,False
1772741844.400,4907,1.1,82.1,0.2,10.7,0,False
1772741844.493,4908,1.0,82.6,0.2,10.7,0,False
1772741844.587,4909,1.5,81.8,0.2,10.7,0,False
1772741844.685,4910,1.2,86.9,0.3,10.6,0,False
1772741844.780,4911,1.2,83.4,0.2,10.6,0,False
1772741844.878,4912,1.2,87.0,0.2,10.6,0,False
1772741844.973,4913,1.2,84.6,0.2,10.6,0,False
1772741845.069,4914,1.1,84.0,0.2,10.6,0,False
1772741845.167,4915,1.1,85.7,0.2,10.5,0,False
1772741845.263,4916,1.1,84.1,0.3,10.5,0,False
1772741845.359,4917,1.2,84.6,0.2,10.5,0,False
1772741845.457,4918,1.4,85.1,0.2,10.4,0,False
1772741845.556,4919,1.8,82.5,0.2,10.4,0,False
1772741845.654,4920,0.9,82.9,0.2,10.4,0,False
1772741845.758,4921,1.5,82.0,0.2,10.3,0,False
1772741845.853,4922,1.4,82.4,0.2,10.3,0,False
1772741845.950,4923,1.1,82.9,0.2,10.4,0,False
1772741846.049,4924,1.1,83.5,0.3,10.4,0,False
1772741846.146,4925,1.4,83.3,0.3,10.4,0,False
1772741846.265,4926,0.8,99.4,0.2,10.2,0,False
1772741846.364,4927,1.1,86.0,0.2,10.2,0,False
1772741846.464,4928,1.1,84.6,0.2,10.1,0,False
1772741846.561,4929,1.4,82.5,0.2,10.1,0,False
1772741846.656,4930,1.1,82.5,0.3,10.1,0,False
1772741846.749,4931,1.2,82.1,0.2,10.2,0,False
1772741846.843,4932,1.1,83.1,0.2,10.2,0,False
1772741846.933,4933,1.5,80.2,0.2,10.2,0,False
1772741847.027,4934,1.3,83.3,0.4,10.2,0,False
1772741847.119,4935,1.2,81.2,0.2,10.2,0,False
1772741847.214,4936,1.2,84.3,0.3,10.3,0,False
1772741847.307,4937,1.2,82.1,0.2,10.3,0,False
1772741847.402,4938,1.2,83.4,0.2,10.3,0,False
1772741847.502,4939,0.8,89.0,0.2,10.3,0,False
1772741847.600,4940,1.8,83.1,0.2,10.3,0,False
1772741847.697,4941,1.1,84.7,0.4,10.3,0,False
1772741847.791,4942,1.2,83.1,0.2,10.3,0,False
1772741847.895,4943,1.5,85.0,0.2,10.3,0,False
1772741847.990,4944,1.1,83.6,0.2,10.3,0,False
1772741848.084,4945,1.1,82.7,0.2,10.3,0,False
1772741848.180,4946,1.1,84.5,0.2,10.4,0,False
1772741848.275,4947,1.1,83.8,0.2,10.5,0,False
1772741848.371,4948,1.1,84.8,0.2,10.5,0,False
1772741848.468,4949,1.1,84.6,0.2,10.5,0,False
1772741848.564,4950,1.3,84.0,0.2,10.5,0,False
1772741848.660,4951,1.5,83.5,0.3,10.5,0,False
1772741848.755,4952,1.4,82.6,0.2,10.5,0,False
1772741848.852,4953,1.1,84.5,0.2,10.4,0,False
1772741848.947,4954,1.2,83.3,0.2,10.4,0,False
1772741849.044,4955,1.1,83.8,0.2,10.4,0,False
1772741849.140,4956,1.1,83.8,0.3,10.4,0,False
1772741849.235,4957,1.1,82.8,0.2,10.4,0,False
1772741849.327,4958,1.1,80.3,0.2,10.4,0,False
1772741849.641,4959,0.9,84.3,0.2,9.4,0,False
1772741849.736,4960,1.3,82.8,0.2,9.4,0,False
1772741849.831,4961,1.2,83.1,0.2,9.4,0,False
1772741849.923,4962,1.6,80.4,0.3,9.4,0,False
1772741850.019,4963,1.2,83.5,0.2,9.4,0,False
1772741850.114,4964,1.2,82.8,0.3,9.4,0,False
1772741850.209,4965,1.2,83.8,0.2,9.4,0,False
1772741850.305,4966,1.4,83.2,0.2,9.4,0,False
1772741850.399,4967,1.6,81.4,0.2,9.4,0,False
1772741850.496,4968,2.2,83.7,0.2,9.4,0,False
1772741850.593,4969,1.2,83.7,0.3,9.4,0,False
1772741850.694,4970,1.1,88.3,0.2,9.4,0,False
1772741850.798,4971,1.6,90.8,0.3,9.4,0,False
1772741850.894,4972,0.8,83.9,0.2,9.3,0,False
1772741850.989,4973,1.2,81.3,0.2,9.4,0,False
1772741851.083,4974,1.4,80.7,0.2,9.4,0,False
1772741851.175,4975,1.5,80.0,0.2,9.4,0,False
1772741851.271,4976,1.1,82.4,0.3,9.4,0,False
1772741851.366,4977,1.0,82.4,0.2,9.4,0,False
1772741851.480,4978,0.8,93.5,0.2,9.3,0,False
1772741851.580,4979,1.2,87.9,0.2,10.3,0,False
1772741851.678,4980,1.1,86.0,0.2,10.3,0,False
1772741851.775,4981,1.0,81.0,0.2,10.3,0,False
1772741851.871,4982,1.3,82.2,0.2,10.3,0,False
1772741851.964,4983,1.1,81.6,0.2,10.3,0,False
1772741852.062,4984,1.1,81.8,0.2,10.3,0,False
1772741852.161,4985,1.1,83.1,0.3,10.2,0,False
1772741852.263,4986,1.1,81.9,0.2,10.2,0,False
1772741852.354,4987,1.1,80.7,0.2,10.2,0,False
1772741852.448,4988,1.1,84.1,0.3,10.2,0,False
1772741852.538,4989,1.1,81.2,0.2,10.3,0,False
1772741852.636,4990,1.1,89.0,0.2,10.3,0,False
1772741852.727,4991,1.1,81.8,0.2,10.4,0,False
1772741852.819,4992,1.1,81.8,0.3,10.4,0,False
1772741852.911,4993,1.1,81.5,0.2,10.4,0,False
1772741853.003,4994,1.1,81.6,0.2,10.4,0,False
1772741853.097,4995,1.1,80.8,0.2,10.4,0,False
1772741853.192,4996,1.0,82.9,0.3,10.4,0,False
1772741853.290,4997,1.1,83.3,0.2,10.4,0,False
1772741853.392,4998,1.1,83.5,0.2,10.5,0,False
1772741853.492,4999,1.1,80.3,0.2,10.5,0,False
1772741853.594,5000,1.5,80.2,0.2,10.4,0,False
1772741853.695,5001,1.3,82.6,0.2,10.4,0,False
1772741853.792,5002,1.1,83.2,0.2,10.4,0,False
1772741853.887,5003,1.1,82.0,0.2,10.4,0,False
1772741853.981,5004,1.3,82.1,0.2,10.4,0,False
1772741854.077,5005,1.1,85.3,0.2,10.4,0,False
1772741854.171,5006,1.2,83.0,0.2,10.5,0,False
1772741854.263,5007,1.2,82.0,0.2,10.5,0,False
1772741854.353,5008,1.6,80.9,0.2,10.5,0,False
1772741854.447,5009,1.1,83.7,0.2,10.5,0,False
1772741854.541,5010,1.2,82.4,0.2,10.5,0,False
1772741854.644,5011,1.5,92.5,0.3,10.4,0,False
1772741854.747,5012,1.1,90.2,0.2,10.4,0,False
1772741854.842,5013,1.2,82.4,0.2,10.4,0,False
1772741854.936,5014,1.2,81.2,0.2,10.3,0,False
1772741855.030,5015,1.2,82.2,0.2,10.3,0,False
1772741855.127,5016,1.2,83.1,0.6,10.3,0,False
1772741855.227,5017,1.1,81.3,0.2,10.3,0,False
1772741855.339,5018,1.5,91.2,0.2,10.3,0,False
1772741855.447,5019,1.3,87.7,0.2,10.2,0,False
1772741855.549,5020,1.1,81.7,0.2,10.2,0,False
1772741855.643,5021,1.1,82.7,0.3,10.3,0,False
1772741855.733,5022,1.1,80.7,0.2,10.3,0,False
1772741855.824,5023,1.1,82.4,0.2,10.3,0,False
1772741855.916,5024,1.1,81.7,0.2,10.3,0,False
1772741856.007,5025,1.2,82.2,0.2,10.4,0,False
1772741856.100,5026,1.4,82.3,0.2,10.4,0,False
1772741856.192,5027,1.2,82.9,0.2,10.4,0,False
1772741856.285,5028,1.2,82.1,0.2,10.4,0,False
1772741856.392,5029,1.1,96.6,0.3,10.3,0,False
1772741856.484,5030,1.6,83.0,0.2,10.3,0,False
1772741856.579,5031,1.2,84.6,0.2,10.3,0,False
1772741856.672,5032,1.2,82.8,0.2,10.4,0,False
1772741856.767,5033,1.2,83.6,0.2,10.4,0,False
1772741856.865,5034,1.1,86.5,0.2,10.4,0,False
1772741856.960,5035,1.1,83.0,0.2,10.4,0,False
1772741857.055,5036,1.0,83.5,0.4,10.4,0,False
1772741857.165,5037,1.1,94.6,0.3,10.3,0,False
1772741857.260,5038,1.2,84.0,0.2,10.4,0,False
1772741857.356,5039,1.0,85.2,0.2,10.5,0,False
1772741857.450,5040,1.1,83.9,0.2,10.5,0,False
1772741857.546,5041,1.3,82.9,0.2,10.5,0,False
1772741857.640,5042,1.2,81.8,0.2,10.5,0,False
1772741857.735,5043,1.0,82.4,0.2,10.5,0,False
1772741857.829,5044,0.8,82.0,0.2,10.5,0,False
1772741857.923,5045,0.9,82.1,0.2,10.4,0,False
1772741858.017,5046,1.0,81.4,0.2,10.4,0,False
1772741858.118,5047,0.8,84.7,0.2,10.4,0,False
1772741858.214,5048,1.5,83.6,0.2,10.4,0,False
1772741858.305,5049,1.5,80.4,0.2,10.5,0,False
1772741858.399,5050,1.4,82.9,0.2,10.4,0,False
1772741858.492,5051,1.5,82.0,0.2,10.5,0,False
1772741858.587,5052,1.4,81.7,0.2,10.4,0,False
1772741858.682,5053,1.1,82.3,0.2,10.4,0,False
1772741858.777,5054,1.0,82.4,0.2,10.5,0,False
1772741858.872,5055,1.1,82.5,0.2,10.5,0,False
1772741858.964,5056,1.6,80.4,0.2,10.5,0,False
1772741859.059,5057,1.1,82.6,0.3,10.6,0,False
1772741859.161,5058,0.8,84.6,0.2,10.5,0,False
1772741859.264,5059,0.8,85.5,0.2,10.5,0,False
1772741859.356,5060,1.5,80.1,0.3,10.5,0,False
1772741859.453,5061,1.1,84.1,0.2,10.5,0,False
1772741859.548,5062,1.2,83.6,0.2,10.5,0,False
1772741859.668,5063,1.1,106.7,0.2,10.3,0,False
1772741859.763,5064,1.0,82.7,0.2,10.3,0,False
1772741859.858,5065,1.1,81.8,0.2,10.3,0,False
1772741859.953,5066,1.2,82.6,0.3,10.3,0,False
1772741860.047,5067,1.1,82.0,0.2,10.4,0,False
1772741860.143,5068,1.2,84.0,0.2,10.4,0,False
1772741860.237,5069,1.1,82.0,0.2,10.4,0,False
1772741860.344,5070,0.8,89.2,0.2,10.3,0,False
1772741860.462,5071,0.9,99.9,0.2,10.2,0,False
1772741860.558,5072,1.1,82.5,0.2,10.1,0,False
1772741860.653,5073,1.3,82.0,0.2,10.1,0,False
1772741860.747,5074,1.2,81.5,0.2,10.2,0,False
1772741860.840,5075,1.5,80.2,0.2,10.2,0,False
1772741860.933,5076,1.2,81.7,0.3,10.2,0,False
1772741861.031,5077,1.1,84.9,0.4,10.1,0,False
1772741861.123,5078,1.6,80.4,0.2,10.2,0,False
1772741861.216,5079,1.5,81.4,0.7,10.2,0,False
1772741861.310,5080,1.1,82.0,0.2,10.2,0,False
1772741861.408,5081,1.2,85.2,0.4,10.2,0,False
1772741861.502,5082,0.8,83.8,0.2,10.2,0,False
1772741861.598,5083,1.0,82.2,0.2,10.4,0,False
1772741861.693,5084,1.0,83.0,0.2,10.4,0,False
1772741861.797,5085,0.8,85.7,0.2,10.3,0,False
1772741861.905,5086,0.8,89.0,0.2,10.2,0,False
1772741862.002,5087,1.1,84.6,0.2,10.2,0,False
1772741862.096,5088,1.1,82.0,0.2,10.2,0,False
1772741862.199,5089,2.1,89.6,0.3,10.2,0,False
1772741862.298,5090,0.8,85.8,0.2,10.2,0,False
1772741862.395,5091,1.1,84.5,0.2,10.3,0,False
1772741862.492,5092,2.0,83.4,0.2,10.3,0,False
1772741862.587,5093,1.1,82.6,0.2,10.3,0,False
1772741862.683,5094,1.1,82.8,0.2,10.3,0,False
1772741862.777,5095,1.5,82.4,0.2,10.3,0,False
1772741862.871,5096,1.5,81.2,0.2,10.3,0,False
1772741862.968,5097,1.1,84.8,0.2,10.3,0,False
1772741863.064,5098,1.1,83.4,0.2,10.3,0,False
1772741863.159,5099,1.5,81.8,0.3,10.3,0,False
1772741863.254,5100,1.3,82.1,0.3,10.3,0,False
1772741863.358,5101,1.4,83.3,0.3,10.3,0,False
1772741863.457,5102,2.2,85.0,0.2,10.2,0,False
1772741863.554,5103,1.0,84.2,0.4,10.2,0,False
1772741863.650,5104,1.5,83.5,0.3,10.2,0,False
1772741863.748,5105,1.1,84.4,0.2,10.3,0,False
1772741863.844,5106,1.0,83.4,0.2,10.3,0,False
1772741863.941,5107,0.9,83.5,0.2,10.3,0,False
1772741864.038,5108,1.0,83.5,0.3,10.3,0,False
1772741864.140,5109,1.6,83.3,0.2,10.3,0,False
1772741864.242,5110,1.5,82.9,0.2,10.3,0,False
1772741864.339,5111,1.1,84.2,0.2,10.3,0,False
1772741864.438,5112,1.1,86.0,0.3,10.3,0,False
1772741864.535,5113,1.0,83.3,0.2,10.3,0,False
1772741864.636,5114,1.1,88.7,0.2,10.2,0,False
1772741864.733,5115,1.0,83.3,0.2,10.2,0,False
1772741864.831,5116,1.9,83.5,0.2,10.2,0,False
1772741864.928,5117,1.1,83.8,0.4,10.2,0,False
1772741865.022,5118,1.6,81.1,0.3,10.2,0,False
1772741865.117,5119,1.5,82.1,0.5,10.2,0,False
1772741865.212,5120,1.1,83.1,0.2,10.2,0,False
1772741865.304,5121,1.5,79.6,0.2,10.3,0,False
1772741865.397,5122,1.1,80.6,0.2,10.3,0,False
1772741865.645,5123,0.8,81.4,0.2,9.6,0,False
1772741865.743,5124,1.0,84.3,0.2,9.6,0,False
1772741865.838,5125,1.2,81.9,0.3,9.6,0,False
1772741865.937,5126,1.0,84.4,0.2,9.6,0,False
1772741866.041,5127,0.8,85.4,0.2,9.5,0,False
1772741866.145,5128,1.2,84.7,0.3,9.5,0,False
1772741866.246,5129,1.8,86.8,0.2,9.5,0,False
1772741866.346,5130,1.2,86.7,0.2,9.5,0,False
1772741866.448,5131,1.0,86.9,0.2,9.5,0,False
1772741866.544,5132,1.1,82.3,0.2,9.5,0,False
1772741866.637,5133,1.5,80.8,0.3,9.5,0,False
1772741866.732,5134,1.1,82.3,0.2,9.5,0,False
1772741866.829,5135,1.1,83.8,0.2,9.5,0,False
1772741866.925,5136,1.2,82.0,0.2,9.6,0,False
1772741867.021,5137,1.4,81.6,0.2,9.6,0,False
1772741867.115,5138,1.5,80.6,0.2,9.6,0,False
1772741867.210,5139,1.1,82.3,0.3,9.6,0,False
1772741867.303,5140,1.5,80.2,0.2,9.6,0,False
1772741867.398,5141,1.1,81.9,0.3,9.6,0,False
1772741867.495,5142,1.2,83.7,0.2,9.5,0,False
1772741867.600,5143,0.8,85.5,0.3,10.2,0,False
1772741867.710,5144,0.8,92.3,0.2,10.2,0,False
1772741867.805,5145,1.1,81.3,0.2,10.2,0,False
1772741867.898,5146,1.5,80.1,0.2,10.2,0,False
1772741867.992,5147,1.1,81.5,0.2,10.3,0,False
1772741868.088,5148,1.5,83.1,0.3,10.3,0,False
1772741868.182,5149,1.5,80.9,0.2,10.3,0,False
1772741868.276,5150,1.5,81.7,0.2,10.4,0,False
1772741868.369,5151,1.5,80.6,0.2,10.4,0,False
1772741868.470,5152,1.4,87.5,0.2,10.4,0,False
1772741868.563,5153,1.5,80.2,0.3,10.4,0,False
1772741868.658,5154,1.1,81.6,0.2,10.4,0,False
1772741868.754,5155,1.1,81.7,0.3,10.4,0,False
1772741868.849,5156,1.1,81.9,0.2,10.4,0,False
1772741868.954,5157,1.1,91.5,0.2,10.3,0,False
1772741869.049,5158,1.1,81.6,0.2,10.3,0,False
1772741869.144,5159,1.2,81.5,0.2,10.3,0,False
1772741869.241,5160,1.2,82.6,0.2,10.3,0,False
1772741869.340,5161,1.1,83.4,0.2,10.3,0,False
1772741869.439,5162,1.1,84.1,0.2,10.3,0,False
1772741869.537,5163,1.1,83.0,0.3,10.3,0,False
1772741869.638,5164,1.1,85.1,0.2,10.4,0,False
1772741869.736,5165,1.1,82.4,0.2,10.4,0,False
1772741869.833,5166,1.1,82.3,0.2,10.3,0,False
1772741869.930,5167,1.1,81.7,0.2,10.3,0,False
1772741870.028,5168,1.5,82.4,0.2,10.3,0,False
1772741870.125,5169,1.1,81.8,0.2,10.3,0,False
1772741870.222,5170,1.1,81.8,0.2,10.3,0,False
1772741870.320,5171,1.1,83.7,0.3,10.3,0,False
1772741870.420,5172,1.2,83.6,0.2,10.3,0,False
1772741870.517,5173,1.5,80.0,0.2,10.2,0,False
1772741870.617,5174,1.2,83.6,0.3,10.2,0,False
1772741870.721,5175,1.1,88.8,0.3,10.2,0,False
1772741870.818,5176,1.1,81.9,0.2,10.2,0,False
1772741870.915,5177,1.2,81.9,0.2,10.2,0,False
1772741871.012,5178,1.1,82.1,0.2,10.2,0,False
1772741871.109,5179,1.3,81.8,0.2,10.2,0,False
1772741871.212,5180,0.8,85.0,0.2,10.1,0,False
1772741871.315,5181,0.8,84.1,0.2,10.1,0,False
1772741871.409,5182,1.6,79.9,0.3,10.1,0,False
1772741871.507,5183,0.8,84.4,0.2,10.2,0,False
1772741871.601,5184,1.5,80.6,0.2,10.2,0,False
1772741871.698,5185,1.6,82.6,0.2,10.2,0,False
1772741871.795,5186,1.2,82.9,0.2,10.2,0,False
1772741871.898,5187,0.8,83.6,0.2,10.2,0,False
1772741871.994,5188,1.4,83.3,0.2,10.2,0,False
1772741872.090,5189,1.2,82.0,0.2,10.2,0,False
1772741872.186,5190,1.5,81.9,0.2,10.2,0,False
1772741872.283,5191,1.5,82.9,0.3,10.2,0,False
1772741872.377,5192,1.5,80.2,0.2,10.2,0,False
1772741872.473,5193,1.2,83.8,0.2,10.2,0,False
1772741872.568,5194,1.2,81.4,0.2,10.2,0,False
1772741872.664,5195,1.3,82.6,0.2,10.3,0,False
1772741872.761,5196,1.1,82.9,0.2,10.3,0,False
1772741872.855,5197,1.2,80.9,0.2,10.3,0,False
1772741872.948,5198,1.6,80.3,0.2,10.3,0,False
1772741873.043,5199,1.1,81.8,0.2,10.3,0,False
1772741873.139,5200,1.1,81.9,0.5,10.4,0,False
1772741873.235,5201,1.1,81.8,0.3,10.4,0,False
1772741873.332,5202,1.4,82.8,0.2,10.4,0,False
1772741873.430,5203,1.1,84.2,0.2,10.4,0,False
1772741873.525,5204,1.1,81.4,0.2,10.4,0,False
1772741873.628,5205,0.8,84.7,0.2,10.4,0,False
1772741873.734,5206,0.8,87.2,0.3,10.3,0,False
1772741873.829,5207,1.2,81.9,0.2,10.4,0,False
1772741873.928,5208,1.5,83.8,0.2,10.3,0,False
1772741874.023,5209,1.1,82.2,0.2,10.3,0,False
1772741874.120,5210,1.2,81.9,0.3,10.3,0,False
1772741874.219,5211,1.2,87.0,0.2,10.3,0,False
1772741874.314,5212,1.2,82.2,0.2,10.3,0,False
1772741874.412,5213,1.6,84.0,0.3,10.3,0,False
1772741874.513,5214,1.6,81.6,0.2,10.3,0,False
1772741874.611,5215,1.2,82.6,0.2,10.3,0,False
1772741874.708,5216,2.4,83.8,0.2,10.3,0,False
1772741874.805,5217,1.2,82.4,0.2,10.3,0,False
1772741874.901,5218,1.1,81.9,0.2,10.2,0,False
1772741874.999,5219,1.2,84.3,0.2,10.2,0,False
1772741875.095,5220,1.0,82.2,0.3,10.2,0,False
1772741875.205,5221,1.3,92.5,0.2,10.2,0,False
1772741875.307,5222,1.5,82.6,0.2,10.1,0,False
1772741875.412,5223,1.0,91.0,0.4,10.1,0,False
1772741875.520,5224,0.8,90.2,0.2,10.0,0,False
1772741875.624,5225,0.8,84.5,0.2,10.0,0,False
1772741875.720,5226,1.1,82.5,0.2,10.1,0,False
1772741875.818,5227,1.1,84.2,0.2,10.1,0,False
1772741875.912,5228,1.5,80.2,0.2,10.1,0,False
1772741876.013,5229,1.1,82.9,0.2,10.1,0,False
1772741876.115,5230,1.2,84.2,0.3,10.0,0,False
1772741876.217,5231,1.2,83.0,0.2,10.0,0,False
1772741876.315,5232,1.2,82.1,0.2,10.0,0,False
1772741876.421,5233,1.0,85.5,0.2,10.0,0,False
1772741876.528,5234,0.7,85.8,0.2,9.9,0,False
1772741876.637,5235,1.3,81.7,0.2,9.9,0,False
1772741876.736,5236,1.0,82.1,0.2,9.9,0,False
1772741876.843,5237,1.1,81.9,0.2,9.8,0,False
1772741876.939,5238,1.3,82.3,0.2,9.8,0,False
1772741877.040,5239,1.0,81.7,0.2,9.8,0,False
1772741877.146,5240,1.5,84.3,0.2,9.7,0,False
1772741877.239,5241,1.0,81.8,0.2,9.8,0,False
1772741877.347,5242,1.5,84.9,0.2,9.8,0,False
1772741877.445,5243,0.8,84.7,0.2,9.8,0,False
1772741877.537,5244,1.1,81.8,0.2,9.9,0,False
1772741877.631,5245,1.1,83.6,0.2,10.0,0,False
1772741877.726,5246,1.1,82.3,0.3,10.0,0,False
1772741877.822,5247,1.1,83.5,0.3,10.0,0,False
1772741877.916,5248,1.1,81.7,0.2,10.0,0,False
1772741878.014,5249,1.1,85.9,0.2,10.0,0,False
1772741878.108,5250,1.1,83.0,0.2,10.0,0,False
1772741878.202,5251,1.3,80.9,0.2,10.1,0,False
1772741878.311,5252,0.8,94.5,0.2,10.0,0,False
1772741878.412,5253,1.1,87.8,0.2,10.0,0,False
1772741878.505,5254,1.6,82.7,0.2,10.1,0,False
1772741878.601,5255,1.1,84.8,0.2,10.2,0,False
1772741878.698,5256,0.8,83.4,0.2,10.2,0,False
1772741878.795,5257,1.0,84.7,0.2,10.2,0,False
1772741878.889,5258,1.1,82.1,0.2,10.3,0,False
1772741878.981,5259,1.1,81.6,0.2,10.3,0,False
1772741879.081,5260,0.8,85.8,0.2,10.3,0,False
1772741879.173,5261,1.4,82.4,0.2,10.3,0,False
1772741879.286,5262,2.1,94.7,0.2,10.3,0,False
1772741879.388,5263,1.2,92.0,0.2,10.3,0,False
1772741879.484,5264,1.2,83.6,0.2,10.3,1,True
1772741879.576,5265,1.2,81.9,0.2,10.3,0,True
1772741879.671,5266,1.1,83.7,0.2,10.3,0,True
1772741879.763,5267,1.3,81.5,0.2,10.3,0,True
1772741879.853,5268,1.6,80.1,0.2,10.3,0,True
1772741879.943,5269,1.5,80.5,0.3,10.4,0,True
1772741880.048,5270,1.2,94.9,0.2,10.3,0,True
1772741880.155,5271,1.2,96.5,0.2,10.2,0,True
1772741880.245,5272,1.6,80.2,0.2,10.3,0,True
1772741880.337,5273,1.2,82.1,0.2,10.4,0,True
1772741880.431,5274,1.1,83.5,0.2,10.4,0,True
1772741880.524,5275,1.1,82.8,0.3,10.4,0,True
1772741880.624,5276,1.3,83.8,0.2,10.4,0,True
1772741880.719,5277,1.2,84.4,0.2,10.4,0,True
1772741880.811,5278,1.2,81.8,0.2,10.4,0,True
1772741880.905,5279,1.4,83.2,0.2,10.4,0,True
1772741880.998,5280,1.2,81.7,0.2,10.4,0,True
1772741881.094,5281,1.4,84.3,0.2,10.4,0,True
1772741881.184,5282,1.5,80.9,0.2,10.5,0,True
1772741881.273,5283,1.9,79.6,0.2,10.6,0,True
1772741881.361,5284,1.5,78.5,0.2,10.7,0,True
1772741881.648,5285,0.8,80.8,0.2,9.7,0,True
1772741881.743,5286,1.2,85.2,0.2,9.7,0,True
1772741881.834,5287,2.3,80.5,0.2,9.7,0,True
1772741881.927,5288,1.1,82.3,0.2,9.6,0,True
1772741882.018,5289,1.9,80.8,0.2,9.6,0,True
1772741882.110,5290,1.1,82.1,0.2,9.7,0,True
1772741882.204,5291,1.1,83.5,0.3,9.8,0,True
1772741882.296,5292,1.5,80.8,0.2,9.8,1,True
1772741882.389,5293,1.1,83.4,0.2,9.7,0,True
1772741882.483,5294,1.1,83.5,0.2,9.7,0,True
1772741882.575,5295,1.4,81.8,0.2,9.8,0,True
1772741882.667,5296,1.1,82.0,0.2,9.8,0,True
1772741882.772,5297,1.1,94.0,0.2,9.7,0,True
1772741882.868,5298,1.1,84.4,0.2,9.7,0,True
1772741882.965,5299,1.1,83.2,0.2,9.7,0,True
1772741883.062,5300,1.2,83.2,0.2,9.7,0,True
1772741883.160,5301,1.1,84.0,0.2,9.7,0,True
1772741883.254,5302,1.1,82.4,0.2,9.7,0,True
1772741883.352,5303,1.2,84.8,0.3,9.6,0,True
1772741883.449,5304,1.2,85.5,0.2,9.6,0,True
1772741883.544,5305,2.0,82.1,0.2,10.6,0,True
1772741883.640,5306,1.2,83.8,0.2,10.5,0,True
1772741883.736,5307,1.3,83.3,0.2,10.5,0,True
1772741883.829,5308,1.5,81.5,0.2,10.5,0,True
1772741883.924,5309,1.2,83.1,0.2,10.5,0,True
1772741884.020,5310,1.1,85.1,0.2,10.5,0,True
1772741884.119,5311,1.2,85.8,0.2,10.4,0,True
1772741884.216,5312,1.3,83.5,0.2,10.4,0,True
1772741884.312,5313,1.2,83.8,0.2,10.4,0,True
1772741884.406,5314,1.5,82.0,0.2,10.4,0,True
1772741884.503,5315,0.8,86.5,0.2,10.4,0,True
1772741884.596,5316,1.6,81.9,0.2,10.4,0,True
1772741884.699,5317,1.1,90.9,0.2,10.4,0,True
1772741884.796,5318,1.3,84.1,0.2,10.4,0,True
1772741884.891,5319,1.2,83.7,0.2,10.4,0,True
1772741884.987,5320,1.1,84.8,0.2,10.4,0,True
1772741885.082,5321,1.2,83.5,0.2,10.4,0,True
1772741885.177,5322,1.5,84.3,0.2,10.4,0,False
1772741885.273,5323,1.1,83.6,0.3,10.4,0,False
1772741885.367,5324,1.6,82.2,0.2,10.4,0,False
1772741885.463,5325,1.1,84.8,0.2,10.4,0,False
1772741885.558,5326,1.2,83.0,0.2,10.4,0,False
1772741885.656,5327,1.2,84.6,0.2,10.4,0,False
1772741885.751,5328,1.2,83.0,0.2,10.4,0,False
1772741885.847,5329,1.2,84.3,0.2,10.4,0,False
1772741885.943,5330,1.1,84.6,0.2,10.4,0,False
1772741886.047,5331,1.1,87.3,0.2,10.4,0,False
1772741886.146,5332,1.2,87.1,0.3,10.4,0,False
1772741886.245,5333,1.2,84.0,0.2,10.3,0,False
1772741886.341,5334,1.1,83.8,0.2,10.3,0,False
1772741886.441,5335,1.2,88.0,0.2,10.3,0,False
1772741886.538,5336,1.3,83.5,0.2,10.3,0,False
1772741886.633,5337,1.5,81.7,0.2,10.3,0,False
1772741886.730,5338,1.3,83.7,0.2,10.3,0,False
1772741886.826,5339,1.2,84.0,0.2,10.3,0,False
1772741886.923,5340,1.2,84.1,0.2,10.3,0,False
1772741887.023,5341,1.5,84.0,0.2,10.3,0,False
1772741887.118,5342,1.4,82.9,0.2,10.3,0,False
1772741887.215,5343,1.3,84.7,0.2,10.3,0,False
1772741887.308,5344,1.6,81.9,0.2,10.3,0,False
1772741887.406,5345,1.1,85.2,0.3,10.3,0,False
1772741887.505,5346,0.8,87.7,0.2,10.3,0,False
1772741887.600,5347,1.2,82.9,0.2,10.3,0,False
1772741887.697,5348,1.2,85.4,0.2,10.3,0,False
1772741887.792,5349,1.2,84.1,0.3,10.3,0,False
1772741887.889,5350,1.2,84.9,0.2,10.3,0,False
1772741887.984,5351,1.2,83.3,0.2,10.3,0,False
1772741888.080,5352,1.3,83.5,0.2,10.3,0,False
1772741888.176,5353,1.1,84.2,0.3,10.4,0,False
1772741888.278,5354,1.1,90.4,0.2,10.3,0,False
1772741888.371,5355,1.6,80.9,0.2,10.4,0,False
1772741888.466,5356,0.9,83.8,0.2,10.4,0,False
1772741888.564,5357,0.8,84.8,0.2,10.4,0,False
1772741888.660,5358,1.2,83.4,0.3,10.4,0,False
1772741888.753,5359,1.1,81.5,0.3,10.4,0,False
1772741888.849,5360,1.1,84.2,0.2,10.4,0,False
1772741888.942,5361,1.1,82.7,0.2,10.4,0,False
1772741889.034,5362,1.6,82.2,0.2,10.4,0,False
1772741889.127,5363,1.1,82.1,0.2,10.5,0,False
1772741889.222,5364,1.1,84.1,0.2,10.5,0,False
1772741889.315,5365,1.1,83.0,0.2,10.5,0,False
1772741889.410,5366,1.6,84.2,0.2,10.5,0,False
1772741889.511,5367,0.8,91.6,0.2,10.5,0,False
1772741889.604,5368,0.8,82.4,0.2,10.5,0,False
1772741889.710,5369,1.1,94.7,0.2,10.4,0,False
1772741889.803,5370,1.2,82.4,0.2,10.4,0,False
1772741889.913,5371,1.6,97.6,0.2,10.4,0,False
1772741890.013,5372,2.1,88.2,0.2,10.4,0,False
1772741890.112,5373,1.0,89.0,0.3,10.3,0,False
1772741890.213,5374,1.1,90.2,0.2,10.3,0,False
1772741890.305,5375,1.6,82.0,0.2,10.3,0,False
1772741890.399,5376,1.1,83.4,0.2,10.3,0,False
1772741890.493,5377,1.5,82.4,0.2,10.4,0,False
1772741890.587,5378,1.1,82.3,0.2,10.4,0,False
1772741890.678,5379,1.5,80.5,0.2,10.4,0,False
1772741890.772,5380,1.1,83.1,0.2,10.4,0,False
1772741890.864,5381,1.5,80.9,0.2,10.4,0,False
1772741890.956,5382,1.5,81.6,0.2,10.4,0,False
1772741891.050,5383,1.2,82.4,0.2,10.4,0,False
1772741891.142,5384,1.6,81.6,0.2,10.4,0,False
1772741891.235,5385,1.1,81.7,0.2,10.4,0,False
1772741891.330,5386,1.2,84.0,0.2,10.4,0,False
1772741891.425,5387,1.5,84.1,0.2,10.4,0,False
1772741891.516,5388,1.6,80.5,0.2,10.5,0,False
1772741891.607,5389,1.5,80.7,0.2,10.5,0,False
1772741891.698,5390,1.6,80.6,0.2,10.6,0,False
1772741891.789,5391,1.5,80.4,0.2,10.7,0,False
1772741891.879,5392,1.5,80.4,0.2,10.7,0,False
1772741891.971,5393,1.9,81.6,0.2,10.8,0,False
1772741892.064,5394,1.1,82.1,0.2,10.8,0,False
1772741892.158,5395,1.3,83.8,0.2,10.8,0,False
1772741892.249,5396,1.5,80.7,0.2,10.8,0,False
1772741892.345,5397,1.1,84.1,0.2,10.8,0,False
1772741892.437,5398,1.5,82.7,0.2,10.8,0,False
1772741892.532,5399,1.5,82.9,0.2,10.8,0,False
1772741892.625,5400,1.2,83.2,0.2,10.8,0,False
1772741892.720,5401,1.0,82.1,0.2,10.8,0,False
1772741892.813,5402,1.1,82.3,0.2,10.8,0,False
1772741892.907,5403,1.1,82.8,0.2,10.8,0,False
1772741893.000,5404,1.2,82.1,0.2,10.8,0,False
1772741893.093,5405,1.2,81.9,0.2,10.8,0,False
1772741893.184,5406,1.5,81.1,0.3,10.8,0,False
1772741893.275,5407,1.5,80.1,0.2,10.8,0,False
1772741893.368,5408,1.2,82.5,0.2,10.8,0,False
1772741893.463,5409,1.1,83.6,0.2,10.8,0,False
1772741893.557,5410,1.2,83.2,0.2,10.8,0,False
1772741893.651,5411,1.2,82.0,0.2,10.7,0,False
1772741893.745,5412,1.2,82.9,0.2,10.7,0,False
1772741893.837,5413,1.2,81.3,0.2,10.7,0,False
1772741893.931,5414,1.2,81.7,0.2,10.7,0,False
1772741894.022,5415,1.5,80.4,0.2,10.7,0,False
1772741894.116,5416,1.1,82.3,0.2,10.7,0,False
1772741894.209,5417,1.2,81.5,0.3,10.7,0,False
1772741894.302,5418,1.7,81.2,0.2,10.7,0,False
1772741894.396,5419,1.2,82.3,0.2,10.7,0,False
1772741894.488,5420,1.9,80.8,0.2,10.7,0,False
1772741894.582,5421,1.2,82.7,0.2,10.7,0,False
1772741894.679,5422,1.2,85.5,0.2,10.7,0,False
1772741894.773,5423,1.3,81.8,0.2,10.7,0,False
1772741894.868,5424,1.2,84.5,0.3,10.7,0,False
1772741894.963,5425,1.1,83.3,0.2,10.7,0,False
1772741895.056,5426,1.5,82.2,0.2,10.7,0,False
1772741895.145,5427,1.5,79.7,0.2,10.7,0,False
1772741895.239,5428,1.2,83.8,0.2,10.7,0,False
1772741895.331,5429,1.1,81.6,0.2,10.7,0,False
1772741895.428,5430,1.2,85.6,0.2,10.7,0,False
1772741895.521,5431,1.4,80.9,0.2,10.7,0,False
1772741895.614,5432,1.7,82.0,0.2,10.7,0,False
1772741895.705,5433,1.5,79.9,0.2,10.7,0,False
1772741895.799,5434,1.2,82.5,0.2,10.7,0,False
1772741895.889,5435,1.5,79.8,0.2,10.7,0,False
1772741895.988,5436,1.1,88.8,0.3,10.7,0,False
1772741896.081,5437,1.2,82.0,0.2,10.7,0,False
1772741896.175,5438,1.3,82.1,0.2,10.7,0,False
1772741896.267,5439,1.2,81.5,0.2,10.7,0,False
1772741896.361,5440,1.4,81.8,0.2,10.7,0,False
1772741896.463,5441,1.2,90.6,0.2,10.6,0,False
1772741896.556,5442,1.3,81.9,0.2,10.7,0,False
1772741896.650,5443,1.3,83.1,0.2,10.7,0,False
1772741896.741,5444,1.5,80.2,0.3,10.7,0,False
1772741896.836,5445,1.2,84.4,0.2,10.7,0,False
1772741896.929,5446,1.2,81.5,0.2,10.7,0,False
1772741897.024,5447,1.5,83.5,0.2,10.6,0,False
1772741897.119,5448,1.2,83.3,0.2,10.6,0,False
1772741897.214,5449,1.3,81.8,0.2,10.6,0,False
1772741897.308,5450,1.2,81.3,0.2,10.6,0,False
1772741897.400,5451,1.2,80.0,0.2,10.6,0,False
1772741897.663,5452,0.9,80.4,0.2,9.8,0,False
1772741897.758,5453,1.0,81.9,0.2,9.7,0,False
1772741897.852,5454,1.2,81.8,0.2,9.7,0,False
1772741897.950,5455,1.2,87.3,0.2,9.7,0,False
1772741898.045,5456,1.6,82.9,0.2,9.7,0,False
1772741898.138,5457,1.4,82.3,0.2,9.7,0,False
1772741898.229,5458,1.3,80.2,0.2,9.7,0,False
1772741898.323,5459,1.5,83.0,0.2,9.7,0,False
1772741898.417,5460,1.1,83.7,0.2,9.7,0,False
1772741898.517,5461,1.0,83.8,0.2,9.7,0,False
1772741898.610,5462,1.2,82.7,0.2,9.7,0,False
1772741898.703,5463,1.1,81.5,0.2,9.7,0,False
1772741898.795,5464,1.6,80.3,0.2,9.7,0,False
1772741898.912,5465,1.1,100.3,0.2,9.6,0,False
1772741899.010,5466,1.2,81.7,0.2,9.6,0,False
1772741899.106,5467,1.6,82.3,0.2,9.6,0,False
1772741899.205,5468,1.3,82.8,0.3,9.6,0,False
1772741899.304,5469,1.2,81.9,0.2,9.6,0,False
1772741899.399,5470,1.2,84.0,0.2,9.6,0,False
1772741899.494,5471,1.1,84.6,0.2,9.6,0,False
1772741899.587,5472,1.7,81.7,0.2,10.4,0,False
1772741899.679,5473,1.5,82.1,0.2,10.4,0,False
1772741899.772,5474,1.4,82.7,0.2,10.4,0,False
1772741899.865,5475,1.2,82.0,0.2,10.4,0,False
1772741899.956,5476,2.0,81.0,0.2,10.5,0,False
1772741900.049,5477,1.1,82.0,0.2,10.5,0,False
1772741900.141,5478,1.6,82.5,0.2,10.5,0,False
1772741900.234,5479,1.2,82.0,0.2,10.5,0,False
1772741900.329,5480,1.1,84.3,0.2,10.5,0,False
1772741900.423,5481,1.2,84.1,0.2,10.5,0,False
1772741900.515,5482,1.8,81.2,0.2,10.5,0,False
1772741900.605,5483,1.5,80.8,0.2,10.5,0,False
1772741900.699,5484,1.1,84.6,0.2,10.5,0,False
1772741900.790,5485,1.5,80.9,0.2,10.7,0,False
1772741900.888,5486,1.1,88.2,0.2,10.6,0,False
1772741900.981,5487,1.2,83.4,0.2,10.7,0,False
1772741901.073,5488,1.8,81.7,0.2,10.7,0,False
1772741901.165,5489,1.5,81.7,0.2,10.7,0,False
1772741901.259,5490,1.2,83.8,0.2,10.8,0,False
1772741901.355,5491,1.4,84.5,0.2,10.7,0,False
1772741901.449,5492,1.6,84.1,0.2,10.7,0,False
1772741901.541,5493,1.5,81.9,0.2,10.7,0,False
1772741901.633,5494,1.6,82.0,0.2,10.8,0,False
1772741901.723,5495,1.5,81.3,0.3,10.8,0,False
1772741901.819,5496,0.9,83.8,0.2,10.7,0,False
1772741901.914,5497,1.2,84.3,0.2,10.7,0,False
1772741902.005,5498,1.6,81.4,0.2,10.7,0,False
1772741902.099,5499,1.2,83.3,0.2,10.7,0,False
1772741902.193,5500,1.3,82.9,0.2,10.7,0,False
1772741902.286,5501,1.2,83.3,0.2,10.7,0,False
1772741902.379,5502,1.2,82.7,0.2,10.7,0,False
1772741902.472,5503,1.5,82.8,0.2,10.7,0,False
1772741902.566,5504,1.1,82.9,0.2,10.7,0,False
1772741902.657,5505,1.5,81.3,0.2,10.7,0,False
1772741902.753,5506,0.9,83.0,0.2,10.7,0,False
1772741902.850,5507,1.1,85.6,0.2,10.7,0,False
1772741902.942,5508,1.6,81.8,0.2,10.7,0,False
1772741903.039,5509,1.1,85.4,0.3,10.7,0,False
1772741903.135,5510,1.1,82.9,0.2,10.7,0,False
1772741903.228,5511,2.1,81.7,0.2,10.7,0,False
1772741903.321,5512,1.5,81.3,0.2,10.7,0,False
1772741903.419,5513,1.0,85.1,0.2,10.6,0,False
1772741903.515,5514,1.1,83.7,0.3,10.6,0,False
1772741903.612,5515,1.1,84.0,0.2,10.6,0,False
1772741903.709,5516,1.2,85.3,0.3,10.6,0,False
1772741903.803,5517,1.5,82.5,0.2,10.6,0,False
1772741903.899,5518,2.0,83.2,0.2,10.6,0,False
1772741903.994,5519,1.2,83.3,0.2,10.5,0,False
1772741904.093,5520,1.2,87.3,0.2,10.5,0,False
1772741904.190,5521,1.0,84.6,0.2,10.5,0,False
1772741904.284,5522,1.2,81.8,0.2,10.5,0,False
1772741904.387,5523,2.3,90.4,0.2,10.4,0,False
1772741904.497,5524,1.1,98.1,0.3,10.4,0,False
1772741904.593,5525,1.2,83.9,0.3,10.3,0,False
1772741904.692,5526,1.2,88.2,0.2,10.3,0,False
1772741904.793,5527,1.7,90.1,0.2,10.3,0,False
1772741904.884,5528,1.2,80.3,0.2,10.3,0,False
1772741904.976,5529,1.5,81.8,0.2,10.3,0,False
1772741905.068,5530,1.2,82.2,0.2,10.3,0,False
1772741905.162,5531,1.2,82.2,0.2,10.3,0,False
1772741905.256,5532,1.2,82.9,0.3,10.3,0,False
1772741905.349,5533,1.2,82.0,0.2,10.4,0,False
1772741905.445,5534,1.2,85.7,0.3,10.4,0,False
1772741905.536,5535,1.2,81.4,0.2,10.4,0,False
1772741905.629,5536,1.2,82.6,0.4,10.4,0,False
1772741905.721,5537,1.2,81.4,0.2,10.4,0,False
1772741905.813,5538,1.2,82.1,0.2,10.4,0,False
1772741905.905,5539,1.2,82.4,0.2,10.5,0,False
1772741905.995,5540,1.6,80.8,0.2,10.5,0,False
1772741906.086,5541,1.2,81.4,0.2,10.5,0,False
1772741906.179,5542,1.2,81.9,0.2,10.6,0,False
1772741906.272,5543,1.5,81.9,0.3,10.6,0,False
1772741906.364,5544,1.3,81.6,0.2,10.7,0,False
1772741906.460,5545,1.4,84.2,0.3,10.7,0,False
1772741906.552,5546,1.2,81.8,0.2,10.7,0,False
1772741906.646,5547,1.1,81.6,0.2,10.8,0,False
1772741906.740,5548,1.2,82.7,0.2,10.8,0,False
1772741906.835,5549,1.5,84.8,0.2,10.8,0,False
1772741906.927,5550,1.1,81.5,0.2,10.8,0,False
1772741907.022,5551,1.2,81.0,0.2,10.8,0,False
1772741907.114,5552,1.3,81.2,0.2,10.8,0,False
1772741907.206,5553,1.2,81.3,0.2,10.8,0,False
1772741907.296,5554,1.6,80.2,0.2,10.8,0,False
1772741907.390,5555,0.9,82.5,0.2,10.8,0,False
1772741907.482,5556,1.6,81.9,0.2,10.8,0,False
1772741907.574,5557,1.5,79.7,0.2,10.8,0,False
1772741907.663,5558,1.2,79.5,0.2,10.8,0,False
1772741907.757,5559,1.0,82.2,0.2,10.8,0,False
1772741907.849,5560,1.2,81.5,0.2,10.8,0,False
1772741907.942,5561,1.4,82.0,0.2,10.8,0,False
1772741908.033,5562,1.1,80.7,0.2,10.8,0,False
1772741908.126,5563,1.5,82.4,0.2,10.8,0,False
1772741908.218,5564,1.6,81.3,0.2,10.8,0,False
1772741908.313,5565,1.2,83.2,0.2,10.8,0,False
1772741908.406,5566,1.1,82.3,0.3,10.8,0,False
1772741908.499,5567,0.8,85.0,0.3,10.8,0,False
1772741908.591,5568,1.2,81.9,0.2,10.8,0,False
1772741908.683,5569,1.8,81.9,0.2,10.8,0,False
1772741908.774,5570,1.6,80.5,0.2,10.8,0,False
1772741908.864,5571,1.5,81.0,0.2,10.9,0,False
1772741908.954,5572,1.5,79.7,0.2,10.9,0,False
1772741909.047,5573,1.1,82.1,0.3,10.9,0,False
1772741909.140,5574,1.1,81.7,0.2,10.9,0,False
1772741909.233,5575,1.0,81.7,0.4,10.9,0,False
1772741909.325,5576,1.2,81.2,0.2,10.9,0,False
1772741909.418,5577,1.5,82.2,0.2,10.8,0,False
1772741909.511,5578,1.2,81.4,0.2,10.8,0,False
1772741909.601,5579,1.5,79.8,0.2,10.8,0,False
1772741909.711,5580,1.5,99.2,0.2,10.7,0,False
1772741909.812,5581,1.3,87.9,0.2,10.7,0,False
1772741909.906,5582,1.2,82.9,0.2,10.7,0,False
1772741909.998,5583,1.2,81.8,0.2,10.7,0,False
1772741910.091,5584,1.2,83.1,0.2,10.7,0,False
1772741910.184,5585,1.1,81.6,0.2,10.7,0,False
1772741910.277,5586,1.2,82.7,0.2,10.7,0,False
1772741910.367,5587,1.5,80.4,0.2,10.7,0,False
1772741910.461,5588,1.5,83.1,0.5,10.7,0,False
1772741910.552,5589,1.2,81.4,0.2,10.7,0,False
1772741910.647,5590,1.1,83.8,0.3,10.7,0,False
1772741910.737,5591,1.5,80.3,0.2,10.7,0,False
1772741910.830,5592,1.1,83.0,0.3,10.7,0,False
1772741910.923,5593,1.2,82.6,0.2,10.7,0,False
1772741911.013,5594,1.6,80.4,0.2,10.7,0,False
1772741911.103,5595,1.5,80.2,0.2,10.7,0,False
1772741911.193,5596,1.6,80.9,0.2,10.7,0,False
1772741911.285,5597,1.6,81.0,0.2,10.7,0,False
1772741911.377,5598,1.3,81.6,0.2,10.7,0,False
1772741911.472,5599,1.9,83.5,0.3,10.7,0,False
1772741911.564,5600,0.8,83.1,0.3,10.8,0,False
1772741911.658,5601,1.7,82.6,0.2,10.8,0,False
1772741911.750,5602,1.1,82.2,0.2,10.8,0,False
1772741911.849,5603,1.8,86.9,0.2,10.8,0,False
1772741911.942,5604,0.9,82.4,0.2,10.8,0,False
1772741912.034,5605,1.2,81.5,0.2,10.8,0,False
1772741912.124,5606,1.6,80.7,0.2,10.8,0,False
1772741912.216,5607,1.0,82.0,0.2,10.8,0,False
1772741912.309,5608,1.1,82.3,0.2,10.8,0,False
1772741912.402,5609,1.7,81.4,0.2,10.8,0,False
1772741912.494,5610,0.8,82.4,0.2,10.8,0,False
1772741912.591,5611,1.5,84.9,0.2,10.8,0,False
1772741912.681,5612,1.6,80.7,0.2,10.8,0,False
1772741912.775,5613,1.3,81.6,0.2,10.8,0,False
1772741912.868,5614,1.1,82.2,0.2,10.8,0,False
1772741912.962,5615,1.3,82.1,0.2,10.8,0,False
1772741913.055,5616,1.2,82.3,0.2,10.7,0,False
1772741913.149,5617,1.1,81.9,0.3,10.7,0,False
1772741913.252,5618,1.1,91.6,0.2,10.7,0,False
1772741913.346,5619,0.8,79.6,0.2,10.7,0,False
1772741913.665,5620,0.8,80.4,0.2,9.5,0,False
1772741913.772,5621,2.3,85.7,0.4,9.5,0,False
1772741913.874,5622,1.5,83.4,0.2,9.4,0,False
1772741913.967,5623,1.2,81.5,0.2,9.4,0,False
1772741914.062,5624,1.2,82.7,0.3,9.4,0,False
1772741914.155,5625,1.2,81.9,0.2,9.4,0,False
1772741914.247,5626,1.6,80.7,0.3,9.4,0,False
1772741914.339,5627,1.6,79.9,0.2,9.4,0,False
1772741914.435,5628,1.2,85.4,0.3,9.4,0,False
1772741914.534,5629,1.2,87.7,0.2,9.4,0,False
1772741914.647,5630,1.3,98.3,0.2,9.3,0,False
1772741914.753,5631,1.9,82.7,0.2,9.3,0,False
1772741914.854,5632,1.2,84.2,0.2,9.2,0,False
1772741914.953,5633,1.2,83.5,0.2,9.2,0,False
1772741915.051,5634,1.2,83.0,0.2,9.2,0,False
1772741915.152,5635,1.1,90.2,0.3,9.1,0,False
1772741915.257,5636,1.2,92.4,0.3,9.1,0,False
1772741915.350,5637,1.2,81.2,0.2,9.1,0,False
1772741915.452,5638,1.4,90.3,0.3,9.1,0,False
1772741915.549,5639,1.2,84.2,0.3,9.1,0,False
1772741915.644,5640,1.2,83.7,0.2,10.1,0,False
1772741915.737,5641,1.6,82.5,0.2,10.2,0,False
1772741915.832,5642,1.2,83.7,0.2,10.2,0,False
1772741915.926,5643,1.5,83.5,0.3,10.2,0,False
1772741916.018,5644,1.6,81.9,0.2,10.2,0,False
1772741916.112,5645,1.6,83.2,0.2,10.2,0,False
1772741916.203,5646,1.6,81.8,0.2,10.2,0,False
1772741916.297,5647,1.6,83.5,0.2,10.2,0,False
1772741916.389,5648,1.6,81.6,0.2,10.2,0,False
1772741916.483,5649,1.6,84.0,0.2,10.3,0,False
1772741916.575,5650,1.6,81.9,0.2,10.4,0,False
1772741916.668,5651,1.5,83.3,0.3,10.4,0,False
1772741916.760,5652,1.6,81.8,0.3,10.5,0,False
1772741916.851,5653,1.5,81.7,0.3,10.5,0,False
1772741916.945,5654,1.1,83.4,0.2,10.6,0,False
1772741917.038,5655,1.5,83.5,0.2,10.6,0,False
1772741917.144,5656,1.6,87.7,0.3,10.6,0,False
1772741917.235,5657,1.1,80.3,0.2,10.6,0,False
1772741917.328,5658,1.2,82.5,0.3,10.7,0,False
1772741917.421,5659,1.2,83.1,0.2,10.7,0,False
1772741917.514,5660,1.2,82.6,0.4,10.7,0,False
1772741917.604,5661,1.5,80.2,0.2,10.7,0,False
1772741917.697,5662,1.1,81.8,0.2,10.7,0,False
1772741917.788,5663,1.5,79.0,0.2,10.7,1,True
1772741917.880,5664,1.1,81.7,0.2,10.7,0,True
1772741917.974,5665,1.8,83.1,0.2,10.7,0,True
1772741918.067,5666,1.1,82.4,0.2,10.7,0,True
1772741918.161,5667,1.2,81.6,0.2,10.7,0,True
1772741918.253,5668,1.2,81.8,0.2,10.7,0,True
1772741918.351,5669,1.4,81.9,0.2,10.7,0,True
1772741918.451,5670,1.2,88.2,0.2,10.7,0,True
1772741918.552,5671,1.4,88.0,0.2,10.6,0,True
1772741918.647,5672,1.2,82.2,0.2,10.6,0,True
1772741918.741,5673,1.5,80.2,0.2,10.6,0,True
1772741918.834,5674,1.1,81.5,0.2,10.6,0,True
1772741918.927,5675,1.1,82.7,0.4,10.6,0,True
1772741919.017,5676,1.5,79.8,0.2,10.7,0,True
1772741919.110,5677,1.1,83.0,0.2,10.7,0,True
1772741919.201,5678,1.5,80.5,0.2,10.7,0,True
1772741919.304,5679,1.1,92.2,0.3,10.6,0,True
1772741919.396,5680,1.1,82.0,0.2,10.6,0,True
1772741919.491,5681,1.8,84.2,0.2,10.6,0,True
1772741919.582,5682,1.6,80.5,0.2,10.6,0,True
1772741919.679,5683,1.1,86.2,0.2,10.6,0,True
1772741919.773,5684,1.3,82.3,0.2,10.6,0,True
1772741919.867,5685,1.2,82.1,0.2,10.6,0,True
1772741919.960,5686,1.1,80.9,0.2,10.6,0,True
1772741920.054,5687,1.0,81.6,0.2,10.6,0,True
1772741920.150,5688,1.2,81.2,0.2,10.5,0,True
1772741920.242,5689,1.1,80.7,0.2,10.6,0,True
1772741920.355,5690,1.2,101.3,0.2,10.5,0,True
1772741920.454,5691,0.8,88.3,0.3,10.5,0,True
1772741920.548,5692,1.2,82.1,0.2,10.5,0,True
1772741920.642,5693,1.1,84.1,0.2,10.5,0,False
1772741920.734,5694,1.1,81.8,0.2,10.5,0,False
1772741920.840,5695,1.2,94.6,0.2,10.5,0,False
1772741920.932,5696,1.2,81.7,0.3,10.4,0,False
1772741921.021,5697,1.5,79.2,0.2,10.5,0,False
1772741921.113,5698,1.1,80.8,0.2,10.5,0,False
1772741921.205,5699,1.4,81.2,0.2,10.5,0,False
1772741921.295,5700,1.5,79.7,0.2,10.5,0,False
1772741921.389,5701,1.3,81.1,0.2,10.5,0,False
1772741921.485,5702,0.9,83.5,0.2,10.5,0,False
1772741921.577,5703,1.2,80.8,0.2,10.5,0,False
1772741921.667,5704,1.5,79.5,0.2,10.6,0,False
1772741921.760,5705,1.0,80.6,0.2,10.6,0,False
1772741921.851,5706,1.1,80.5,0.2,10.6,0,False
1772741921.961,5707,1.2,99.2,0.2,10.5,0,False
1772741922.054,5708,1.5,81.4,0.2,10.5,0,False
1772741922.145,5709,1.2,81.0,0.2,10.5,0,False
1772741922.239,5710,1.1,83.8,0.2,10.6,0,False
1772741922.331,5711,1.2,82.4,0.2,10.7,0,False
1772741922.427,5712,0.8,85.5,0.2,10.6,0,False
1772741922.520,5713,1.4,82.9,0.2,10.6,0,False
1772741922.613,5714,1.7,82.4,0.2,10.6,0,False
1772741922.705,5715,1.1,82.3,0.2,10.7,0,False
1772741922.799,5716,1.4,83.0,0.2,10.7,0,False
1772741922.892,5717,1.1,82.8,0.2,10.7,0,False
1772741922.985,5718,2.2,82.0,0.2,10.7,0,False
1772741923.092,5719,1.1,96.8,0.2,10.6,0,False
1772741923.190,5720,1.2,87.3,0.2,10.6,0,False
1772741923.302,5721,1.0,100.8,0.2,10.5,0,False
1772741923.396,5722,1.1,82.7,0.2,10.5,0,False
1772741923.491,5723,1.2,83.7,0.2,10.5,0,False
1772741923.584,5724,1.2,82.3,0.2,10.4,0,False
1772741923.679,5725,1.2,83.3,0.2,10.4,0,False
1772741923.770,5726,1.5,80.9,0.2,10.4,0,False
1772741923.864,5727,1.1,82.4,0.2,10.5,0,False
1772741923.957,5728,1.2,82.3,0.2,10.5,0,False
1772741924.053,5729,1.1,83.1,0.3,10.5,0,False
1772741924.148,5730,1.2,82.5,0.2,10.5,0,False
1772741924.251,5731,0.8,85.6,0.2,10.4,0,False
1772741924.346,5732,1.2,83.2,0.2,10.4,0,False
1772741924.442,5733,1.3,84.7,0.2,10.4,0,False
1772741924.535,5734,1.6,81.6,0.3,10.4,0,False
1772741924.630,5735,1.2,82.6,0.2,10.4,1,True
1772741924.724,5736,0.9,83.5,0.3,10.4,0,True
1772741924.817,5737,1.1,82.1,0.2,10.4,1,True
1772741924.908,5738,1.5,81.5,0.2,10.4,0,True
1772741925.001,5739,1.5,80.7,0.2,10.5,0,True
1772741925.097,5740,1.1,84.2,0.2,10.5,0,True
1772741925.189,5741,1.5,80.7,0.2,10.6,0,True
1772741925.281,5742,1.5,82.1,0.2,10.6,0,True
1772741925.376,5743,1.0,83.5,0.2,10.6,0,True
1772741925.473,5744,1.1,85.4,0.2,10.6,0,True
1772741925.567,5745,1.2,83.5,0.2,10.6,0,True
1772741925.661,5746,2.3,82.6,0.2,10.6,0,True
1772741925.755,5747,1.1,82.8,0.2,10.6,0,True
1772741925.851,5748,1.5,82.6,0.2,10.6,0,True
1772741925.945,5749,1.2,83.0,0.2,10.6,0,True
1772741926.036,5750,1.5,80.5,0.2,10.6,0,True
1772741926.129,5751,1.5,81.1,0.2,10.6,0,True
1772741926.220,5752,1.6,80.6,0.2,10.7,0,True
1772741926.314,5753,1.1,82.0,0.2,10.7,0,True
1772741926.408,5754,1.6,82.2,0.4,10.7,0,True
1772741926.502,5755,0.8,82.8,0.3,10.7,0,True
1772741926.597,5756,1.2,82.3,0.2,10.7,0,True
1772741926.694,5757,1.1,85.1,0.2,10.7,0,True
1772741926.786,5758,1.2,81.8,0.2,10.7,0,True
1772741926.882,5759,1.2,84.1,0.2,10.6,0,True
1772741926.975,5760,1.6,80.8,0.2,10.6,1,True
1772741927.069,5761,1.5,82.4,0.2,10.6,0,True
1772741927.163,5762,1.3,82.6,0.2,10.6,0,True
1772741927.258,5763,1.6,82.7,0.2,10.6,0,True
1772741927.351,5764,1.6,80.9,0.2,10.6,0,True
1772741927.448,5765,1.6,84.4,0.2,10.6,0,True
1772741927.539,5766,1.6,80.7,0.2,10.6,0,True
1772741927.637,5767,1.1,82.1,0.2,10.6,0,True
1772741927.731,5768,1.1,83.3,0.2,10.6,0,True
1772741927.823,5769,1.5,80.4,0.2,10.6,1,True
1772741927.915,5770,1.5,80.9,0.3,10.6,0,True
1772741928.014,5771,1.1,87.0,0.2,10.6,0,True
1772741928.106,5772,1.5,81.9,0.2,10.6,0,True
1772741928.198,5773,1.5,80.9,0.2,10.6,0,True
1772741928.290,5774,1.5,82.1,0.2,10.6,0,True
1772741928.384,5775,1.2,82.6,0.2,10.6,0,True
1772741928.497,5776,1.2,103.0,0.2,10.5,0,True
1772741928.591,5777,1.6,83.3,0.2,10.5,0,True
1772741928.683,5778,1.1,81.8,0.2,10.5,0,True
1772741928.777,5779,1.5,83.1,0.2,10.6,0,True
1772741928.867,5780,1.5,80.4,0.2,10.6,0,True
1772741928.960,5781,1.1,83.6,0.2,10.6,0,True
1772741929.051,5782,1.1,81.5,0.3,10.6,0,True
1772741929.141,5783,1.5,80.6,0.2,10.6,0,True
1772741929.232,5784,1.1,81.6,0.2,10.6,0,True
1772741929.327,5785,1.2,85.2,0.3,10.6,0,True
1772741929.417,5786,1.1,80.7,0.2,10.7,0,True
1772741929.678,5787,0.8,91.1,0.2,9.8,0,True
1772741929.768,5788,1.5,80.3,0.2,9.8,0,True
1772741929.857,5789,1.5,80.0,0.2,9.8,0,True
1772741929.949,5790,1.1,82.0,0.2,9.8,0,True
1772741930.042,5791,2.3,82.3,0.2,9.9,0,True
1772741930.133,5792,1.2,82.1,0.2,9.9,0,True
1772741930.223,5793,1.7,80.5,0.3,9.9,0,True
1772741930.312,5794,1.6,80.1,0.2,9.9,0,True
1772741930.402,5795,1.5,80.5,0.3,9.9,0,True
1772741930.496,5796,0.8,84.1,0.2,10.0,0,True
1772741930.588,5797,1.1,82.6,0.3,10.0,0,True
1772741930.677,5798,1.5,79.6,0.2,10.0,0,True
1772741930.768,5799,1.1,81.3,0.2,10.0,0,False
1772741930.858,5800,1.5,80.4,0.2,10.0,0,False
1772741930.948,5801,1.1,79.8,0.2,10.1,0,False
1772741931.038,5802,1.6,81.6,0.2,10.1,0,False
1772741931.127,5803,1.5,80.1,0.2,10.1,0,False
1772741931.217,5804,1.5,79.9,0.2,10.1,0,False
1772741931.306,5805,1.5,80.0,0.2,10.1,0,False
1772741931.398,5806,1.1,82.0,0.2,10.1,0,False
1772741931.491,5807,1.1,82.5,0.2,11.0,0,False
1772741931.583,5808,1.1,81.7,0.2,11.0,0,False
1772741931.673,5809,1.9,80.4,0.2,11.0,0,False
1772741931.762,5810,1.6,80.2,0.2,11.0,0,False
1772741931.853,5811,1.1,82.5,0.2,11.0,0,False
1772741931.945,5812,1.1,82.0,0.2,11.0,0,False
1772741932.037,5813,1.1,82.8,0.3,11.0,0,False
1772741932.126,5814,1.6,79.7,0.2,11.0,0,False
1772741932.218,5815,1.1,81.7,0.2,11.0,0,False
1772741932.310,5816,1.4,81.9,0.2,11.0,0,False
1772741932.399,5817,1.5,80.3,0.2,11.0,0,False
1772741932.491,5818,2.1,82.2,0.2,11.0,0,False
1772741932.583,5819,1.1,81.8,0.2,11.0,0,False
1772741932.674,5820,1.6,82.0,0.2,11.0,0,False
1772741932.765,5821,1.6,82.4,0.2,11.0,0,False
1772741932.858,5822,1.2,83.5,0.2,11.0,0,False
1772741932.950,5823,1.2,82.0,0.2,11.0,0,False
1772741933.040,5824,1.1,81.5,0.2,11.0,0,False
1772741933.129,5825,1.5,79.8,0.2,11.0,0,False
1772741933.220,5826,1.1,82.1,0.2,11.0,0,False
1772741933.310,5827,1.5,80.7,0.2,11.0,0,False
1772741933.399,5828,1.6,80.2,0.2,11.0,0,False
1772741933.492,5829,1.2,83.8,0.2,11.0,0,False
1772741933.582,5830,1.6,80.6,0.2,11.0,0,False
1772741933.671,5831,1.5,81.4,0.2,11.0,0,False
1772741933.760,5832,1.6,80.3,0.2,11.0,0,False
1772741933.850,5833,1.5,80.9,0.2,11.0,0,False
1772741933.940,5834,1.7,80.4,0.2,11.0,0,False
1772741934.029,5835,1.5,80.3,0.2,11.0,0,False
1772741934.120,5836,1.5,82.2,0.2,11.0,0,False
1772741934.210,5837,1.5,80.7,0.2,11.0,0,False
1772741934.300,5838,1.6,80.7,0.3,11.1,0,False
1772741934.390,5839,1.5,80.5,0.2,11.1,0,False
1772741934.482,5840,1.5,83.2,0.2,11.1,0,False
1772741934.579,5841,1.3,85.6,0.2,11.0,0,False
1772741934.680,5842,1.2,92.3,0.2,11.0,0,False
1772741934.771,5843,1.5,80.7,0.2,11.0,0,False
1772741934.862,5844,1.5,81.5,0.2,11.0,0,False
1772741934.954,5845,1.2,81.9,0.2,11.0,0,False
1772741935.049,5846,1.2,83.9,0.2,10.9,0,False
1772741935.142,5847,1.2,82.5,0.2,10.9,1,True
1772741935.236,5848,1.2,83.8,0.2,10.9,0,True
1772741935.329,5849,1.1,82.2,0.2,10.9,0,True
1772741935.425,5850,1.2,85.9,0.2,10.8,0,True
1772741935.530,5851,1.1,92.3,0.6,10.8,0,True
1772741935.625,5852,1.3,82.1,0.2,10.7,0,True
1772741935.719,5853,1.1,84.4,0.2,10.7,0,True
1772741935.812,5854,1.2,82.5,0.2,10.7,0,True
1772741935.905,5855,1.1,83.7,0.2,10.7,0,True
1772741935.998,5856,1.1,83.0,0.2,10.7,0,True
1772741936.091,5857,1.1,83.6,0.3,10.6,0,True
1772741936.180,5858,1.6,80.5,0.2,10.6,0,True
1772741936.273,5859,1.1,83.5,0.2,10.6,0,True
1772741936.366,5860,1.2,82.4,0.2,10.6,0,True
1772741936.460,5861,1.2,84.5,0.2,10.6,0,True
1772741936.551,5862,1.2,81.3,0.2,10.7,0,True
1772741936.643,5863,1.2,82.5,0.3,10.7,0,True
1772741936.734,5864,1.2,81.3,0.2,10.7,0,True
1772741936.825,5865,1.2,82.2,0.3,10.7,0,True
1772741936.916,5866,1.2,81.8,0.2,10.7,0,True
1772741937.008,5867,1.2,82.4,0.2,10.7,0,True
1772741937.101,5868,2.0,81.3,0.2,10.7,0,True
1772741937.193,5869,1.2,82.2,0.2,10.7,0,True
1772741937.284,5870,1.2,81.2,0.2,10.8,0,True
1772741937.376,5871,1.2,82.1,0.2,10.8,0,True
1772741937.470,5872,1.5,83.9,0.2,10.8,0,True
1772741937.561,5873,1.1,82.1,0.2,10.9,0,True
1772741937.654,5874,1.6,82.6,0.2,10.9,0,True
1772741937.745,5875,1.1,81.5,0.2,10.9,0,True
1772741937.837,5876,1.4,83.1,0.2,10.9,0,True
1772741937.928,5877,1.1,81.3,0.2,10.9,0,False
1772741938.021,5878,1.2,83.6,0.2,10.9,0,False
1772741938.112,5879,1.2,81.7,0.2,10.9,0,False
1772741938.204,5880,1.2,82.8,0.2,10.9,0,False
1772741938.303,5881,1.5,89.9,0.2,10.8,0,False
1772741938.396,5882,1.1,82.3,0.2,10.8,0,False
1772741938.488,5883,1.2,82.2,0.2,10.8,0,False
1772741938.580,5884,1.6,82.4,0.2,10.8,0,False
1772741938.670,5885,1.1,80.3,0.2,10.8,0,False
1772741938.762,5886,1.1,83.0,0.2,10.8,0,False
1772741938.854,5887,1.1,82.1,0.2,10.8,0,False
1772741938.950,5888,1.1,86.3,0.2,10.8,0,False
1772741939.041,5889,1.1,82.0,0.2,10.8,0,False
1772741939.134,5890,1.1,83.6,0.2,10.8,0,False
1772741939.226,5891,1.1,82.0,0.2,10.8,0,False
1772741939.320,5892,1.1,84.7,0.2,10.8,0,False
1772741939.419,5893,1.5,90.1,0.2,10.8,0,False
1772741939.510,5894,2.0,80.7,0.2,10.8,0,False
1772741939.599,5895,1.5,80.6,0.3,10.8,0,False
1772741939.703,5896,1.1,94.1,0.2,10.7,0,False
1772741939.797,5897,1.1,85.2,0.2,10.7,0,False
1772741939.892,5898,1.1,85.2,0.2,10.7,0,False
1772741939.984,5899,1.5,82.2,0.3,10.7,0,False
1772741940.075,5900,1.1,82.1,0.2,10.7,0,False
1772741940.169,5901,1.2,83.2,0.3,10.7,0,False
1772741940.278,5902,1.1,99.2,0.2,10.6,0,False
1772741940.371,5903,0.8,81.7,0.2,10.6,0,False
1772741940.466,5904,1.1,85.1,0.3,10.6,0,False
1772741940.565,5905,1.2,89.1,0.2,10.6,0,False
1772741940.663,5906,0.8,88.5,0.3,10.5,0,False
1772741940.755,5907,1.5,82.4,0.2,10.5,0,False
1772741940.845,5908,2.0,80.7,0.3,10.6,0,False
1772741940.937,5909,1.1,82.5,0.2,10.5,0,False
1772741941.031,5910,1.1,84.6,0.2,10.5,0,False
1772741941.125,5911,1.2,83.4,0.2,10.5,0,False
1772741941.220,5912,2.3,83.3,0.2,10.5,0,False
1772741941.310,5913,1.6,81.0,0.2,10.6,0,False
1772741941.406,5914,1.4,84.9,0.5,10.5,0,False
1772741941.499,5915,0.8,85.3,0.2,10.5,0,False
1772741941.593,5916,0.9,83.2,0.2,10.6,0,False
1772741941.687,5917,1.0,83.6,0.2,10.6,0,False
1772741941.780,5918,1.6,83.0,0.2,10.6,0,False
1772741941.874,5919,1.1,84.0,0.2,10.6,0,False
1772741941.968,5920,1.2,82.9,0.3,10.6,0,False
1772741942.059,5921,1.5,81.4,0.2,10.6,0,False
1772741942.150,5922,1.6,81.4,0.2,10.7,0,False
1772741942.244,5923,1.1,83.1,0.2,10.7,0,False
1772741942.336,5924,1.7,81.7,0.2,10.7,0,False
1772741942.432,5925,1.1,85.8,0.3,10.7,0,False
1772741942.531,5926,1.3,88.2,0.3,10.7,0,False
1772741942.632,5927,1.2,91.6,0.2,10.6,0,False
1772741942.722,5928,1.6,79.5,0.2,10.7,0,False
1772741942.814,5929,1.9,82.1,0.2,10.7,0,False
1772741942.908,5930,1.1,83.0,0.3,10.7,0,False
1772741943.002,5931,1.3,84.1,0.2,10.7,0,False
1772741943.099,5932,1.1,88.1,0.2,10.6,0,False
1772741943.193,5933,1.4,83.2,0.2,10.6,0,False
1772741943.287,5934,1.0,83.1,0.2,10.6,0,False
1772741943.380,5935,1.6,81.7,0.2,10.6,0,False
1772741943.476,5936,1.1,85.4,0.3,10.6,0,False
1772741943.568,5937,1.5,81.1,0.2,10.6,0,False
1772741943.666,5938,1.1,86.4,0.2,10.6,0,False
1772741943.760,5939,1.1,83.4,0.3,10.6,0,False
1772741943.854,5940,1.1,83.4,0.3,10.6,0,False
1772741943.949,5941,1.2,83.1,0.2,10.6,0,False
1772741944.044,5942,1.7,82.9,0.2,10.6,0,False
1772741944.138,5943,1.2,83.4,0.2,10.6,0,False
1772741944.234,5944,1.1,83.4,0.2,10.5,0,False
1772741944.329,5945,1.2,84.0,0.4,10.5,0,False
1772741944.424,5946,1.2,84.4,0.2,10.6,0,False
1772741944.519,5947,1.5,83.0,0.2,10.6,0,False
1772741944.611,5948,1.2,83.0,0.2,10.6,0,False
1772741944.708,5949,1.5,87.3,0.2,10.6,0,False
1772741944.801,5950,1.2,82.9,0.2,10.6,0,False
1772741944.896,5951,1.5,84.1,0.2,10.6,0,False
1772741944.991,5952,1.2,83.6,0.2,10.6,0,False
1772741945.085,5953,1.0,83.0,0.2,10.6,0,False
1772741945.178,5954,1.2,83.3,0.2,10.6,0,False
1772741945.268,5955,1.8,80.9,0.2,10.6,0,False
1772741945.357,5956,1.2,79.1,0.2,10.6,0,False
1772741945.675,5957,0.8,81.2,0.2,9.5,0,False
1772741945.778,5958,1.1,94.2,0.6,9.5,0,False
1772741945.871,5959,0.8,81.8,0.2,9.5,1,True
1772741945.964,5960,1.1,82.8,0.3,9.5,0,True
1772741946.056,5961,1.1,81.9,0.2,9.5,0,True
1772741946.148,5962,1.1,82.5,0.3,9.5,0,True
1772741946.240,5963,1.1,82.1,0.2,9.5,0,True
1772741946.331,5964,1.2,81.9,0.2,9.5,0,True
1772741946.426,5965,0.9,84.4,0.2,9.5,0,True
1772741946.517,5966,1.2,81.5,0.2,9.6,0,True
1772741946.608,5967,1.2,81.4,0.2,9.6,0,True
1772741946.700,5968,1.2,82.2,0.2,9.6,0,True
1772741946.793,5969,1.2,81.9,0.2,9.6,0,True
1772741946.882,5970,1.6,80.7,0.2,9.6,0,True
1772741946.975,5971,2.1,81.9,0.2,9.6,0,True
1772741947.066,5972,1.3,81.2,0.2,9.6,0,True
1772741947.156,5973,1.5,81.7,0.2,9.7,0,True
1772741947.247,5974,1.2,81.3,0.2,9.7,0,True
1772741947.340,5975,1.2,83.2,0.2,9.7,0,True
1772741947.437,5976,1.5,87.4,0.2,9.6,0,True
1772741947.531,5977,1.5,82.4,0.2,10.8,0,True
1772741947.624,5978,1.1,81.5,0.2,10.8,0,True
1772741947.718,5979,1.5,82.3,0.2,10.8,0,True
1772741947.809,5980,1.2,80.8,0.2,10.8,0,True
1772741947.901,5981,1.5,82.1,0.2,10.8,0,True
1772741947.994,5982,1.1,81.9,0.2,10.8,0,True
1772741948.086,5983,1.1,82.3,0.2,10.8,0,True
1772741948.179,5984,1.2,82.6,0.2,10.8,0,True
1772741948.274,5985,1.1,83.6,0.2,10.8,0,True
1772741948.367,5986,1.2,81.5,0.2,10.8,0,True
1772741948.468,5987,1.5,89.2,0.2,10.8,0,True
1772741948.562,5988,1.1,82.5,0.2,10.7,0,True
1772741948.654,5989,1.2,81.2,0.2,10.7,0,False
1772741948.746,5990,1.2,81.4,0.2,10.7,0,False
1772741948.837,5991,1.1,81.1,0.2,10.7,0,False
1772741948.930,5992,1.2,82.1,0.2,10.7,0,False
1772741949.024,5993,1.0,81.5,0.2,10.7,0,False
1772741949.116,5994,1.1,81.7,0.3,10.7,0,False
1772741949.210,5995,1.2,82.7,0.2,10.7,0,False
1772741949.301,5996,1.1,81.7,0.2,10.7,0,False
1772741949.402,5997,1.4,88.3,0.2,10.7,0,False
1772741949.503,5998,0.8,90.8,0.2,10.6,0,False
1772741949.596,5999,1.2,83.2,0.2,10.7,0,False
1772741949.703,6000,1.0,95.6,0.2,10.6,0,False
1772741949.799,6001,2.3,84.1,0.2,10.5,0,False
1772741949.892,6002,1.0,83.5,0.3,10.5,0,False
1772741949.987,6003,1.6,83.5,0.2,10.5,0,False
1772741950.081,6004,1.1,83.6,0.2,10.5,0,False
1772741950.176,6005,1.4,84.1,0.2,10.5,0,False
1772741950.270,6006,1.2,83.3,0.2,10.5,0,False
1772741950.363,6007,1.1,83.3,0.2,10.6,0,False
1772741950.459,6008,1.1,86.4,0.2,10.5,1,True
1772741950.552,6009,1.1,83.8,0.2,10.5,0,True
1772741950.648,6010,1.1,85.5,0.2,10.5,0,True
1772741950.742,6011,1.1,84.1,0.2,10.5,0,True
1772741950.837,6012,1.1,85.4,0.2,10.5,0,True
1772741950.930,6013,1.1,83.8,0.2,10.5,0,True
1772741951.024,6014,1.3,83.1,0.2,10.5,0,True
1772741951.115,6015,1.5,81.5,0.2,10.5,0,True
1772741951.209,6016,1.5,84.5,0.2,10.5,0,True
1772741951.305,6017,1.1,86.1,0.2,10.5,0,True
1772741951.401,6018,1.0,84.9,0.2,10.5,0,True
1772741951.493,6019,1.0,83.3,0.2,10.5,0,True
1772741951.586,6020,1.2,82.4,0.2,10.6,0,True
1772741951.679,6021,1.1,82.8,0.2,10.6,0,True
1772741951.773,6022,1.5,83.9,0.2,10.6,0,True
1772741951.864,6023,1.6,82.3,0.2,10.7,0,True
1772741951.958,6024,1.5,83.5,0.2,10.7,0,True
1772741952.052,6025,1.1,82.8,0.2,10.7,0,True
1772741952.146,6026,1.2,82.9,0.2,10.7,0,True
1772741952.239,6027,1.2,83.1,0.3,10.7,0,True
1772741952.331,6028,1.2,82.3,0.2,10.7,0,True
1772741952.427,6029,1.2,86.9,0.2,10.7,0,True
1772741952.522,6030,0.8,84.1,0.2,10.7,0,True
1772741952.619,6031,1.2,86.3,0.2,10.7,0,True
1772741952.713,6032,1.3,83.8,0.2,10.7,0,True
1772741952.808,6033,1.3,84.1,0.2,10.7,0,True
1772741952.908,6034,1.0,84.8,0.3,10.6,0,True
1772741953.001,6035,1.3,82.6,0.2,10.6,0,True
1772741953.097,6036,1.1,85.8,0.2,10.6,0,True
1772741953.190,6037,1.2,82.4,0.2,10.6,0,True
1772741953.282,6038,1.3,82.1,0.2,10.6,0,False
1772741953.370,6039,1.5,78.9,0.2,10.7,0,False
1772741953.465,6040,1.2,84.6,0.3,10.6,0,False
1772741953.558,6041,1.2,81.2,0.2,10.6,0,False
1772741953.650,6042,1.2,82.5,0.3,10.7,0,False
1772741953.740,6043,1.5,80.6,0.2,10.7,0,False
1772741953.832,6044,1.2,82.5,0.2,10.7,0,False
1772741953.925,6045,1.2,82.1,0.2,10.7,0,False
1772741954.017,6046,1.2,82.0,0.2,10.7,0,False
1772741954.109,6047,1.2,82.3,0.2,10.7,0,False
1772741954.201,6048,1.2,82.5,0.2,10.7,0,False
1772741954.294,6049,1.6,83.2,0.2,10.7,0,False
1772741954.386,6050,1.2,81.9,0.2,10.7,0,False
1772741954.481,6051,1.8,84.3,0.2,10.7,0,False
1772741954.573,6052,1.2,83.6,0.2,10.8,0,False
1772741954.673,6053,1.8,90.8,0.2,10.7,0,False
1772741954.767,6054,1.3,84.1,0.2,10.8,0,False
1772741954.858,6055,1.1,82.1,0.2,10.8,0,False
1772741954.950,6056,1.2,82.3,0.3,10.8,0,False
1772741955.042,6057,1.2,81.6,0.2,10.8,0,False
1772741955.133,6058,1.1,82.1,0.2,10.8,0,False
1772741955.228,6059,1.0,84.6,0.2,10.8,0,False
1772741955.321,6060,1.2,82.3,0.4,10.8,0,False
1772741955.416,6061,1.5,84.4,0.2,10.8,0,False
1772741955.512,6062,1.2,86.8,0.2,10.7,0,False
1772741955.603,6063,1.2,82.0,0.2,10.7,0,False
1772741955.694,6064,1.5,81.1,0.3,10.7,0,False
1772741955.784,6065,1.2,80.8,0.2,10.8,0,False
1772741955.877,6066,1.2,82.6,0.2,10.8,0,False
1772741955.968,6067,1.3,81.3,0.2,10.8,0,False
1772741956.061,6068,1.2,82.7,0.2,10.8,0,False
1772741956.151,6069,1.5,81.4,0.2,10.8,0,False
1772741956.243,6070,1.1,82.4,0.2,10.8,0,False
1772741956.336,6071,1.3,81.4,0.2,10.8,0,False
1772741956.431,6072,1.1,85.2,0.2,10.8,0,False
1772741956.525,6073,1.2,82.9,0.2,10.8,0,False
1772741956.633,6074,1.2,98.8,0.2,10.7,0,False
1772741956.739,6075,1.5,95.8,0.2,10.6,0,False
1772741956.839,6076,0.8,92.1,0.2,10.6,0,False
1772741956.936,6077,1.3,86.3,0.2,10.6,0,False
1772741957.029,6078,1.2,82.8,0.2,10.6,0,False
1772741957.120,6079,1.1,81.3,0.2,10.6,0,False
1772741957.212,6080,1.2,81.9,0.2,10.6,0,False
1772741957.304,6081,1.5,82.4,0.2,10.6,0,False
1772741957.406,6082,1.1,91.1,0.3,10.6,0,False
1772741957.498,6083,0.8,84.1,0.2,10.6,0,False
1772741957.597,6084,1.2,88.9,0.2,10.5,0,False
1772741957.687,6085,1.5,81.6,0.2,10.5,0,False
1772741957.781,6086,1.1,84.3,0.2,10.5,0,False
1772741957.874,6087,1.1,83.3,0.2,10.5,0,False
1772741957.969,6088,1.4,84.8,0.2,10.5,0,False
1772741958.061,6089,1.1,83.0,0.2,10.5,0,False
1772741958.154,6090,1.2,82.8,0.2,10.5,0,False
1772741958.247,6091,1.4,82.8,0.2,10.5,0,False
1772741958.339,6092,1.9,82.2,0.2,10.5,0,False
1772741958.433,6093,1.1,84.4,0.2,10.5,0,False
1772741958.527,6094,1.7,83.2,0.3,10.6,0,False
1772741958.620,6095,1.1,82.7,0.2,10.6,0,False
1772741958.713,6096,0.9,81.7,0.2,10.7,0,False
1772741958.805,6097,1.2,82.9,0.2,10.7,0,False
1772741958.899,6098,0.9,82.0,0.3,10.7,0,False
1772741958.989,6099,1.2,81.1,0.2,10.7,0,False
1772741959.082,6100,1.5,82.8,0.2,10.7,0,False
1772741959.172,6101,1.5,80.4,0.2,10.7,0,False
1772741959.265,6102,1.2,84.0,0.2,10.8,0,False
1772741959.357,6103,1.2,82.5,0.2,10.8,0,False
1772741959.451,6104,1.2,85.4,0.2,10.8,0,False
1772741959.543,6105,1.2,82.2,0.2,10.8,0,False
1772741959.639,6106,1.2,86.6,0.2,10.8,0,False
1772741959.731,6107,0.8,83.8,0.2,10.8,0,False
1772741959.822,6108,1.7,81.9,0.2,10.8,0,False
1772741959.913,6109,1.3,81.5,0.2,10.8,0,False
1772741960.006,6110,1.3,83.2,0.2,10.8,0,False
1772741960.097,6111,1.1,81.8,0.2,10.8,0,False
1772741960.190,6112,1.2,83.7,0.2,10.8,0,False
1772741960.282,6113,1.2,82.4,0.2,10.8,0,False
1772741960.374,6114,1.3,81.4,0.3,10.8,0,False
1772741960.468,6115,1.2,84.6,0.2,10.8,0,False
1772741960.562,6116,1.3,83.6,0.2,10.8,0,False
1772741960.651,6117,1.5,80.3,0.3,10.8,0,False
1772741960.744,6118,1.2,82.9,0.3,10.8,0,False
1772741960.833,6119,1.5,80.5,0.2,10.8,0,False
1772741960.923,6120,1.5,80.7,0.3,10.9,0,False
1772741961.022,6121,0.9,86.6,0.2,10.8,0,False
1772741961.115,6122,1.2,82.2,0.3,10.8,0,False
1772741961.206,6123,1.1,82.1,0.2,10.8,0,False
1772741961.297,6124,1.2,81.8,0.2,10.8,0,False
1772741961.386,6125,1.1,79.3,0.2,10.9,0,False
1772741961.681,6126,0.8,80.5,0.2,9.8,0,False
1772741961.772,6127,0.8,83.2,0.2,9.8,0,False
1772741961.863,6128,1.5,82.1,0.2,9.8,0,False
1772741961.955,6129,1.1,82.9,0.2,9.8,0,False
1772741962.048,6130,1.1,83.9,0.2,9.8,0,False
1772741962.137,6131,1.5,80.5,0.2,9.8,0,False
1772741962.229,6132,1.1,83.1,0.3,9.8,0,False
1772741962.319,6133,1.5,81.0,0.2,9.8,0,False
1772741962.422,6134,1.1,93.6,0.3,9.8,0,False
1772741962.522,6135,1.2,90.2,0.2,9.7,0,False
1772741962.622,6136,1.0,89.1,0.2,9.7,0,False
1772741962.716,6137,1.2,85.1,0.2,9.7,0,False
1772741962.809,6138,1.2,83.1,0.2,9.7,0,False
1772741962.903,6139,1.2,84.9,0.2,9.7,0,False
1772741962.996,6140,1.2,83.3,0.2,9.6,0,False
1772741963.088,6141,1.1,82.9,0.2,9.7,0,False
1772741963.193,6142,1.1,94.7,0.2,9.6,0,False
1772741963.286,6143,1.5,84.4,0.2,9.6,0,False
1772741963.380,6144,1.2,84.3,0.3,9.6,0,False
1772741963.475,6145,1.1,85.6,0.2,9.6,0,False
1772741963.569,6146,1.1,83.8,0.2,10.6,0,False
1772741963.661,6147,1.1,83.4,0.2,10.6,0,False
1772741963.755,6148,1.2,84.7,0.2,10.6,0,False
1772741963.848,6149,1.1,83.7,0.2,10.6,0,False
1772741963.942,6150,1.1,84.4,0.3,10.6,0,False
1772741964.035,6151,1.1,82.5,0.3,10.5,0,False
1772741964.126,6152,1.6,82.8,0.2,10.5,0,False
1772741964.218,6153,1.1,82.2,0.2,10.5,0,False
1772741964.313,6154,1.1,85.5,0.2,10.6,0,False
1772741964.404,6155,1.5,81.2,0.2,10.6,0,False
1772741964.500,6156,0.8,87.3,0.2,10.6,0,False
1772741964.593,6157,1.2,83.4,0.2,10.7,0,False
1772741964.689,6158,1.3,87.0,0.2,10.6,0,False
1772741964.781,6159,1.3,82.3,0.2,10.7,0,False
1772741964.875,6160,1.2,84.9,0.2,10.6,0,False
1772741964.966,6161,1.2,82.0,0.2,10.7,0,False
1772741965.060,6162,1.2,84.6,0.2,10.7,0,False
1772741965.153,6163,1.2,82.9,0.2,10.7,0,False
1772741965.246,6164,1.2,84.6,0.3,10.7,0,False
1772741965.339,6165,1.1,83.3,0.2,10.7,0,False
1772741965.433,6166,1.6,84.9,0.2,10.7,0,False
1772741965.526,6167,1.1,83.9,0.2,10.7,0,False
1772741965.619,6168,1.2,83.2,0.2,10.7,0,False
1772741965.712,6169,1.2,83.4,0.2,10.7,0,False
1772741965.806,6170,1.4,84.0,0.2,10.7,0,False
1772741965.899,6171,1.3,83.3,0.3,10.7,0,False
1772741965.993,6172,1.8,83.7,0.2,10.7,0,False
1772741966.083,6173,1.5,81.5,0.2,10.7,0,False
1772741966.176,6174,1.2,83.2,0.3,10.7,0,False
1772741966.268,6175,1.3,83.1,0.2,10.7,0,False
1772741966.362,6176,1.5,84.2,0.2,10.7,0,False
1772741966.457,6177,1.2,85.2,0.2,10.7,0,False
1772741966.551,6178,1.1,83.4,0.2,10.7,0,False
1772741966.644,6179,1.1,83.9,0.2,10.7,0,False
1772741966.736,6180,1.6,81.6,0.2,10.7,0,False
1772741966.830,6181,1.4,83.7,0.2,10.7,0,False
1772741966.931,6182,1.5,91.5,0.2,10.7,0,False
1772741967.024,6183,1.1,84.0,0.2,10.7,0,False
1772741967.116,6184,1.3,82.4,0.2,10.7,0,False
1772741967.208,6185,1.2,82.4,0.5,10.7,0,False
1772741967.299,6186,1.2,82.1,0.2,10.7,0,False
1772741967.391,6187,1.2,82.7,0.3,10.7,0,False
1772741967.493,6188,1.2,92.3,0.2,10.7,0,False
1772741967.586,6189,1.0,83.8,0.2,10.7,0,False
1772741967.678,6190,1.0,81.8,0.2,10.7,0,False
1772741967.768,6191,1.5,81.7,0.2,10.7,0,False
1772741967.858,6192,1.6,80.7,0.2,10.7,0,False
1772741967.950,6193,1.1,83.0,0.5,10.7,0,False
1772741968.041,6194,1.2,81.3,0.2,10.7,0,False
1772741968.133,6195,1.2,82.3,0.2,10.7,0,False
1772741968.224,6196,1.2,81.7,0.2,10.7,0,False
1772741968.316,6197,1.1,82.0,0.2,10.8,0,False
1772741968.412,6198,1.2,84.6,0.2,10.7,0,False
1772741968.505,6199,1.5,83.5,0.3,10.7,0,False
1772741968.596,6200,1.2,81.9,0.2,10.7,0,False
1772741968.686,6201,1.5,80.8,0.2,10.8,0,False
1772741968.778,6202,1.3,82.0,0.2,10.8,0,False
1772741968.870,6203,1.2,82.4,0.2,10.8,0,False
1772741968.968,6204,1.7,87.2,0.2,10.8,0,False
1772741969.058,6205,1.5,81.9,0.2,10.8,0,False
1772741969.152,6206,1.1,83.1,0.2,10.8,0,False
1772741969.245,6207,1.3,83.8,0.2,10.8,0,False
1772741969.336,6208,1.6,82.3,0.2,10.8,0,False
1772741969.431,6209,1.1,85.5,0.2,10.8,0,False
1772741969.524,6210,1.3,82.7,0.2,10.8,0,False
1772741969.615,6211,1.5,82.3,0.2,10.8,0,False
1772741969.713,6212,1.3,88.2,0.2,10.8,0,False
1772741969.807,6213,1.2,83.9,0.6,10.8,0,False
1772741969.899,6214,1.1,82.8,0.2,10.8,0,False
1772741969.993,6215,1.0,83.5,0.4,10.8,0,False
1772741970.082,6216,1.6,81.0,0.2,10.8,0,False
1772741970.176,6217,1.1,83.6,0.2,10.8,0,False
1772741970.275,6218,1.1,89.9,0.2,10.7,0,False
1772741970.368,6219,1.1,83.9,0.2,10.7,0,False
1772741970.464,6220,1.1,87.1,0.2,10.7,0,False
1772741970.557,6221,1.3,83.2,0.2,10.7,0,False
1772741970.648,6222,1.2,81.5,0.2,10.7,0,False
1772741970.741,6223,1.1,84.1,0.2,10.7,0,False
1772741970.829,6224,1.5,79.8,0.2,10.7,0,False
1772741970.921,6225,1.1,82.5,0.6,10.7,0,False
1772741971.011,6226,1.1,81.2,0.2,10.8,0,False
1772741971.103,6227,1.2,81.7,0.2,10.8,0,False
1772741971.194,6228,1.0,81.7,0.2,10.8,0,False
1772741971.286,6229,1.1,82.4,0.2,10.8,0,False
1772741971.376,6230,1.8,79.9,0.2,10.8,0,False
1772741971.472,6231,1.5,87.8,0.2,10.8,0,False
1772741971.566,6232,1.0,83.0,0.2,10.8,0,False
1772741971.658,6233,1.1,83.0,0.2,10.8,0,False
1772741971.751,6234,1.5,81.8,0.2,10.8,0,False
1772741971.843,6235,1.1,82.7,0.2,10.8,0,False
1772741971.936,6236,2.2,83.6,0.2,10.8,0,False
1772741972.029,6237,1.1,83.3,0.2,10.8,0,False
1772741972.121,6238,1.1,81.9,0.2,10.8,0,False
1772741972.212,6239,1.2,82.2,0.2,10.8,0,False
1772741972.305,6240,1.7,82.3,0.2,10.9,0,False
1772741972.398,6241,1.2,83.0,0.2,10.9,0,False
1772741972.490,6242,1.7,82.8,0.3,10.9,0,False
1772741972.579,6243,1.5,80.4,0.2,10.9,0,False
1772741972.670,6244,1.6,82.4,0.2,10.9,0,False
1772741972.761,6245,1.1,82.1,0.2,10.9,0,False
1772741972.854,6246,1.2,83.2,0.2,10.9,0,False
1772741972.945,6247,1.2,82.0,0.2,10.9,0,False
1772741973.038,6248,1.2,82.9,0.3,10.9,0,False
1772741973.127,6249,1.2,80.1,0.2,10.9,0,False
1772741973.216,6250,1.6,81.1,0.2,10.9,0,False
1772741973.309,6251,1.1,82.0,0.2,10.9,0,False
1772741973.398,6252,1.6,80.3,0.2,10.9,0,False
1772741973.491,6253,1.1,82.9,0.2,10.9,0,False
1772741973.582,6254,1.2,81.7,0.2,10.9,0,False
1772741973.671,6255,1.5,80.6,0.2,10.9,0,False
1772741973.760,6256,1.6,79.6,0.2,11.0,0,False
1772741973.851,6257,1.2,82.3,0.2,11.0,0,False
1772741973.943,6258,1.2,82.2,0.2,11.0,0,False
1772741974.033,6259,1.5,81.2,0.2,11.0,0,False
1772741974.126,6260,1.2,82.2,0.2,11.0,0,False
1772741974.221,6261,1.2,85.4,0.2,11.0,0,False
1772741974.312,6262,1.3,81.2,0.2,11.0,0,False
1772741974.402,6263,1.5,81.2,0.2,11.0,0,False
1772741974.494,6264,1.1,83.4,0.2,11.0,0,False
1772741974.584,6265,1.5,81.2,0.2,11.0,0,False
1772741974.681,6266,1.1,87.5,0.2,10.9,0,False
1772741974.774,6267,1.3,83.8,0.2,10.9,0,False
1772741974.867,6268,1.3,82.6,0.3,10.9,0,False
1772741974.955,6269,1.5,80.2,0.2,10.9,0,False
1772741975.044,6270,1.6,80.2,0.2,10.9,0,False
1772741975.139,6271,0.9,83.7,0.2,10.9,0,False
1772741975.229,6272,1.6,81.3,0.5,10.9,0,False
1772741975.318,6273,1.5,80.0,0.2,10.9,0,False
1772741975.419,6274,1.2,91.7,0.3,10.9,0,False
1772741975.510,6275,1.2,81.9,0.2,10.9,0,False
1772741975.602,6276,1.1,82.7,0.2,10.9,0,False
1772741975.692,6277,1.2,81.7,0.2,10.9,0,False
1772741975.792,6278,1.1,90.6,0.2,10.8,0,False
1772741975.885,6279,1.1,83.1,0.2,10.8,0,False
1772741975.976,6280,1.6,82.0,0.2,10.8,0,False
1772741976.068,6281,1.1,83.6,0.2,10.8,0,False
1772741976.162,6282,1.2,84.2,0.2,10.8,0,False
1772741976.255,6283,1.1,83.6,0.3,10.8,0,False
1772741976.349,6284,1.2,85.1,0.3,10.8,0,False
1772741976.444,6285,1.1,85.3,0.2,10.8,0,False
1772741976.537,6286,1.5,83.5,0.2,10.8,0,False
1772741976.630,6287,1.2,83.2,0.2,10.8,0,False
1772741976.724,6288,1.3,84.0,0.2,10.8,0,False
1772741976.816,6289,1.1,82.9,0.2,10.7,0,False
1772741976.910,6290,1.3,83.7,0.2,10.7,0,False
1772741977.002,6291,1.1,82.8,0.2,10.7,0,False
1772741977.096,6292,1.3,84.0,0.2,10.7,0,False
1772741977.186,6293,1.5,80.9,0.2,10.7,0,False
1772741977.279,6294,1.1,84.7,0.2,10.7,0,False
1772741977.368,6295,1.1,80.1,0.2,10.8,0,False
1772741977.689,6296,0.8,81.3,0.2,9.6,0,False
1772741977.780,6297,0.9,83.1,0.2,9.6,0,False
1772741977.872,6298,1.6,83.3,0.3,9.6,0,False
1772741977.963,6299,1.5,82.0,0.2,9.6,0,False
1772741978.054,6300,1.5,82.6,0.2,9.6,0,False
1772741978.148,6301,1.6,83.7,0.2,9.6,0,False
1772741978.242,6302,1.1,84.7,0.2,9.6,0,False
1772741978.335,6303,1.2,83.8,0.2,9.6,0,False
1772741978.443,6304,1.2,98.6,0.2,9.6,0,False
1772741978.538,6305,1.1,85.3,0.2,9.6,0,False
1772741978.629,6306,1.2,81.9,0.2,9.6,0,False
1772741978.722,6307,1.2,83.8,0.2,9.6,0,False
1772741978.813,6308,1.2,82.3,0.2,9.6,0,False
1772741978.907,6309,1.2,84.5,0.2,9.6,0,False
1772741978.999,6310,1.2,82.4,0.2,9.6,0,False
1772741979.092,6311,1.2,83.2,0.4,9.6,0,False
1772741979.181,6312,1.5,80.6,0.2,9.6,0,False
1772741979.273,6313,1.1,83.1,0.2,9.6,0,False
1772741979.363,6314,1.5,81.1,0.2,9.6,0,False
1772741979.457,6315,1.2,84.9,0.2,9.6,0,False
1772741979.549,6316,1.6,80.5,0.2,10.8,0,False
1772741979.643,6317,1.5,85.3,0.3,10.7,0,False
1772741979.734,6318,0.8,83.7,0.2,10.7,0,False
1772741979.826,6319,1.2,82.4,0.2,10.7,0,False
1772741979.918,6320,2.0,81.7,0.2,10.7,0,False
1772741980.015,6321,1.2,87.6,0.2,10.7,0,False
1772741980.108,6322,1.5,82.7,0.2,10.7,0,False
1772741980.198,6323,1.2,80.9,0.2,10.7,0,False
1772741980.295,6324,1.3,86.4,0.3,10.8,0,False
1772741980.385,6325,1.5,81.2,0.2,10.8,0,False
1772741980.481,6326,1.3,84.8,0.2,10.8,0,False
1772741980.576,6327,1.1,84.0,0.4,10.8,0,False
1772741980.674,6328,1.1,88.8,0.2,10.7,0,False
1772741980.765,6329,1.5,81.8,0.2,10.8,0,False
1772741980.858,6330,1.1,83.2,0.2,10.8,0,False
1772741980.952,6331,1.5,84.1,0.2,10.7,0,False
1772741981.045,6332,1.3,83.4,0.2,10.7,0,False
1772741981.139,6333,1.1,84.0,0.3,10.7,0,False
1772741981.231,6334,1.2,82.8,0.3,10.7,0,False
1772741981.324,6335,1.2,84.0,0.2,10.7,0,False
1772741981.418,6336,1.2,84.0,0.2,10.7,0,False
1772741981.516,6337,1.2,88.8,0.2,10.7,0,False
1772741981.610,6338,1.0,83.1,0.2,10.7,0,False
1772741981.712,6339,1.1,91.0,0.3,10.6,0,False
1772741981.807,6340,1.1,84.6,0.2,10.6,0,False
1772741981.901,6341,1.1,83.8,0.2,10.6,0,False
1772741981.996,6342,1.1,84.9,0.2,10.6,0,False
1772741982.089,6343,1.0,83.3,0.2,10.6,0,False
1772741982.190,6344,1.4,90.9,0.2,10.6,0,False
1772741982.293,6345,1.1,92.2,0.2,10.5,0,False
1772741982.386,6346,1.1,82.3,0.2,10.5,0,False
1772741982.485,6347,1.5,89.0,0.2,10.5,0,False
1772741982.588,6348,0.8,92.0,0.2,10.5,0,False
1772741982.691,6349,1.1,92.6,0.3,10.4,0,False
1772741982.785,6350,0.9,83.1,0.2,10.4,0,False
1772741982.880,6351,1.2,84.7,0.4,10.4,0,False
1772741982.974,6352,1.1,83.8,0.2,10.4,0,False
1772741983.069,6353,1.2,85.2,0.2,10.4,0,False
1772741983.162,6354,1.1,83.9,0.2,10.4,0,False
1772741983.259,6355,1.2,85.8,0.2,10.3,0,False
1772741983.352,6356,1.1,83.2,0.3,10.3,0,False
1772741983.449,6357,1.3,85.8,0.2,10.3,0,False
1772741983.544,6358,1.2,85.0,0.2,10.3,0,False
1772741983.638,6359,1.3,83.4,0.2,10.4,0,False
1772741983.729,6360,1.6,82.1,0.2,10.4,0,False
1772741983.827,6361,1.4,85.9,0.2,10.4,0,False
1772741983.921,6362,1.1,84.5,0.2,10.4,0,False
1772741984.012,6363,1.6,81.9,0.2,10.4,0,False
1772741984.104,6364,1.6,82.1,0.4,10.5,0,False
1772741984.197,6365,1.1,83.4,0.2,10.5,0,False
1772741984.292,6366,1.3,85.4,0.2,10.5,0,False
1772741984.384,6367,1.6,82.1,0.2,10.5,0,False
1772741984.481,6368,1.2,87.4,0.2,10.6,0,False
1772741984.575,6369,1.2,84.1,0.2,10.6,0,False
1772741984.673,6370,1.2,87.7,0.2,10.6,0,False
1772741984.766,6371,1.2,83.5,0.3,10.6,0,False
1772741984.861,6372,1.1,83.6,0.2,10.6,0,False
1772741984.952,6373,1.5,82.2,0.2,10.6,0,False
1772741985.043,6374,2.3,81.7,0.2,10.6,0,False
1772741985.134,6375,1.1,81.3,0.2,10.7,0,False
1772741985.225,6376,1.6,82.2,0.2,10.7,0,False
1772741985.316,6377,1.1,81.9,0.2,10.7,0,False
1772741985.411,6378,1.2,85.8,0.2,10.7,0,False
1772741985.504,6379,1.5,83.1,0.2,10.7,0,False
1772741985.597,6380,1.2,83.7,0.2,10.7,0,False
1772741985.688,6381,1.2,82.1,0.2,10.7,0,False
1772741985.782,6382,1.2,84.4,0.2,10.7,0,False
1772741985.884,6383,1.1,93.3,0.2,10.7,0,False
1772741985.976,6384,1.2,81.8,0.2,10.7,0,False
1772741986.067,6385,1.2,81.9,0.2,10.7,0,False
1772741986.160,6386,1.4,81.7,0.2,10.7,0,False
1772741986.251,6387,1.3,82.5,0.2,10.7,0,False
1772741986.342,6388,2.1,80.5,0.2,10.7,0,False
1772741986.434,6389,1.5,83.6,0.2,10.8,0,False
1772741986.526,6390,1.3,82.9,0.2,10.8,0,False
1772741986.621,6391,1.0,83.9,0.2,10.8,0,False
1772741986.714,6392,1.3,82.3,0.2,10.8,0,False
1772741986.805,6393,1.1,82.3,0.2,10.8,0,False
1772741986.898,6394,1.4,82.9,0.2,10.8,0,False
1772741986.989,6395,1.1,82.0,0.2,10.8,0,False
1772741987.084,6396,1.1,84.9,0.2,10.8,0,False
1772741987.175,6397,1.1,81.5,0.3,10.8,0,False
1772741987.273,6398,1.1,87.7,0.2,10.7,0,False
1772741987.367,6399,1.2,84.2,0.3,10.7,0,False
1772741987.461,6400,1.2,84.0,0.2,10.7,0,False
1772741987.555,6401,1.2,83.7,0.2,10.7,0,False
1772741987.647,6402,1.5,82.8,0.2,10.7,0,False
1772741987.739,6403,1.2,83.1,0.2,10.8,0,False
1772741987.832,6404,1.1,82.2,0.2,10.8,0,False
1772741987.925,6405,1.2,83.5,0.2,10.8,0,False
1772741988.023,6406,1.6,89.6,0.2,10.7,0,False
1772741988.117,6407,1.0,85.1,0.2,10.7,0,False
1772741988.207,6408,1.4,81.1,0.2,10.7,0,False
1772741988.301,6409,1.1,84.0,0.3,10.7,0,False
1772741988.393,6410,1.1,82.9,0.2,10.7,0,False
1772741988.493,6411,1.2,91.1,0.2,10.7,0,False
1772741988.585,6412,1.2,82.3,0.2,10.7,0,False
1772741988.679,6413,1.1,85.6,0.2,10.7,0,False
1772741988.769,6414,1.6,80.7,0.2,10.7,0,False
1772741988.861,6415,1.1,82.8,0.2,10.7,0,False
1772741988.951,6416,1.5,80.6,0.3,10.7,0,False
1772741989.044,6417,1.5,84.3,0.3,10.7,0,False
1772741989.135,6418,1.1,81.0,0.2,10.7,0,False
1772741989.226,6419,1.1,81.0,0.2,10.8,0,False
1772741989.318,6420,1.2,81.5,0.2,10.8,0,False
1772741989.422,6421,1.1,93.4,0.2,10.7,0,False
1772741989.514,6422,1.2,82.5,0.2,10.7,0,False
1772741989.606,6423,1.2,83.1,0.3,10.7,0,False
1772741989.704,6424,1.1,88.6,0.2,10.7,0,False
1772741989.813,6425,1.6,98.4,0.2,10.6,0,False
1772741989.907,6426,1.5,85.1,0.3,10.6,0,False
1772741989.999,6427,1.1,83.4,0.2,10.6,0,False
1772741990.091,6428,1.6,82.7,0.3,10.6,0,False
1772741990.183,6429,1.2,82.8,0.3,10.6,0,False
1772741990.274,6430,1.6,82.6,0.2,10.6,0,False
1772741990.367,6431,1.2,82.9,0.2,10.7,0,False
1772741990.461,6432,1.2,84.6,0.2,10.7,0,False
1772741990.553,6433,1.2,81.8,0.2,10.7,0,False
1772741990.645,6434,1.1,83.6,0.2,10.7,0,False
1772741990.737,6435,1.1,82.2,0.2,10.7,0,False
1772741990.831,6436,1.1,84.4,0.2,10.6,0,False
1772741990.920,6437,1.5,80.9,0.2,10.7,0,False
1772741991.014,6438,1.1,84.2,0.4,10.6,0,False
1772741991.106,6439,1.2,82.4,0.2,10.6,0,False
1772741991.200,6440,1.2,85.0,0.2,10.6,0,False
1772741991.293,6441,1.1,82.6,0.2,10.7,0,False
1772741991.387,6442,1.2,84.9,0.2,10.7,0,False
1772741991.483,6443,0.9,86.0,0.3,10.7,0,False
1772741991.577,6444,1.1,84.2,0.2,10.7,0,False
1772741991.671,6445,1.1,82.8,0.2,10.8,0,False
1772741991.765,6446,1.4,83.1,0.2,10.8,0,False
1772741991.856,6447,1.1,81.8,0.2,10.8,1,True
1772741991.950,6448,1.3,83.4,0.2,10.8,0,True
1772741992.041,6449,1.1,81.5,0.2,10.8,0,True
1772741992.134,6450,1.2,84.0,0.2,10.8,0,True
1772741992.229,6451,0.9,84.2,0.2,10.7,0,True
1772741992.321,6452,1.4,82.2,0.2,10.8,0,True
1772741992.414,6453,1.1,83.5,0.2,10.7,0,True
1772741992.510,6454,1.5,86.1,0.2,10.7,0,True
1772741992.603,6455,1.2,83.4,0.2,10.7,0,True
1772741992.699,6456,1.1,84.1,0.2,10.7,0,True
1772741992.791,6457,1.2,82.9,0.2,10.7,0,True
1772741992.884,6458,1.5,82.1,0.2,10.7,0,True
1772741992.975,6459,1.1,82.2,0.2,10.7,0,True
1772741993.066,6460,1.1,80.9,0.3,10.7,0,True
1772741993.157,6461,1.2,82.5,0.2,10.7,0,True
1772741993.249,6462,1.3,82.4,0.2,10.7,0,True
1772741993.338,6463,1.1,79.9,0.2,10.8,0,True
1772741993.427,6464,1.1,80.8,0.2,10.8,0,True
1772741993.694,6465,0.8,80.0,0.2,9.9,0,True
1772741993.784,6466,1.1,82.4,0.2,9.9,0,True
1772741993.876,6467,1.2,83.2,0.2,9.9,0,True
1772741993.977,6468,1.2,92.8,0.2,9.9,0,True
1772741994.069,6469,1.2,81.5,0.2,9.9,0,True
1772741994.163,6470,1.2,85.7,0.2,9.9,0,True
1772741994.254,6471,1.1,82.4,0.2,9.9,0,True
1772741994.345,6472,1.2,82.3,0.2,9.9,0,True
1772741994.440,6473,1.4,84.7,0.2,9.9,0,True
1772741994.529,6474,1.5,80.3,0.2,9.9,0,True
1772741994.621,6475,1.1,83.5,0.2,9.9,0,True
1772741994.724,6476,1.1,92.9,0.2,9.9,0,True
1772741994.815,6477,1.3,82.4,0.2,9.9,0,False
1772741994.908,6478,1.2,83.7,0.2,9.9,0,False
1772741994.999,6479,1.4,81.3,0.2,9.9,0,False
1772741995.091,6480,1.2,83.5,0.2,9.9,0,False
1772741995.187,6481,2.0,84.0,0.2,9.9,0,False
1772741995.278,6482,1.2,82.3,0.2,9.9,0,False
1772741995.371,6483,0.9,82.8,0.2,9.8,0,False
1772741995.465,6484,1.2,84.2,0.2,9.8,0,False
1772741995.558,6485,1.6,82.6,0.2,10.7,0,False
1772741995.649,6486,1.2,82.6,0.2,10.7,0,False
1772741995.742,6487,1.2,82.2,0.2,10.7,0,False
1772741995.831,6488,1.6,80.7,0.2,10.8,0,False
1772741995.924,6489,1.3,83.3,0.2,10.8,0,False
1772741996.016,6490,1.2,82.1,0.2,10.8,0,False
1772741996.107,6491,1.7,82.3,0.2,10.8,0,False
1772741996.199,6492,1.1,82.8,0.2,10.8,0,False
1772741996.290,6493,1.5,82.2,0.2,10.8,0,False
1772741996.382,6494,1.1,82.3,0.2,10.8,0,False
1772741996.475,6495,1.0,84.6,0.2,10.8,0,False
1772741996.567,6496,1.2,82.3,0.2,10.8,0,False
1772741996.659,6497,1.1,82.3,0.3,10.8,0,False
1772741996.765,6498,1.2,94.9,0.2,10.8,0,False
1772741996.859,6499,1.5,82.1,0.2,10.8,0,False
1772741996.958,6500,1.1,89.3,0.2,10.7,0,False
1772741997.052,6501,1.2,81.9,0.2,10.7,0,False
1772741997.155,6502,1.1,88.2,0.2,10.7,0,False
1772741997.250,6503,1.1,82.2,0.2,10.6,0,False
1772741997.342,6504,1.2,81.4,0.2,10.7,0,False
1772741997.436,6505,1.1,83.4,0.2,10.6,0,False
1772741997.528,6506,1.2,81.5,0.2,10.6,0,False
1772741997.620,6507,1.1,80.9,0.2,10.6,0,False
1772741997.712,6508,1.1,81.8,0.2,10.6,0,False
1772741997.804,6509,1.5,80.4,0.2,10.6,0,False
1772741997.899,6510,1.0,82.3,0.2,10.6,0,False
1772741997.999,6511,0.9,85.3,0.4,10.6,0,False
1772741998.092,6512,1.1,82.2,0.2,10.6,0,False
1772741998.185,6513,1.1,83.4,0.2,10.6,0,False
1772741998.281,6514,1.2,86.0,0.2,10.5,0,False
1772741998.375,6515,1.4,83.3,0.2,10.5,0,False
1772741998.473,6516,1.2,88.0,0.2,10.5,0,False
1772741998.566,6517,1.1,81.6,0.2,10.5,0,False
1772741998.657,6518,1.5,80.8,0.2,10.6,0,False
1772741998.755,6519,1.2,85.8,0.2,10.5,0,False
1772741998.857,6520,1.5,92.3,0.2,10.5,0,False
1772741998.949,6521,1.5,81.5,0.2,10.5,0,False
1772741999.045,6522,1.3,84.7,0.2,10.6,0,False
1772741999.140,6523,1.1,82.4,0.2,10.6,0,False
1772741999.232,6524,1.7,81.9,0.2,10.6,0,False
1772741999.325,6525,1.1,84.3,0.2,10.6,0,False
1772741999.424,6526,1.8,87.0,0.2,10.5,0,False
1772741999.519,6527,1.1,84.0,0.6,10.5,0,False
1772741999.612,6528,1.1,83.0,0.2,10.5,0,False
1772741999.710,6529,1.1,88.6,0.2,10.5,0,False
1772741999.803,6530,1.2,82.9,0.3,10.5,0,False
1772741999.897,6531,1.1,84.3,0.2,10.5,0,False
1772741999.990,6532,1.1,83.0,0.3,10.5,0,False
1772742000.084,6533,1.4,83.3,0.2,10.5,0,False
1772742000.176,6534,1.1,83.0,0.2,10.6,0,False
1772742000.268,6535,2.1,82.3,0.2,10.6,0,False
1772742000.361,6536,1.1,82.2,0.2,10.6,0,False
1772742000.456,6537,1.4,85.4,0.2,10.6,0,False
1772742000.546,6538,1.6,81.0,0.2,10.6,0,False
1772742000.641,6539,1.1,84.5,0.2,10.6,0,False
1772742000.734,6540,1.1,82.9,0.2,10.7,0,False
1772742000.831,6541,1.8,85.2,0.2,10.6,0,False
1772742000.926,6542,1.2,84.1,0.2,10.6,0,False
1772742001.019,6543,1.1,82.4,0.2,10.6,0,False
1772742001.115,6544,1.1,84.3,0.3,10.6,0,False
1772742001.210,6545,1.1,83.9,0.2,10.6,0,False
1772742001.304,6546,1.2,83.9,0.2,10.6,0,False
1772742001.397,6547,1.1,83.8,0.2,10.6,0,False
1772742001.495,6548,1.2,87.8,0.3,10.6,0,False
1772742001.589,6549,1.1,83.2,0.2,10.6,0,False
1772742001.683,6550,1.6,83.8,0.2,10.6,0,False
1772742001.777,6551,1.1,84.0,0.2,10.6,0,False
1772742001.880,6552,1.0,93.2,0.2,10.6,0,False
1772742001.987,6553,1.2,96.3,0.2,10.5,0,False
1772742002.087,6554,1.1,90.4,0.3,10.5,0,False
1772742002.180,6555,1.1,83.7,0.2,10.5,0,False
1772742002.275,6556,1.3,84.8,0.3,10.4,0,False
1772742002.368,6557,1.1,83.5,0.2,10.5,0,False
1772742002.465,6558,1.4,86.4,0.2,10.4,0,False
1772742002.559,6559,1.1,83.8,0.2,10.4,0,False
1772742002.651,6560,1.5,81.9,0.2,10.4,0,False
1772742002.742,6561,1.5,81.1,0.2,10.5,0,False
1772742002.835,6562,1.2,81.8,0.2,10.5,0,False
1772742002.940,6563,1.2,93.7,0.2,10.4,0,False
1772742003.035,6564,1.3,84.0,0.2,10.4,0,False
1772742003.131,6565,1.4,85.4,0.2,10.4,0,False
1772742003.228,6566,1.2,84.2,0.2,10.4,0,False
1772742003.324,6567,1.3,82.7,0.2,10.4,0,False
1772742003.421,6568,1.2,86.1,0.2,10.4,0,False
1772742003.514,6569,1.2,82.2,0.2,10.4,0,False
1772742003.609,6570,1.1,84.9,0.2,10.4,0,False
1772742003.703,6571,1.5,83.1,0.2,10.4,0,False
1772742003.798,6572,1.4,85.0,0.2,10.4,0,False
1772742003.891,6573,1.2,82.8,0.2,10.5,0,False
1772742003.985,6574,1.5,83.3,0.2,10.5,0,False
1772742004.076,6575,1.5,81.0,0.2,10.6,0,False
1772742004.170,6576,1.3,83.9,0.2,10.6,0,False
1772742004.263,6577,1.2,83.3,0.3,10.6,0,False
1772742004.358,6578,1.6,84.3,0.2,10.6,0,False
1772742004.453,6579,1.2,84.5,0.3,10.6,0,False
1772742004.548,6580,1.1,83.5,0.2,10.5,0,False
1772742004.640,6581,1.5,81.4,0.3,10.5,0,False
1772742004.733,6582,0.8,83.2,0.2,10.5,0,False
1772742004.828,6583,1.2,83.5,0.2,10.6,0,False
1772742004.922,6584,1.3,82.1,0.2,10.6,0,False
1772742005.016,6585,1.1,84.1,0.3,10.6,0,False
1772742005.110,6586,1.3,83.5,0.2,10.6,0,False
1772742005.205,6587,1.1,83.4,0.2,10.6,0,False
1772742005.298,6588,1.1,83.2,0.2,10.7,0,False
1772742005.393,6589,1.2,84.4,0.2,10.6,0,False
1772742005.489,6590,1.1,85.3,0.2,10.6,0,False
1772742005.582,6591,2.2,82.0,0.2,10.6,0,False
1772742005.678,6592,1.1,84.9,0.2,10.6,0,False
1772742005.773,6593,1.0,84.0,0.2,10.6,0,False
1772742005.869,6594,1.1,84.6,0.3,10.6,0,False
1772742005.967,6595,1.2,88.2,0.2,10.6,0,False
1772742006.062,6596,0.9,83.9,0.2,10.6,0,False
1772742006.157,6597,0.9,83.1,0.2,10.6,0,False
1772742006.251,6598,1.5,82.6,0.2,10.6,0,False
1772742006.342,6599,1.5,80.8,0.2,10.6,0,False
1772742006.440,6600,1.3,85.8,0.2,10.6,0,False
1772742006.535,6601,1.5,83.0,0.2,10.6,0,False
1772742006.629,6602,1.3,82.4,0.3,10.6,0,False
1772742006.722,6603,1.2,82.7,0.3,10.6,0,False
1772742006.814,6604,1.1,81.9,0.2,10.6,0,False
1772742006.907,6605,1.1,83.1,0.3,10.6,0,False
1772742006.999,6606,1.1,82.1,0.2,10.6,0,False
1772742007.097,6607,1.2,87.8,0.2,10.6,0,False
1772742007.192,6608,1.2,85.4,0.2,10.6,0,False
1772742007.287,6609,1.1,84.8,0.2,10.6,0,False
1772742007.380,6610,1.2,82.6,0.3,10.6,0,False
1772742007.477,6611,1.1,86.7,0.2,10.6,0,False
1772742007.570,6612,1.2,82.5,0.2,10.6,0,False
1772742007.664,6613,1.2,81.7,0.3,10.6,0,False
1772742007.758,6614,1.2,83.8,0.2,10.6,0,False
1772742007.852,6615,1.5,82.6,0.3,10.6,0,False
1772742007.953,6616,1.2,90.6,0.2,10.6,0,False
1772742008.052,6617,0.8,83.3,0.2,10.6,0,False
1772742008.149,6618,1.2,84.1,0.2,10.5,0,False
1772742008.244,6619,1.2,83.3,0.2,10.5,0,False
1772742008.336,6620,1.1,81.6,0.3,10.5,0,False
1772742008.445,6621,1.1,98.9,0.2,10.5,0,False
1772742008.542,6622,1.1,85.8,0.3,10.5,0,False
1772742008.635,6623,1.2,82.0,0.2,10.5,0,False
1772742008.736,6624,1.1,90.8,0.2,10.4,0,False
1772742008.829,6625,1.1,81.7,0.2,10.4,0,False
1772742008.923,6626,1.5,82.8,0.2,10.4,0,False
1772742009.015,6627,1.1,81.5,0.2,10.4,0,False
1772742009.108,6628,1.5,82.9,0.2,10.4,0,False
1772742009.201,6629,1.1,82.2,0.2,10.4,0,False
1772742009.292,6630,1.9,81.4,0.2,10.5,0,False
1772742009.383,6631,1.4,79.1,0.2,10.5,0,False
1772742009.710,6632,0.9,87.3,0.2,9.3,0,False
1772742009.802,6633,1.1,81.5,0.2,9.4,0,False
1772742009.896,6634,1.2,82.4,0.2,9.4,0,False
1772742009.989,6635,1.1,82.2,0.2,9.4,0,False
1772742010.080,6636,1.2,81.6,0.2,9.4,0,False
1772742010.172,6637,1.2,81.7,0.2,9.4,0,False
1772742010.262,6638,1.6,80.8,0.2,9.5,0,False
1772742010.361,6639,1.1,89.3,0.3,9.4,0,False
1772742010.452,6640,1.6,81.6,0.2,9.4,0,False
1772742010.544,6641,1.1,82.3,0.2,9.5,0,False
1772742010.635,6642,1.5,81.0,0.3,9.6,0,False
1772742010.727,6643,1.1,82.8,0.2,9.6,0,False
1772742010.819,6644,1.0,81.0,0.3,9.6,0,False
1772742010.916,6645,1.1,87.1,0.2,9.6,0,False
1772742011.009,6646,1.2,81.8,0.2,9.6,0,False
1772742011.099,6647,1.5,80.9,0.2,9.6,0,False
1772742011.194,6648,1.2,81.8,0.2,9.6,0,False
1772742011.301,6649,1.2,95.4,0.3,9.5,0,False
1772742011.394,6650,1.2,81.8,0.2,9.5,0,False
1772742011.489,6651,2.5,82.7,0.2,9.5,0,False
1772742011.581,6652,1.2,82.4,0.2,10.7,0,False
1772742011.675,6653,1.2,82.5,0.2,10.7,0,False
1772742011.769,6654,1.2,82.9,0.2,10.7,0,False
1772742011.864,6655,1.4,82.4,0.2,10.7,0,False
1772742011.957,6656,1.2,82.4,0.2,10.7,0,False
1772742012.047,6657,1.5,80.4,0.3,10.7,0,False
1772742012.140,6658,1.1,83.0,0.2,10.6,0,False
1772742012.233,6659,1.4,82.2,0.2,10.7,0,False
1772742012.326,6660,1.1,82.6,0.2,10.7,0,False
1772742012.421,6661,1.4,83.8,0.2,10.7,0,False
1772742012.513,6662,1.2,81.8,0.2,10.6,0,False
1772742012.607,6663,0.8,82.3,0.2,10.6,0,False
1772742012.701,6664,1.2,83.1,0.3,10.6,0,False
1772742012.791,6665,1.5,80.2,0.2,10.7,0,False
1772742012.881,6666,1.6,80.4,0.2,10.7,0,False
1772742012.975,6667,1.0,82.1,0.2,10.7,0,False
1772742013.068,6668,1.1,82.4,0.2,10.7,0,False
1772742013.164,6669,1.3,84.1,0.2,10.7,0,False
1772742013.254,6670,1.5,80.2,0.2,10.8,0,False
1772742013.351,6671,1.0,85.4,0.2,10.7,0,False
1772742013.448,6672,1.1,85.5,0.3,10.7,0,False
1772742013.546,6673,1.1,87.8,0.2,10.7,0,False
1772742013.640,6674,1.3,82.7,0.2,10.7,0,False
1772742013.734,6675,1.1,83.4,0.2,10.7,0,False
1772742013.827,6676,1.6,81.6,0.2,10.7,0,False
1772742013.922,6677,1.1,84.8,0.2,10.7,0,False
1772742014.014,6678,1.4,81.4,0.2,10.7,0,False
1772742014.107,6679,1.2,82.8,0.2,10.7,0,False
1772742014.200,6680,1.5,81.9,0.2,10.7,0,False
1772742014.293,6681,1.2,82.8,0.2,10.7,0,False
1772742014.384,6682,1.5,80.1,0.2,10.7,0,False
1772742014.479,6683,1.1,84.7,0.2,10.7,0,False
1772742014.572,6684,1.2,81.6,0.2,10.7,0,False
1772742014.678,6685,1.1,94.1,0.2,10.6,0,False
1772742014.770,6686,1.3,81.9,0.2,10.6,0,False
1772742014.868,6687,1.3,86.7,0.3,10.6,0,False
1772742014.959,6688,1.1,80.9,0.2,10.6,0,False
1772742015.052,6689,1.6,81.5,0.3,10.6,0,False
1772742015.148,6690,1.1,84.3,0.2,10.6,0,False
1772742015.246,6691,1.0,84.3,0.2,10.6,0,False
1772742015.339,6692,1.1,82.4,0.3,10.6,0,False
1772742015.433,6693,1.2,83.5,0.2,10.6,0,False
1772742015.526,6694,1.1,82.5,0.3,10.6,0,False
1772742015.616,6695,1.5,79.7,0.3,10.6,0,False
1772742015.710,6696,1.1,83.1,0.3,10.6,0,False
1772742015.802,6697,1.1,81.1,0.2,10.6,0,False
1772742015.895,6698,1.1,83.0,0.3,10.6,0,False
1772742015.987,6699,1.1,81.7,0.2,10.6,0,False
1772742016.080,6700,1.1,82.7,0.2,10.6,0,False
1772742016.171,6701,1.5,80.4,0.2,10.7,0,False
1772742016.263,6702,1.1,81.4,0.2,10.6,0,False
1772742016.356,6703,1.4,82.3,0.2,10.7,0,False
1772742016.449,6704,1.6,82.7,0.2,10.7,0,False
1772742016.541,6705,1.5,81.9,0.2,10.7,0,False
1772742016.634,6706,1.1,82.0,0.2,10.7,0,False
1772742016.727,6707,1.5,82.0,0.2,10.8,0,False
1772742016.819,6708,1.1,81.6,0.2,10.8,0,False
1772742016.913,6709,1.5,82.5,0.2,10.7,0,False
1772742017.006,6710,1.1,83.4,0.2,10.8,0,False
1772742017.097,6711,1.6,80.6,0.2,10.8,0,False
1772742017.191,6712,1.1,83.3,0.2,10.8,0,False
1772742017.284,6713,1.0,81.8,0.2,10.8,0,False
1772742017.377,6714,1.1,82.8,0.2,10.8,0,False
1772742017.491,6715,1.3,100.5,0.2,10.7,0,False
1772742017.584,6716,1.2,82.0,0.2,10.7,0,False
1772742017.680,6717,1.2,83.2,0.3,10.6,0,False
1772742017.778,6718,1.2,82.6,0.2,10.6,0,False
1772742017.873,6719,1.1,84.0,0.2,10.6,0,False
1772742017.967,6720,1.2,82.4,0.2,10.6,0,False
1772742018.065,6721,1.1,84.2,0.2,10.6,0,False
1772742018.158,6722,1.2,82.9,0.2,10.6,0,False
1772742018.251,6723,1.1,82.4,0.2,10.6,0,False
1772742018.346,6724,1.1,83.9,0.2,10.5,0,False
1772742018.440,6725,1.2,84.2,0.2,10.5,0,False
1772742018.531,6726,1.6,81.1,0.4,10.5,0,False
1772742018.624,6727,1.1,82.5,0.2,10.5,0,False
1772742018.730,6728,1.2,96.3,0.3,10.5,0,False
1772742018.821,6729,1.2,80.9,0.2,10.5,0,False
1772742018.913,6730,1.3,82.6,0.2,10.5,0,False
1772742019.006,6731,1.1,82.5,0.2,10.5,0,False
1772742019.099,6732,1.4,82.5,0.2,10.5,0,False
1772742019.191,6733,1.1,82.0,0.2,10.5,0,False
1772742019.284,6734,1.5,83.1,0.2,10.5,0,False
1772742019.374,6735,1.5,80.3,0.2,10.6,0,False
1772742019.470,6736,1.2,85.6,0.2,10.6,0,False
1772742019.562,6737,1.1,81.9,0.2,10.6,0,False
1772742019.659,6738,1.5,86.9,0.2,10.6,0,False
1772742019.752,6739,1.7,82.2,0.2,10.6,0,False
1772742019.845,6740,1.3,81.9,0.2,10.6,0,False
1772742019.937,6741,1.1,82.1,0.2,10.7,0,False
1772742020.031,6742,1.1,82.2,0.2,10.7,0,False
1772742020.124,6743,1.2,82.9,0.3,10.7,0,False
1772742020.217,6744,1.5,81.8,0.2,10.7,0,False
1772742020.311,6745,1.2,82.8,0.2,10.7,0,False
1772742020.402,6746,1.5,80.2,0.2,10.7,0,False
1772742020.500,6747,0.8,88.5,0.3,10.7,0,False
1772742020.590,6748,1.5,80.2,0.2,10.8,0,False
1772742020.681,6749,1.0,81.9,0.2,10.7,0,False
1772742020.771,6750,1.6,80.0,0.2,10.8,0,False
1772742020.866,6751,1.0,83.5,0.2,10.8,0,False
1772742020.958,6752,1.7,81.5,0.2,10.8,0,False
1772742021.049,6753,1.1,82.2,0.2,10.8,0,False
1772742021.139,6754,2.0,80.9,0.2,10.8,0,False
1772742021.231,6755,1.2,81.6,0.2,10.8,0,False
1772742021.321,6756,1.3,81.3,0.2,10.8,0,False
1772742021.419,6757,1.2,88.0,0.3,10.8,0,False
1772742021.509,6758,1.8,81.3,0.2,10.8,0,False
1772742021.601,6759,1.1,81.8,0.2,10.8,0,False
1772742021.693,6760,1.1,82.4,0.2,10.8,0,False
1772742021.785,6761,1.2,81.7,0.2,10.8,0,False
1772742021.877,6762,1.2,82.6,0.2,10.8,0,False
1772742021.967,6763,1.2,81.0,0.2,10.9,0,False
1772742022.057,6764,1.6,80.1,0.2,10.9,0,False
1772742022.149,6765,1.4,82.0,0.2,10.9,0,False
1772742022.241,6766,1.2,82.4,0.2,10.9,0,False
1772742022.335,6767,1.4,83.3,0.2,10.9,0,False
1772742022.430,6768,1.2,85.0,0.3,10.9,0,False
1772742022.523,6769,1.1,82.5,0.2,10.9,0,False
1772742022.617,6770,1.2,84.4,0.3,10.8,0,False
1772742022.711,6771,1.2,83.9,0.2,10.8,0,False
1772742022.805,6772,1.0,85.1,0.2,10.8,0,False
1772742022.898,6773,1.0,83.7,0.2,10.8,0,False
1772742022.992,6774,1.2,84.7,0.2,10.8,0,False
1772742023.085,6775,1.1,83.1,0.2,10.8,0,False
1772742023.178,6776,1.0,84.0,0.2,10.8,0,False
1772742023.270,6777,1.2,82.7,0.2,10.8,0,False
1772742023.364,6778,1.1,84.9,0.2,10.8,0,False
1772742023.460,6779,1.1,86.7,0.2,10.8,0,False
1772742023.553,6780,1.0,83.5,0.2,10.8,0,False
1772742023.648,6781,0.9,83.7,0.2,10.7,0,False
1772742023.741,6782,1.3,83.3,0.2,10.7,0,False
1772742023.833,6783,1.1,82.0,0.3,10.7,0,False
1772742023.926,6784,1.4,82.3,0.2,10.7,0,False
1772742024.015,6785,1.5,80.8,0.2,10.7,0,False
1772742024.108,6786,1.1,83.9,0.2,10.7,0,False
1772742024.200,6787,1.0,82.2,0.2,10.7,0,False
1772742024.293,6788,1.1,83.6,0.2,10.7,0,False
1772742024.385,6789,1.5,81.6,0.2,10.7,0,False
1772742024.480,6790,1.1,86.0,0.2,10.7,0,False
1772742024.571,6791,1.6,80.7,0.2,10.8,0,False
1772742024.672,6792,1.1,92.5,0.2,10.7,0,False
1772742024.764,6793,1.3,82.1,0.3,10.7,0,False
1772742024.858,6794,1.5,83.2,0.2,10.7,0,False
1772742024.950,6795,1.1,82.1,0.2,10.7,0,False
1772742025.043,6796,1.4,81.6,0.2,10.7,0,False
1772742025.134,6797,1.1,82.2,0.2,10.7,0,False
1772742025.227,6798,1.4,82.1,0.3,10.7,0,False
1772742025.322,6799,1.1,85.1,0.2,10.7,0,False
1772742025.412,6800,1.1,80.9,0.2,10.8,0,False
1772742025.708,6801,0.8,79.6,0.2,9.7,0,False
1772742025.798,6802,0.9,81.8,0.2,9.7,0,False
1772742025.886,6803,1.5,78.8,0.2,9.7,0,False
1772742025.978,6804,1.2,82.6,0.2,9.7,0,False
1772742026.072,6805,1.2,83.3,0.3,9.7,0,False
1772742026.164,6806,1.2,82.0,0.2,9.7,0,False
1772742026.256,6807,1.2,82.5,0.3,9.7,0,False
1772742026.354,6808,1.2,88.4,0.2,9.7,0,False
1772742026.460,6809,1.2,96.0,0.2,9.6,0,False
1772742026.553,6810,1.2,82.3,0.2,9.6,0,False
1772742026.645,6811,1.5,82.2,0.2,9.6,0,False
1772742026.737,6812,1.1,82.3,0.2,9.7,0,False
1772742026.830,6813,1.2,82.3,0.2,9.7,0,False
1772742026.922,6814,1.1,82.3,0.2,9.7,0,False
1772742027.012,6815,1.6,81.1,0.2,9.7,0,False
1772742027.116,6816,1.2,94.0,0.2,9.6,0,False
1772742027.209,6817,1.2,82.9,0.2,9.6,0,False
1772742027.302,6818,1.2,83.7,0.2,9.6,0,False
1772742027.394,6819,1.2,82.3,0.2,9.7,0,False
1772742027.485,6820,1.1,82.4,0.2,9.6,0,False
1772742027.586,6821,1.1,91.6,0.2,10.7,0,False
1772742027.679,6822,1.7,82.0,0.2,10.6,0,False
1772742027.770,6823,1.1,81.6,0.2,10.6,0,False
1772742027.863,6824,1.4,83.1,0.2,10.6,0,False
1772742027.957,6825,1.1,84.5,0.2,10.6,0,False
1772742028.049,6826,1.2,82.3,0.2,10.6,0,False
1772742028.141,6827,1.1,81.9,0.2,10.6,0,False
1772742028.235,6828,1.5,83.7,0.2,10.6,0,False
1772742028.335,6829,1.2,91.0,0.2,10.7,0,False
1772742028.433,6830,1.2,88.5,0.2,10.6,0,False
1772742028.523,6831,1.5,80.1,0.3,10.7,0,False
1772742028.614,6832,1.2,81.3,0.2,10.7,0,False
1772742028.707,6833,1.3,83.0,0.3,10.7,0,False
1772742028.798,6834,1.3,81.8,0.2,10.7,0,False
1772742028.891,6835,1.2,83.0,0.3,10.6,0,False
1772742028.984,6836,1.3,82.6,0.2,10.7,0,False
1772742029.076,6837,1.2,83.0,0.2,10.7,0,False
1772742029.167,6838,1.5,81.0,0.3,10.7,0,False
1772742029.260,6839,1.2,83.2,0.2,10.7,0,False
1772742029.354,6840,1.2,84.1,0.2,10.7,0,False
1772742029.452,6841,1.0,86.5,0.6,10.7,0,False
1772742029.545,6842,1.2,82.7,0.2,10.7,0,False
1772742029.639,6843,1.1,83.7,0.3,10.7,0,False
1772742029.733,6844,0.8,84.2,0.2,10.7,0,False
1772742029.825,6845,1.2,83.0,0.2,10.7,0,False
1772742029.917,6846,1.3,82.5,0.2,10.7,0,False
1772742030.010,6847,1.2,83.3,0.3,10.7,0,False
1772742030.102,6848,1.2,81.3,0.2,10.7,0,False
1772742030.196,6849,1.2,84.0,0.4,10.8,0,False
1772742030.287,6850,1.2,81.9,0.2,10.8,0,False
1772742030.381,6851,1.1,83.6,0.7,10.8,0,False
1772742030.476,6852,1.2,84.9,0.2,10.7,0,False
1772742030.569,6853,1.2,83.6,0.2,10.7,0,False
1772742030.667,6854,1.1,89.0,0.2,10.7,0,False
1772742030.760,6855,1.3,82.9,0.2,10.7,0,False
1772742030.853,6856,1.1,82.4,0.2,10.7,0,False
1772742030.946,6857,1.3,82.9,0.2,10.7,0,False
1772742031.036,6858,1.5,80.9,0.2,10.7,0,False
1772742031.129,6859,1.1,84.0,0.2,10.7,0,False
1772742031.222,6860,1.1,83.5,0.2,10.7,0,False
1772742031.315,6861,1.1,83.7,0.2,10.7,0,False
1772742031.410,6862,1.1,85.3,0.2,10.7,0,False
1772742031.508,6863,1.2,88.8,0.2,10.7,0,False
1772742031.598,6864,1.6,80.7,0.2,10.7,0,False
1772742031.692,6865,1.5,82.6,0.2,10.7,0,False
1772742031.785,6866,1.1,82.7,0.2,10.7,0,False
1772742031.879,6867,1.2,82.3,0.2,10.7,0,False
1772742031.975,6868,1.1,84.9,0.2,10.7,0,False
1772742032.069,6869,1.2,82.3,0.2,10.7,0,False
1772742032.163,6870,1.2,83.9,0.3,10.7,0,False
1772742032.256,6871,1.2,82.5,0.2,10.7,0,False
1772742032.350,6872,1.3,84.0,0.3,10.7,0,False
1772742032.447,6873,1.1,87.4,0.2,10.7,0,False
1772742032.539,6874,1.6,82.5,0.2,10.7,0,False
1772742032.628,6875,1.5,80.4,0.2,10.7,0,False
1772742032.720,6876,1.1,82.4,0.3,10.7,0,False
1772742032.812,6877,1.1,81.6,0.2,10.7,0,False
1772742032.907,6878,1.2,84.9,0.5,10.7,0,False
1772742032.996,6879,1.6,79.7,0.2,10.7,0,False
1772742033.087,6880,1.1,81.8,0.3,10.7,0,False
1772742033.186,6881,1.4,81.8,0.2,10.7,0,False
1772742033.281,6882,1.2,84.0,0.3,10.7,0,False
1772742033.380,6883,1.1,81.9,0.2,10.7,0,False
1772742033.477,6884,1.5,84.0,0.2,10.6,0,False
1772742033.571,6885,1.1,81.8,0.2,10.6,0,False
1772742033.663,6886,1.2,81.5,0.2,10.6,0,False
1772742033.756,6887,1.1,82.6,0.2,10.7,0,False
1772742033.849,6888,1.2,81.7,0.2,10.7,0,False
1772742033.943,6889,1.2,83.1,0.2,10.7,0,False
1772742034.035,6890,1.4,81.4,0.2,10.7,0,False
1772742034.127,6891,1.1,81.6,0.2,10.7,0,False
1772742034.219,6892,1.2,80.8,0.2,10.7,0,False
1772742034.311,6893,1.1,81.9,0.2,10.7,0,False
1772742034.404,6894,1.3,81.0,0.2,10.7,0,False
1772742034.498,6895,0.8,84.2,0.2,10.7,0,False
1772742034.591,6896,1.6,82.3,0.2,10.7,0,False
1772742034.687,6897,1.1,85.2,0.2,10.7,0,False
1772742034.779,6898,1.3,81.4,0.2,10.7,0,False
1772742034.871,6899,1.1,82.0,0.2,10.7,0,False
1772742034.963,6900,1.2,81.6,0.2,10.7,0,False
1772742035.068,6901,1.5,94.4,0.2,10.6,0,False
1772742035.159,6902,1.2,81.4,0.2,10.7,0,False
1772742035.270,6903,1.2,101.5,0.2,10.6,0,False
1772742035.363,6904,1.3,83.5,0.2,10.6,0,False
1772742035.457,6905,1.1,84.5,0.2,10.6,0,False
1772742035.548,6906,1.8,81.6,0.2,10.6,0,False
1772742035.660,6907,1.5,102.3,0.2,10.5,0,False
1772742035.754,6908,1.9,84.5,0.2,10.5,0,False
1772742035.847,6909,1.2,83.8,0.2,10.5,0,False
1772742035.939,6910,1.2,81.5,0.2,10.5,0,False
1772742036.032,6911,1.2,83.3,0.2,10.5,0,False
1772742036.122,6912,1.6,80.4,0.2,10.5,0,False
1772742036.215,6913,1.1,83.5,0.2,10.5,0,False
1772742036.304,6914,1.5,80.3,0.2,10.5,0,False
1772742036.397,6915,1.1,82.9,0.2,10.5,0,False
1772742036.488,6916,1.7,81.9,0.2,10.5,0,False
1772742036.581,6917,1.1,82.3,0.4,10.6,0,False
1772742036.672,6918,1.2,81.4,0.2,10.6,0,False
1772742036.762,6919,1.6,80.6,0.2,10.6,0,False
1772742036.855,6920,1.2,81.6,0.3,10.6,0,False
1772742036.947,6921,1.2,82.5,0.2,10.6,0,False
1772742037.041,6922,1.3,82.8,0.2,10.6,0,False
1772742037.131,6923,1.5,80.2,0.2,10.7,0,False
1772742037.230,6924,1.9,87.7,0.2,10.7,0,False
1772742037.335,6925,1.1,94.3,0.2,10.7,0,False
1772742037.428,6926,1.2,82.7,0.2,10.6,0,False
1772742037.521,6927,1.8,82.7,0.2,10.7,0,False
1772742037.613,6928,1.2,81.4,0.2,10.8,0,False
1772742037.706,6929,1.6,81.9,0.2,10.8,0,False
1772742037.797,6930,1.3,81.1,0.2,10.8,0,False
1772742037.891,6931,1.4,82.3,0.2,10.8,0,False
1772742037.982,6932,1.3,81.3,0.2,10.8,0,False
1772742038.074,6933,1.1,83.2,0.2,10.8,0,False
1772742038.166,6934,1.2,81.5,0.2,10.7,0,False
1772742038.259,6935,1.1,83.4,0.2,10.7,0,False
1772742038.348,6936,1.6,79.9,0.2,10.8,0,False
1772742038.442,6937,1.1,84.7,0.2,10.7,0,False
1772742038.534,6938,1.2,81.8,0.2,10.7,0,False
1772742038.625,6939,1.5,80.8,0.3,10.7,0,False
1772742038.716,6940,1.1,81.0,0.2,10.7,0,False
1772742038.809,6941,1.1,81.9,0.2,10.7,0,False
1772742038.900,6942,1.2,80.9,0.2,10.8,0,False
1772742038.993,6943,1.1,82.2,0.2,10.7,0,False
1772742039.083,6944,1.5,79.8,0.2,10.8,0,False
1772742039.188,6945,1.1,95.1,0.2,10.8,0,False
1772742039.281,6946,1.2,82.1,0.2,10.8,0,False
1772742039.373,6947,1.5,82.0,0.2,10.8,0,False
1772742039.465,6948,1.5,82.2,0.2,10.8,0,False
1772742039.559,6949,1.1,83.7,0.2,10.8,0,False
1772742039.657,6950,1.1,86.6,0.2,10.8,0,False
1772742039.750,6951,2.0,81.9,0.2,10.8,0,False
1772742039.842,6952,1.2,82.3,0.2,10.7,0,False
1772742039.936,6953,2.8,81.6,0.2,10.7,0,False
1772742040.029,6954,1.6,80.7,0.2,10.7,0,False
1772742040.124,6955,1.1,82.6,0.2,10.7,0,False
1772742040.217,6956,1.2,82.6,0.2,10.7,0,False
1772742040.312,6957,1.5,83.2,0.2,10.7,0,False
1772742040.406,6958,1.2,82.2,0.2,10.7,0,False
1772742040.500,6959,0.8,84.0,0.2,10.7,0,False
1772742040.594,6960,1.2,83.4,0.3,10.6,0,False
1772742040.687,6961,1.5,81.6,0.2,10.6,0,False
1772742040.781,6962,1.3,83.2,0.2,10.6,0,False
1772742040.882,6963,1.2,89.8,0.2,10.6,0,False
1772742040.977,6964,1.6,84.9,0.2,10.6,0,False
1772742041.074,6965,1.0,85.1,0.2,10.6,0,False
1772742041.168,6966,1.2,83.1,0.3,10.6,0,False
1772742041.264,6967,1.2,85.1,0.3,10.6,0,False
1772742041.356,6968,1.2,81.4,0.2,10.6,0,False
1772742041.446,6969,1.5,80.6,0.2,10.6,0,False
1772742041.717,6970,0.8,81.2,0.2,9.7,0,False
1772742041.809,6971,0.9,83.5,0.2,9.7,0,False
1772742041.916,6972,1.4,96.1,0.2,9.6,0,False
1772742042.015,6973,1.5,89.2,0.2,9.6,0,False
1772742042.109,6974,1.2,83.7,0.3,9.6,0,False
1772742042.202,6975,2.4,81.5,0.2,9.6,0,False
1772742042.295,6976,1.2,83.5,0.2,9.6,0,False
1772742042.390,6977,1.3,83.7,0.2,9.6,0,False
1772742042.486,6978,1.3,85.3,0.4,9.6,0,False
1772742042.580,6979,1.2,83.3,0.3,9.6,0,False
1772742042.674,6980,1.2,83.8,0.4,9.6,0,False
1772742042.766,6981,1.6,82.0,0.2,9.6,0,False
1772742042.862,6982,1.2,85.1,0.2,9.6,0,False
1772742042.953,6983,1.5,81.6,0.2,9.7,0,False
1772742043.052,6984,1.2,89.0,0.2,9.6,0,False
1772742043.146,6985,1.2,83.0,0.2,9.7,0,False
1772742043.241,6986,1.5,83.4,0.3,9.6,0,False
1772742043.335,6987,1.1,83.7,0.2,9.7,0,False
1772742043.433,6988,1.3,85.8,0.2,9.6,0,False
1772742043.530,6989,1.2,86.6,0.2,9.6,0,False
1772742043.624,6990,1.2,83.5,0.2,10.5,0,False
1772742043.725,6991,1.1,87.4,0.2,10.4,0,False
1772742043.820,6992,1.2,84.1,0.2,10.5,0,False
1772742043.915,6993,1.4,83.1,0.2,10.5,0,False
1772742044.007,6994,1.6,81.4,0.2,10.5,0,False
1772742044.101,6995,1.1,82.9,0.2,10.5,0,False
1772742044.196,6996,1.2,84.5,0.3,10.5,0,False
1772742044.289,6997,1.2,82.7,0.2,10.5,0,False
1772742044.384,6998,1.2,84.7,0.2,10.5,0,False
1772742044.481,6999,0.9,86.6,0.2,10.5,0,False
1772742044.577,7000,1.2,84.9,0.2,10.5,0,False
1772742044.677,7001,1.1,89.5,0.2,10.5,0,False
1772742044.775,7002,1.2,88.0,0.2,10.5,0,False
1772742044.874,7003,1.2,87.8,0.2,10.4,0,False
1772742044.968,7004,1.2,83.1,0.2,10.4,0,False
1772742045.064,7005,1.8,83.8,0.2,10.4,0,False
1772742045.159,7006,1.2,83.9,0.2,10.4,0,False
1772742045.253,7007,1.1,82.9,0.2,10.4,0,False
1772742045.351,7008,1.1,88.0,0.2,10.4,0,False
1772742045.448,7009,1.1,85.6,0.2,10.4,0,False
1772742045.542,7010,1.8,82.9,0.2,10.4,0,False
1772742045.634,7011,1.5,81.7,0.2,10.5,0,False
1772742045.727,7012,1.9,82.6,0.2,10.5,0,False
1772742045.821,7013,1.1,83.1,0.2,10.5,0,False
1772742045.916,7014,1.4,83.4,0.2,10.5,0,False
1772742046.010,7015,1.1,84.2,0.2,10.5,0,False
1772742046.109,7016,1.1,86.8,0.2,10.5,0,False
1772742046.202,7017,0.9,82.0,0.3,10.5,0,False
1772742046.295,7018,1.2,82.3,0.2,10.5,0,False
1772742046.928,7019,0.9,81.4,0.2,8.2,0,False
1772742047.027,7020,0.8,83.5,0.2,8.2,0,False
1772742047.137,7021,0.8,85.4,0.2,8.1,0,False
1772742047.232,7022,0.8,80.0,0.2,8.1,0,False
1772742047.330,7023,0.8,82.7,0.2,8.1,0,False
1772742047.432,7024,0.8,87.1,0.2,8.1,0,False
1772742047.528,7025,0.9,81.3,0.3,8.1,0,False
1772742047.623,7026,0.9,80.7,0.2,8.1,0,False
1772742047.720,7027,1.6,81.0,0.2,8.1,0,False
1772742047.819,7028,0.8,83.9,0.2,8.1,0,False
1772742047.926,7029,0.9,93.3,0.2,8.1,0,False
1772742048.028,7030,1.0,87.0,0.2,8.0,0,False
1772742048.128,7031,0.9,84.9,0.3,8.0,0,False
1772742048.229,7032,0.9,86.2,0.2,8.0,0,False
1772742048.328,7033,1.0,83.3,0.2,8.0,0,False
1772742048.431,7034,0.8,88.2,0.5,8.0,0,False
1772742048.534,7035,0.8,87.2,0.2,7.9,0,False
1772742048.665,7036,0.8,115.2,0.2,7.8,0,False
1772742048.791,7037,0.8,111.3,0.2,7.7,0,False
1772742048.904,7038,1.5,96.0,0.3,7.7,0,False
1772742049.007,7039,0.8,88.1,0.2,9.6,0,False
1772742049.110,7040,1.4,88.8,0.2,9.6,0,False
1772742049.212,7041,0.8,87.3,0.2,9.6,0,False
1772742049.312,7042,0.8,84.3,0.2,9.6,0,False
1772742049.415,7043,0.9,88.1,0.2,9.6,0,False
1772742049.518,7044,0.8,87.6,0.2,9.6,0,False
1772742049.620,7045,0.9,86.7,0.4,9.6,0,False
1772742049.745,7046,0.9,110.7,0.2,9.4,0,False
1772742049.846,7047,0.8,86.6,0.2,9.4,0,False
1772742049.946,7048,0.8,84.7,0.2,9.4,0,False
1772742050.042,7049,0.8,82.3,0.2,9.5,0,False
1772742050.141,7050,1.1,83.2,0.2,9.5,0,False
1772742050.246,7051,1.6,88.8,0.2,9.4,0,False
1772742050.346,7052,0.9,84.6,0.2,9.4,0,False
1772742050.444,7053,1.0,84.0,0.2,9.5,0,False
1772742050.544,7054,0.8,84.9,0.2,9.5,0,False
1772742050.642,7055,0.8,83.1,0.2,9.5,0,False
1772742050.739,7056,1.5,81.0,0.2,9.6,0,False
1772742050.836,7057,1.5,81.0,0.2,9.8,0,False
1772742050.931,7058,0.8,79.9,0.2,9.9,0,False
1772742051.027,7059,1.3,82.7,0.2,9.9,0,False
1772742051.119,7060,1.2,81.4,0.2,10.0,0,False
1772742051.213,7061,1.1,82.5,0.2,10.0,0,False
1772742051.306,7062,1.1,82.6,0.2,10.0,0,False
1772742051.399,7063,1.2,81.5,0.2,10.1,0,False
1772742051.491,7064,1.5,82.1,0.2,10.1,0,False
1772742051.581,7065,1.6,80.5,0.2,10.2,0,False
1772742051.676,7066,1.0,84.0,0.2,10.4,0,False
1772742051.766,7067,1.5,80.3,0.2,10.4,0,False
1772742051.859,7068,1.1,81.5,0.2,10.5,0,False
1772742051.951,7069,1.1,81.7,0.2,10.5,0,False
1772742052.053,7070,2.4,91.1,0.2,10.5,0,False
1772742052.159,7071,1.5,96.5,0.2,10.5,0,False
1772742052.250,7072,1.1,81.2,0.2,10.5,0,False
1772742052.344,7073,1.4,81.4,0.2,10.5,0,False
1772742052.437,7074,1.5,81.6,0.2,10.6,0,False
1772742052.535,7075,1.2,81.8,0.2,10.6,0,False
1772742052.632,7076,1.5,82.7,0.4,10.6,0,False
1772742052.737,7077,0.8,86.3,0.2,10.5,0,False
1772742052.836,7078,0.8,85.3,0.3,10.5,0,False
1772742052.959,7079,0.8,113.1,0.2,10.4,0,False
1772742053.051,7080,0.8,80.9,0.2,10.4,0,False
1772742053.150,7081,1.0,86.6,0.2,10.3,0,False
1772742053.240,7082,1.6,79.8,0.2,10.3,0,False
1772742053.332,7083,1.0,82.2,0.3,10.3,0,False
1772742053.427,7084,1.1,84.5,0.2,10.3,0,False
1772742053.519,7085,1.1,81.7,0.4,10.3,0,False
1772742053.609,7086,1.6,79.5,0.2,10.3,0,False
1772742053.698,7087,1.5,79.9,0.2,10.4,0,False
1772742053.789,7088,1.5,80.1,0.2,10.4,0,False
1772742053.878,7089,1.5,80.3,0.2,10.4,0,False
1772742053.970,7090,1.5,82.1,0.2,10.4,0,False
1772742054.060,7091,1.5,80.7,0.2,10.5,0,False
1772742054.153,7092,1.1,82.5,0.2,10.5,0,False
1772742054.246,7093,1.1,82.5,0.2,10.5,0,False
1772742054.338,7094,1.1,82.8,0.2,10.5,0,False
1772742054.434,7095,1.2,85.2,0.2,10.5,0,False
1772742054.528,7096,1.2,83.7,0.2,10.5,0,False
1772742054.620,7097,1.2,82.0,0.2,10.6,0,False
1772742054.725,7098,1.2,94.3,0.2,10.6,0,False
1772742054.819,7099,1.3,82.8,0.3,10.8,0,False
1772742054.912,7100,1.2,82.1,0.2,10.7,0,False
1772742055.006,7101,1.2,83.7,0.3,10.8,0,False
1772742055.098,7102,1.2,82.3,0.2,10.8,0,False
1772742055.192,7103,1.2,83.6,0.2,10.8,0,False
1772742055.283,7104,1.6,80.8,0.2,10.8,0,False
1772742055.374,7105,1.6,81.2,0.3,10.8,0,False
1772742055.471,7106,1.2,85.7,0.2,10.7,0,False
1772742055.567,7107,1.3,84.2,0.2,10.7,0,False
1772742055.662,7108,1.3,82.2,0.2,10.7,0,False
1772742055.756,7109,1.5,82.2,0.2,10.7,0,False
1772742055.853,7110,1.1,83.0,0.2,10.6,1,True
1772742055.954,7111,1.1,84.2,0.2,10.6,1,True
1772742056.051,7112,1.1,84.3,0.2,10.5,1,True
1772742056.145,7113,1.1,82.0,0.2,10.5,1,True
1772742056.249,7114,1.3,92.6,0.2,10.5,1,True
1772742056.342,7115,1.5,81.2,0.3,10.5,1,True
1772742056.436,7116,1.1,84.0,0.2,10.5,0,True
1772742056.531,7117,1.1,84.6,0.2,10.5,0,True
1772742056.625,7118,1.1,83.2,0.2,10.5,0,True
1772742056.720,7119,1.1,84.4,0.2,10.5,0,True
1772742056.814,7120,1.1,82.3,0.2,10.5,1,True
1772742056.908,7121,1.4,83.2,0.2,10.5,0,True
1772742057.002,7122,1.2,82.4,0.2,10.5,0,True
1772742057.096,7123,1.0,82.8,0.2,10.5,0,True
1772742057.190,7124,1.2,83.0,0.2,10.5,0,True
1772742057.286,7125,1.6,83.8,0.2,10.5,1,True
1772742057.394,7126,0.8,98.6,0.2,10.4,0,True
1772742057.488,7127,0.8,85.2,0.2,10.4,0,True
1772742057.727,7128,0.8,82.7,0.2,9.7,1,True
1772742057.822,7129,1.4,84.4,0.2,9.7,0,True
1772742057.919,7130,0.8,85.8,0.2,9.7,1,True
1772742058.018,7131,0.8,88.6,0.2,9.7,1,True
1772742058.112,7132,1.1,81.9,0.2,9.7,1,True
1772742058.213,7133,1.1,90.1,0.2,9.7,1,True
1772742058.307,7134,1.5,83.2,0.2,9.7,0,True
1772742058.400,7135,1.1,81.8,0.2,9.7,1,True
1772742058.498,7136,1.1,85.9,0.2,9.7,1,True
1772742058.603,7137,0.8,94.5,0.2,9.7,1,True
1772742058.699,7138,1.1,83.9,0.2,9.6,1,True
1772742058.795,7139,1.1,85.5,0.2,9.6,0,True
1772742058.888,7140,1.1,81.8,0.2,9.6,0,True
1772742058.995,7141,1.5,97.1,0.2,9.6,0,True
1772742059.108,7142,2.0,101.8,0.3,9.5,0,True
1772742059.213,7143,0.8,96.3,0.2,9.4,0,True
1772742059.336,7144,2.3,110.3,0.2,9.3,0,True
1772742059.453,7145,0.8,104.5,0.2,9.2,0,True
1772742059.555,7146,0.8,90.8,0.4,9.3,0,True
1772742059.659,7147,0.8,93.8,0.2,9.2,1,True
1772742059.762,7148,0.8,92.6,0.2,9.8,1,True
1772742059.871,7149,1.6,96.1,0.2,9.8,1,True
1772742059.987,7150,0.8,106.0,0.2,9.7,2,True
1772742060.081,7151,0.8,82.8,0.3,9.7,1,True
1772742060.174,7152,1.6,82.2,0.3,9.7,2,True
1772742060.271,7153,1.1,85.9,0.2,9.7,2,True
1772742060.367,7154,1.1,82.5,0.2,9.7,2,True
1772742060.470,7155,1.2,91.5,0.2,9.7,1,True
1772742060.569,7156,0.8,88.7,0.2,9.7,1,True
1772742060.667,7157,0.8,86.9,0.2,9.7,1,True
1772742060.766,7158,0.8,89.2,0.2,9.7,1,True
1772742060.861,7159,0.8,85.7,0.2,9.7,0,True
1772742060.959,7160,0.8,89.0,0.2,9.7,0,True
1772742061.069,7161,0.8,100.5,0.2,9.6,0,True
1772742061.178,7162,0.8,99.9,0.2,9.7,0,True
1772742061.295,7163,1.4,107.1,0.2,9.6,0,True
1772742061.395,7164,1.1,88.2,0.3,9.7,0,True
1772742061.494,7165,1.9,87.3,0.2,9.8,0,True
1772742061.594,7166,1.8,89.8,0.3,9.8,0,True
1772742061.697,7167,1.1,91.9,0.2,9.8,0,True
1772742061.791,7168,1.1,83.1,0.2,9.9,0,True
1772742061.886,7169,1.6,83.1,0.2,9.9,0,True
1772742061.985,7170,1.1,88.9,0.3,10.0,0,True
1772742062.080,7171,1.5,84.3,0.2,10.0,0,True
1772742062.175,7172,1.3,84.2,0.2,10.0,0,True
1772742062.271,7173,1.2,84.7,0.2,10.0,0,True
1772742062.372,7174,0.8,91.5,0.2,10.0,0,True
1772742062.470,7175,1.1,85.0,0.3,10.0,0,True
1772742062.568,7176,0.9,87.1,0.2,10.0,0,True
1772742062.669,7177,0.8,83.6,0.2,10.0,0,True
1772742062.762,7178,1.2,83.1,0.2,10.0,0,True
1772742062.861,7179,0.8,84.2,0.2,10.0,0,True
1772742062.954,7180,1.2,83.3,0.2,10.0,0,True
1772742063.046,7181,1.1,82.2,0.2,10.1,0,True
1772742063.138,7182,1.1,83.3,0.2,10.2,0,True
1772742063.230,7183,1.1,82.7,0.2,10.3,0,True
1772742063.321,7184,1.5,80.7,0.4,10.4,0,True
1772742063.414,7185,1.2,84.0,0.2,10.4,0,True
1772742063.506,7186,1.4,82.6,0.3,10.5,0,True
1772742063.601,7187,1.2,85.1,0.2,10.5,0,True
1772742063.700,7188,0.8,90.5,0.2,10.5,0,False
1772742063.792,7189,1.2,82.2,0.2,10.5,0,False
1772742063.886,7190,1.2,84.3,0.2,10.5,0,False
1772742063.980,7191,1.2,84.9,0.2,10.5,0,False
1772742064.076,7192,1.5,87.5,0.2,10.5,0,False
1772742064.175,7193,0.8,89.7,0.4,10.5,0,False
1772742064.268,7194,0.8,85.7,0.2,10.5,0,False
1772742064.365,7195,0.8,89.0,0.2,10.6,0,False
1772742064.462,7196,0.8,89.8,0.3,10.6,0,False
1772742064.559,7197,1.5,88.0,0.2,10.6,0,False
1772742064.654,7198,0.9,85.9,0.4,10.6,0,False
1772742064.747,7199,0.8,84.9,0.2,10.6,0,False
1772742064.836,7200,1.5,80.6,0.2,10.6,0,False
1772742064.939,7201,2.0,93.3,0.2,10.6,0,False
1772742065.038,7202,1.3,90.6,0.2,10.5,0,False
1772742065.127,7203,1.5,80.5,0.2,10.5,0,False
1772742065.218,7204,1.1,82.1,0.3,10.5,0,False
1772742065.307,7205,1.5,80.2,0.2,10.6,0,False
1772742065.398,7206,1.2,82.0,0.2,10.6,0,False
1772742065.490,7207,1.5,82.5,0.2,10.6,0,False
1772742065.581,7208,1.2,82.4,0.2,10.6,0,False
1772742065.671,7209,1.8,80.2,0.2,10.6,0,False
1772742065.759,7210,1.5,80.2,0.2,10.7,0,False
1772742065.853,7211,1.1,84.7,0.2,10.7,0,False
1772742065.942,7212,1.5,80.7,0.2,10.7,0,False
1772742066.036,7213,1.1,85.5,0.2,10.7,0,False
1772742066.127,7214,1.5,82.8,0.2,10.8,0,False
1772742066.217,7215,0.8,82.5,0.4,10.8,0,False
1772742066.306,7216,1.5,80.5,0.2,10.8,0,False
1772742066.399,7217,1.1,83.8,0.2,10.9,0,False
1772742066.493,7218,1.0,82.1,0.2,10.9,0,False
1772742066.594,7219,1.2,91.7,0.2,10.8,0,False
1772742066.686,7220,1.1,81.9,0.2,10.8,0,False
1772742066.782,7221,1.1,86.8,0.2,10.8,0,False
1772742066.874,7222,1.1,82.6,0.2,10.9,0,False
1772742066.968,7223,1.1,84.0,0.2,10.9,0,False
1772742067.060,7224,1.1,82.7,0.2,10.9,0,False
1772742067.619,7225,0.8,81.6,0.2,8.7,0,False
1772742067.712,7226,1.0,80.3,0.2,8.6,0,False
1772742067.807,7227,0.8,82.2,0.2,8.6,0,False
1772742067.903,7228,1.6,80.3,0.2,8.6,0,False
1772742068.000,7229,0.8,83.5,0.3,8.6,0,False
1772742068.095,7230,0.8,82.1,0.2,8.6,0,False
1772742068.193,7231,0.8,83.5,0.2,8.5,0,False
1772742068.285,7232,0.8,80.0,0.2,8.5,0,False
1772742068.383,7233,1.3,83.5,0.2,8.5,0,False
1772742068.481,7234,0.8,84.7,0.2,8.5,0,False
1772742068.583,7235,0.8,87.6,0.2,8.5,0,False
1772742068.678,7236,1.1,81.7,0.3,8.4,0,False
1772742068.772,7237,0.8,81.0,0.2,8.4,0,False
1772742068.867,7238,0.8,82.1,0.2,8.4,0,False
1772742068.963,7239,0.8,82.3,0.2,8.4,0,False
1772742069.059,7240,0.9,81.9,0.2,8.4,0,False
1772742069.152,7241,0.8,80.4,0.3,8.4,0,False
1772742069.249,7242,0.8,83.9,0.2,8.4,0,False
1772742069.345,7243,1.1,82.6,0.2,8.4,0,False
1772742069.443,7244,0.8,84.7,0.2,8.4,0,False
1772742069.536,7245,0.8,80.2,0.2,10.4,0,False
1772742069.631,7246,0.8,82.0,0.2,10.4,0,False
1772742069.731,7247,0.8,86.5,0.2,10.4,0,False
1772742069.828,7248,1.1,82.6,0.2,10.4,0,False
1772742069.924,7249,0.8,82.9,0.2,10.4,0,False
1772742070.019,7250,1.6,80.4,0.2,10.4,0,False
1772742070.115,7251,0.8,82.1,0.2,10.4,0,False
1772742070.211,7252,0.9,82.4,0.2,10.4,0,False
1772742070.307,7253,0.8,83.0,0.2,10.4,0,False
1772742070.401,7254,0.8,81.0,0.2,10.4,0,False
1772742070.498,7255,1.1,83.9,0.2,10.4,0,False
1772742070.594,7256,0.8,82.2,0.2,10.4,0,False
1772742070.690,7257,0.8,81.5,0.2,10.4,0,False
1772742070.792,7258,0.8,83.1,0.2,10.4,0,False
1772742070.887,7259,1.1,79.8,0.3,10.4,0,False
1772742070.982,7260,0.8,81.2,0.2,10.4,0,False
1772742071.078,7261,0.8,81.7,0.2,10.4,0,False
1772742071.178,7262,0.8,84.8,0.2,10.4,0,False
1772742071.273,7263,0.8,81.8,0.2,10.4,0,False
1772742071.368,7264,1.6,80.0,0.2,10.4,0,False
1772742071.466,7265,1.2,83.5,0.2,10.4,0,False
1772742071.561,7266,0.8,81.5,0.2,10.4,0,False
1772742071.658,7267,0.8,81.6,0.2,10.4,0,False
1772742071.754,7268,1.5,80.9,0.2,10.4,0,False
1772742071.847,7269,0.8,80.0,0.3,10.4,0,False
1772742071.943,7270,0.8,83.3,0.2,10.4,0,False
1772742072.038,7271,1.2,84.7,0.2,10.4,0,False
1772742072.130,7272,1.3,83.3,0.2,10.4,0,False
1772742072.220,7273,1.1,81.4,0.2,10.5,0,False
1772742072.312,7274,1.1,82.9,0.2,10.5,0,False
1772742072.400,7275,1.5,79.6,0.2,10.5,0,False
1772742072.490,7276,1.5,82.3,0.3,10.5,0,False
1772742072.582,7277,0.8,81.5,0.2,10.6,0,False
1772742072.674,7278,0.8,82.5,0.2,10.6,0,False
1772742072.776,7279,1.3,90.9,0.2,10.6,0,False
1772742072.868,7280,1.2,83.4,0.3,10.6,0,False
1772742072.961,7281,1.1,84.2,0.2,10.6,0,False
1772742073.053,7282,1.1,83.1,0.2,10.7,0,False
1772742073.144,7283,1.2,82.3,0.2,10.7,0,False
1772742073.240,7284,1.2,86.3,0.2,10.7,0,False
1772742073.337,7285,1.2,88.3,0.2,10.7,0,False
1772742073.427,7286,1.1,81.6,0.2,10.7,0,False
1772742073.729,7287,0.8,80.8,0.2,9.7,0,False
1772742073.819,7288,1.1,82.3,0.2,9.7,0,False
1772742073.912,7289,1.1,84.0,0.2,9.7,0,False
1772742074.003,7290,1.1,81.4,0.2,9.7,0,False
1772742074.100,7291,1.1,84.4,0.2,9.7,0,False
1772742074.191,7292,1.2,82.0,0.2,9.7,0,False
1772742074.284,7293,1.1,84.3,0.2,9.7,0,False
1772742074.373,7294,1.5,80.5,0.2,9.7,0,False
1772742074.475,7295,1.5,93.6,0.2,9.6,0,False
1772742074.568,7296,1.1,82.4,0.3,9.6,0,False
1772742074.669,7297,1.1,87.6,0.2,9.6,0,False
1772742074.764,7298,1.1,83.6,0.6,9.6,1,True
1772742074.866,7299,0.8,85.0,0.2,9.6,0,True
1772742074.968,7300,0.8,83.9,0.2,9.5,0,True
1772742075.076,7301,1.1,96.3,0.2,9.5,0,True
1772742075.184,7302,0.8,91.4,0.2,9.4,0,True
1772742075.292,7303,1.1,97.0,0.3,9.3,0,True
1772742075.385,7304,1.1,82.4,0.2,9.3,0,True
1772742075.499,7305,0.9,102.0,0.2,9.2,0,True
1772742075.600,7306,0.8,84.6,0.2,9.2,0,True
1772742075.693,7307,1.0,82.8,0.2,10.2,0,True
1772742075.792,7308,0.8,83.6,0.3,10.1,0,True
1772742075.885,7309,1.2,82.7,0.2,10.1,0,True
1772742075.991,7310,0.8,92.4,0.2,10.1,0,True
1772742076.084,7311,1.1,82.4,0.2,10.1,0,True
1772742076.176,7312,1.0,81.6,0.2,10.1,0,True
1772742076.278,7313,0.8,84.3,0.2,10.0,0,True
1772742076.372,7314,1.6,81.6,0.2,10.0,0,True
1772742076.471,7315,1.1,88.3,0.4,10.0,0,True
1772742076.563,7316,1.1,81.7,0.2,10.0,0,True
1772742076.656,7317,1.1,82.6,0.3,10.1,0,True
1772742076.755,7318,1.1,88.9,0.2,10.0,0,True
1772742076.849,7319,1.1,83.8,0.2,10.1,0,True
1772742076.941,7320,1.1,82.2,0.2,10.1,0,True
1772742077.037,7321,1.2,83.8,0.2,10.2,0,True
1772742077.130,7322,1.0,82.4,0.2,10.3,0,True
1772742077.224,7323,0.9,82.4,0.2,10.4,0,True
1772742077.317,7324,1.2,83.0,0.2,10.4,0,True
1772742077.422,7325,3.3,94.1,0.2,10.4,0,True
1772742077.516,7326,1.1,84.4,0.2,10.4,0,True
1772742077.608,7327,1.1,82.0,0.2,10.4,0,True
1772742077.702,7328,1.2,84.1,0.2,10.5,0,False
1772742077.794,7329,1.2,81.8,0.2,10.5,0,False
1772742077.886,7330,1.2,82.5,0.2,10.6,0,False
1772742077.978,7331,1.2,81.9,0.2,10.6,0,False
1772742078.069,7332,1.2,82.1,0.2,10.6,0,False
1772742078.161,7333,1.2,81.7,0.2,10.6,0,False
1772742078.252,7334,1.2,81.6,0.2,10.6,0,False
1772742078.343,7335,1.2,80.8,0.2,10.7,0,False
1772742078.436,7336,1.2,83.3,0.4,10.7,0,False
1772742078.527,7337,1.2,81.3,0.3,10.7,0,False
1772742078.618,7338,1.2,80.9,0.2,10.7,0,False
1772742078.709,7339,1.6,80.5,0.2,10.8,0,False
1772742078.801,7340,0.9,82.5,0.2,10.8,0,False
1772742078.896,7341,1.6,85.0,0.2,10.8,0,False
1772742078.987,7342,1.1,81.9,0.2,10.8,0,False
1772742079.081,7343,1.0,82.0,0.2,10.8,0,False
1772742079.173,7344,1.2,82.6,0.2,10.8,0,False
1772742079.265,7345,1.6,81.8,0.2,10.8,0,False
1772742079.354,7346,1.5,79.4,0.2,10.9,0,False
1772742079.445,7347,1.5,82.1,0.2,10.9,0,False
1772742079.537,7348,1.1,82.5,0.2,10.9,0,False
1772742079.630,7349,1.1,83.0,0.2,10.9,0,False
1772742079.725,7350,1.5,85.8,0.2,10.9,0,False
1772742079.826,7351,2.6,88.6,0.2,10.8,0,False
1772742079.922,7352,1.1,85.3,0.2,10.8,0,False
1772742080.013,7353,1.0,81.8,0.2,10.8,0,False
1772742080.105,7354,0.9,82.1,0.2,10.8,0,False
1772742080.198,7355,1.0,81.9,0.2,10.8,0,False
1772742080.290,7356,1.1,83.1,0.2,10.8,0,False
1772742080.383,7357,1.4,82.0,0.2,10.8,0,False
1772742080.477,7358,1.2,84.6,0.2,10.8,0,False
1772742080.569,7359,1.2,81.4,0.2,10.8,0,False
1772742080.661,7360,1.1,82.1,0.2,10.8,0,False
1772742080.752,7361,1.2,80.9,0.2,10.8,0,False
1772742080.844,7362,1.2,81.8,0.2,10.8,0,False
1772742080.937,7363,1.3,81.8,0.2,10.8,0,False
1772742081.029,7364,1.1,82.6,0.2,10.8,0,False
1772742081.123,7365,1.7,81.9,0.2,10.8,0,False
1772742081.214,7366,1.2,81.8,0.2,10.8,0,False
1772742081.308,7367,1.6,82.6,0.2,10.7,0,False
1772742081.397,7368,1.5,80.2,0.2,10.8,0,False
1772742081.490,7369,1.1,83.7,0.2,10.8,0,False
1772742081.582,7370,1.2,82.0,0.2,10.8,0,False
1772742081.673,7371,1.6,81.8,0.2,10.8,0,False
1772742081.764,7372,1.5,80.8,0.2,10.9,0,False
1772742081.854,7373,1.6,80.5,0.3,10.9,0,False
1772742081.944,7374,1.1,81.1,0.2,10.9,0,False
1772742082.034,7375,1.5,80.5,0.2,10.9,0,False
1772742082.130,7376,1.1,84.3,0.2,10.9,0,False
1772742082.223,7377,1.1,82.8,0.2,10.9,0,False
1772742082.313,7378,1.5,80.3,0.2,10.9,0,False
1772742082.406,7379,1.1,82.9,0.4,10.9,0,False
1772742082.514,7380,0.8,98.2,0.2,10.8,0,False
1772742082.613,7381,1.1,84.2,0.2,10.8,0,False
1772742082.706,7382,1.0,82.6,0.2,10.7,0,False
1772742082.798,7383,1.2,81.7,0.2,10.7,0,False
1772742082.894,7384,1.1,85.5,0.3,10.7,0,False
1772742082.983,7385,1.5,80.0,0.3,10.7,0,False
1772742083.076,7386,1.1,82.5,0.2,10.7,0,False
1772742083.168,7387,1.2,81.5,0.2,10.8,0,False
1772742083.260,7388,1.1,82.6,0.2,10.7,0,False
1772742083.352,7389,1.1,81.0,0.2,10.7,0,False
1772742083.446,7390,1.5,84.7,0.2,10.7,0,False
1772742083.538,7391,1.2,82.0,0.2,10.7,0,False
1772742083.631,7392,1.2,82.8,0.2,10.7,0,False
1772742083.724,7393,1.2,82.2,0.2,10.7,0,False
1772742083.816,7394,1.1,82.6,0.2,10.7,0,False
1772742083.909,7395,1.2,81.8,0.2,10.7,0,False
1772742084.001,7396,1.1,82.5,0.2,10.7,0,False
1772742084.095,7397,1.0,82.1,0.2,10.7,0,False
1772742084.186,7398,1.1,81.6,0.2,10.7,0,False
1772742084.280,7399,2.1,82.5,0.2,10.7,0,False
1772742084.370,7400,1.5,80.3,0.3,10.8,0,False
1772742084.465,7401,1.6,84.6,0.2,10.8,0,False
1772742084.555,7402,1.5,80.4,0.2,10.8,0,False
1772742084.648,7403,1.6,83.0,0.2,10.8,0,False
1772742084.743,7404,1.6,83.5,0.2,10.8,0,False
1772742084.842,7405,1.7,89.1,0.2,10.8,0,False
1772742084.935,7406,1.1,82.1,0.2,10.8,0,False
1772742085.027,7407,1.2,81.8,0.2,10.8,0,False
1772742085.118,7408,1.1,81.5,0.2,10.8,0,False
1772742085.214,7409,1.5,85.2,0.2,10.7,0,False
1772742085.311,7410,1.0,87.2,0.2,10.7,0,False
1772742085.419,7411,2.2,94.4,0.3,10.6,0,False
1772742085.528,7412,1.2,97.1,0.2,10.5,0,False
1772742085.620,7413,1.2,81.6,0.2,10.5,0,False
1772742085.712,7414,1.2,82.0,0.2,10.5,0,False
1772742085.804,7415,1.5,81.3,0.2,10.6,0,False
1772742085.896,7416,1.1,82.8,0.2,10.6,0,False
1772742085.990,7417,1.1,81.9,0.2,10.6,0,False
1772742086.081,7418,1.5,81.5,0.2,10.6,0,False
1772742086.172,7419,2.4,80.4,0.2,10.6,0,False
1772742086.265,7420,1.1,82.2,0.2,10.6,0,False
1772742086.361,7421,1.3,85.7,0.2,10.5,0,False
1772742086.454,7422,1.5,83.2,0.2,10.5,0,False
1772742086.548,7423,1.3,82.5,0.2,10.5,0,False
1772742086.641,7424,1.1,83.2,0.2,10.5,0,False
1772742086.733,7425,1.5,81.7,0.2,10.6,0,False
1772742086.825,7426,1.1,82.2,0.2,10.6,0,False
1772742086.925,7427,0.8,83.6,0.2,10.5,0,False
1772742087.016,7428,1.5,80.7,0.4,10.5,0,False
1772742087.107,7429,1.1,82.1,0.2,10.6,0,False
1772742087.199,7430,1.1,81.6,0.2,10.6,0,False
1772742087.292,7431,1.1,81.8,0.2,10.7,0,False
1772742087.384,7432,1.1,82.2,0.2,10.8,0,False
1772742087.482,7433,1.5,87.0,0.2,10.7,0,False
1772742087.576,7434,1.1,84.7,0.2,10.7,0,False
1772742087.668,7435,1.1,82.0,0.2,10.7,0,False
1772742087.761,7436,1.1,82.1,0.3,10.7,0,False
1772742087.852,7437,1.0,81.4,0.2,10.7,0,False
1772742087.961,7438,0.8,94.9,0.2,10.6,0,False
1772742088.067,7439,1.1,95.6,0.2,10.6,0,False
1772742088.159,7440,1.1,82.3,0.2,10.6,0,False
1772742088.255,7441,2.4,82.6,0.2,10.6,0,False
1772742088.348,7442,1.2,83.0,0.2,10.6,0,False
1772742088.445,7443,1.5,83.9,0.2,10.5,0,False
1772742088.539,7444,1.1,82.4,0.3,10.5,0,False
1772742088.633,7445,1.0,83.1,0.2,10.5,0,False
1772742088.736,7446,0.8,86.1,0.2,10.5,0,False
1772742088.830,7447,0.9,83.5,0.2,10.5,0,False
1772742088.925,7448,0.8,82.4,0.2,10.5,0,False
1772742089.017,7449,0.8,81.4,0.2,10.5,0,False
1772742089.111,7450,0.8,82.0,0.2,10.5,0,False
1772742089.204,7451,1.1,82.3,0.2,10.5,0,False
1772742089.296,7452,1.5,81.8,0.2,10.5,0,False
1772742089.387,7453,1.1,80.6,0.2,10.5,0,False
1772742089.480,7454,1.6,82.8,0.2,10.5,0,False
1772742089.743,7455,2.0,83.6,0.2,9.6,0,False
1772742089.842,7456,1.3,87.6,0.6,9.6,0,False
1772742089.935,7457,1.2,81.9,0.2,9.6,0,False
1772742090.034,7458,1.2,87.2,0.2,9.6,0,False
1772742090.142,7459,1.5,97.1,0.2,9.6,0,False
1772742090.238,7460,0.8,85.3,0.2,9.6,0,False
1772742090.333,7461,1.2,82.9,0.2,9.6,0,False
1772742090.431,7462,1.1,85.6,0.2,9.6,0,False
1772742090.526,7463,1.1,83.1,0.2,9.6,0,False
1772742090.621,7464,1.1,83.2,0.3,9.6,0,False
1772742090.716,7465,1.1,82.7,0.2,9.6,0,False
1772742090.811,7466,1.1,84.1,0.2,9.6,0,False
1772742090.904,7467,1.6,81.4,0.2,9.6,0,False
1772742090.999,7468,1.1,84.4,0.2,9.6,0,False
1772742091.095,7469,1.1,83.7,0.2,9.6,0,False
1772742091.201,7470,1.2,94.0,0.2,9.6,0,False
1772742091.298,7471,1.7,83.5,0.2,9.6,0,False
1772742091.391,7472,1.3,82.3,0.2,9.5,0,False
1772742091.491,7473,1.7,89.1,0.2,9.5,0,False
1772742091.585,7474,1.3,82.5,0.3,9.5,0,False
1772742091.679,7475,1.2,82.3,0.2,10.3,0,False
1772742091.774,7476,1.2,83.2,0.2,10.4,0,False
1772742091.865,7477,1.5,80.5,0.2,10.4,0,False
1772742091.959,7478,1.1,83.7,0.2,10.4,0,False
1772742092.050,7479,1.6,80.2,0.2,10.5,0,False
1772742092.162,7480,1.1,102.0,0.2,10.4,0,False
1772742092.254,7481,1.5,81.4,0.3,10.4,0,False
1772742092.346,7482,1.1,82.5,0.2,10.4,0,False
1772742092.442,7483,1.2,85.7,0.2,10.4,0,False
1772742092.535,7484,1.2,82.4,0.2,10.4,0,False
1772742092.638,7485,1.1,92.2,0.3,10.4,0,False
1772742092.734,7486,1.1,83.4,0.3,10.4,0,False
1772742092.826,7487,1.6,81.5,0.2,10.4,0,False
1772742092.920,7488,1.1,82.8,0.2,10.4,0,False
1772742093.013,7489,1.2,81.8,0.2,10.4,0,False
1772742093.108,7490,1.2,83.8,0.3,10.5,0,False
1772742093.200,7491,1.5,81.0,0.2,10.5,0,False
1772742093.294,7492,1.1,82.7,0.3,10.5,0,False
1772742093.387,7493,1.2,81.7,0.2,10.6,0,False
1772742093.484,7494,1.2,85.5,0.2,10.5,0,False
1772742093.576,7495,1.6,81.6,0.2,10.5,0,False
1772742093.672,7496,1.2,84.9,0.2,10.5,2,True
1772742093.769,7497,1.1,85.2,0.3,10.5,1,True
1772742093.867,7498,0.8,83.2,0.2,10.5,1,True
1772742093.963,7499,1.2,84.0,0.3,10.5,1,True
1772742094.059,7500,1.1,83.6,0.3,10.5,1,True
1772742094.160,7501,1.1,85.4,0.2,10.5,1,True
1772742094.256,7502,1.1,83.2,0.3,10.5,2,True
1772742094.352,7503,1.2,82.8,0.3,10.5,2,True
1772742094.452,7504,1.1,87.8,0.2,10.4,1,True
1772742094.545,7505,1.6,82.0,0.2,10.5,0,True
1772742094.641,7506,1.4,84.2,0.2,10.5,0,True
1772742094.737,7507,1.5,84.8,0.2,10.5,0,True
1772742094.829,7508,1.5,81.7,0.2,10.5,0,True
1772742094.922,7509,1.6,81.4,0.3,10.5,0,True
1772742095.015,7510,1.4,81.6,0.2,10.5,0,True
1772742095.111,7511,0.9,83.8,0.2,10.5,0,True
1772742095.206,7512,1.1,82.5,0.2,10.5,0,True
1772742095.302,7513,1.2,84.2,0.3,10.4,0,True
1772742095.399,7514,1.2,83.2,0.3,10.4,1,True
1772742095.498,7515,1.8,84.1,0.3,10.4,1,True
1772742095.594,7516,1.2,84.0,0.2,10.4,0,True
1772742095.687,7517,1.6,81.5,0.3,10.4,0,True
1772742095.780,7518,1.5,81.4,0.2,10.5,0,True
1772742095.873,7519,1.6,81.3,0.2,10.5,1,True
1772742095.968,7520,1.2,83.3,0.3,10.5,0,True
1772742096.063,7521,1.1,82.8,0.2,10.5,0,True
1772742096.156,7522,1.6,82.2,0.3,10.5,0,True
1772742096.252,7523,1.1,83.2,0.2,10.5,0,True
1772742096.348,7524,1.1,84.8,0.2,10.5,0,True
1772742096.446,7525,1.2,85.0,0.2,10.5,1,True
1772742096.542,7526,1.2,83.1,0.2,10.5,0,True
1772742096.638,7527,1.1,84.7,0.6,10.5,0,True
1772742096.733,7528,1.2,83.2,0.2,10.5,0,True
1772742096.830,7529,1.2,84.7,0.2,10.5,0,True
1772742096.925,7530,1.2,83.2,0.2,10.5,0,True
1772742097.030,7531,0.8,88.7,0.2,10.4,0,True
1772742097.125,7532,1.3,83.6,0.2,10.4,0,True
1772742097.218,7533,0.9,81.9,0.2,10.4,0,True
1772742097.311,7534,1.3,81.8,0.2,10.5,0,True
1772742097.401,7535,1.5,79.9,0.2,10.5,0,True
1772742097.495,7536,0.8,83.0,0.2,10.5,0,True
1772742097.589,7537,1.2,81.6,0.2,10.5,1,True
1772742097.685,7538,1.2,83.6,0.3,10.5,1,True
1772742097.779,7539,1.2,81.4,0.2,10.5,1,True
1772742097.875,7540,1.5,81.9,0.2,10.5,1,True
1772742097.972,7541,1.1,82.3,0.3,10.5,0,True
1772742098.065,7542,1.1,81.6,0.3,10.5,0,True
1772742098.159,7543,1.1,82.3,0.4,10.5,1,True
1772742098.252,7544,1.2,81.8,0.2,10.5,0,True
1772742098.342,7545,1.5,79.1,0.2,10.5,0,True
1772742098.437,7546,1.1,83.4,0.2,10.6,0,True
1772742098.533,7547,1.1,83.8,0.4,10.6,0,True
1772742098.626,7548,1.1,82.2,0.2,10.6,0,True
1772742098.721,7549,1.1,83.5,0.2,10.6,0,True
1772742098.814,7550,1.1,81.9,0.2,10.6,0,True
1772742098.909,7551,1.2,83.6,0.2,10.6,0,True
1772742099.002,7552,1.1,81.7,0.2,10.7,0,True
1772742099.096,7553,1.5,82.4,0.2,10.6,0,True
1772742099.189,7554,1.2,81.8,0.2,10.6,0,True
1772742099.284,7555,1.5,82.4,0.2,10.6,0,True
1772742099.376,7556,1.5,80.0,0.2,10.6,0,True
1772742099.474,7557,1.5,85.2,0.2,10.6,0,True
1772742099.568,7558,1.2,81.6,0.2,10.6,0,True
1772742099.671,7559,1.2,91.3,0.2,10.6,0,True
1772742099.765,7560,2.3,80.9,0.2,10.6,0,True
1772742099.860,7561,2.1,83.6,0.2,10.6,0,True
1772742099.952,7562,2.3,80.5,0.3,10.6,0,True
1772742100.046,7563,1.1,81.9,0.2,10.6,0,True
1772742100.139,7564,1.2,81.3,0.2,10.6,0,True
1772742100.235,7565,1.2,82.7,0.3,10.6,1,True
1772742100.328,7566,1.3,80.6,0.3,10.6,1,True
1772742100.428,7567,0.9,85.0,0.3,10.6,1,True
1772742100.521,7568,1.2,80.7,0.2,10.6,1,True
1772742100.617,7569,1.2,84.1,0.3,10.5,1,True
1772742100.710,7570,1.5,81.2,0.3,10.6,1,True
1772742100.806,7571,1.3,83.9,0.2,10.5,1,True
1772742100.902,7572,1.1,82.8,0.2,10.5,1,True
1772742101.000,7573,1.1,85.5,0.3,10.5,0,True
1772742101.097,7574,0.8,83.3,0.2,10.5,0,True
1772742101.192,7575,1.2,82.8,0.2,10.5,0,True
1772742101.288,7576,1.5,82.1,0.2,10.5,0,True
1772742101.380,7577,1.5,80.7,0.2,10.5,0,True
1772742101.477,7578,1.2,84.5,0.2,10.5,1,True
1772742101.583,7579,1.1,93.7,0.2,10.5,1,True
1772742101.679,7580,1.0,83.3,0.2,10.4,0,True
1772742101.777,7581,1.0,83.9,0.2,10.4,0,True
1772742101.872,7582,1.1,82.9,0.2,10.4,1,True
1772742101.965,7583,1.2,82.0,0.2,10.4,1,True
1772742102.057,7584,1.5,80.3,0.2,10.4,0,True
1772742102.153,7585,1.1,84.0,0.2,10.4,1,True
1772742102.251,7586,1.1,85.2,0.2,10.4,1,True
1772742102.348,7587,1.2,84.1,0.2,10.4,0,True
1772742102.447,7588,1.0,86.0,0.2,10.4,1,True
1772742102.551,7589,1.2,92.8,0.2,10.3,1,True
1772742102.652,7590,1.1,88.5,0.2,10.3,1,True
1772742102.757,7591,1.6,87.2,0.3,10.3,1,True
1772742102.855,7592,1.0,84.3,0.2,10.2,1,True
1772742102.950,7593,1.1,83.4,0.4,10.3,1,True
1772742103.045,7594,1.1,83.4,0.2,10.3,1,True
1772742103.140,7595,1.1,84.2,0.2,10.3,0,True
1772742103.234,7596,1.2,83.3,0.3,10.3,0,True
1772742103.330,7597,1.1,84.9,0.2,10.3,0,True
1772742103.427,7598,1.2,85.1,0.3,10.3,1,True
1772742103.524,7599,0.9,83.4,0.2,10.3,1,True
1772742103.619,7600,1.1,84.1,0.3,10.3,1,True
1772742103.713,7601,1.1,83.6,0.2,10.3,1,True
1772742103.808,7602,1.0,84.7,0.2,10.3,0,True
1772742103.901,7603,1.1,83.1,0.2,10.3,0,True
1772742103.995,7604,1.1,84.5,0.2,10.3,0,True
1772742104.087,7605,1.6,81.6,0.2,10.3,1,True
1772742104.180,7606,1.5,83.0,0.2,10.4,1,True
1772742104.274,7607,1.1,83.7,0.2,10.4,0,True
1772742104.370,7608,1.1,85.9,0.2,10.4,0,True
1772742104.462,7609,1.6,82.6,0.3,10.5,0,True
1772742104.555,7610,1.5,83.6,0.2,10.5,0,True
1772742104.646,7611,1.6,81.3,0.2,10.6,0,True
1772742104.744,7612,3.8,84.3,0.2,10.6,0,True
1772742104.836,7613,1.5,82.3,0.3,10.6,0,True
1772742104.930,7614,1.5,83.6,0.3,10.6,0,True
1772742105.024,7615,1.1,84.2,0.2,10.6,0,True
1772742105.116,7616,1.6,82.1,0.2,10.6,0,True
1772742105.211,7617,1.2,84.0,0.2,10.6,0,True
1772742105.304,7618,1.5,83.0,0.2,10.7,0,True
1772742105.396,7619,0.9,81.3,0.2,10.7,0,True
1772742105.487,7620,1.3,81.3,0.2,10.7,0,True
1772742105.745,7621,0.8,81.5,0.2,9.8,0,True
1772742105.837,7622,1.0,83.6,0.2,9.9,0,True
1772742105.931,7623,1.4,83.7,0.2,9.9,0,True
1772742106.021,7624,1.6,79.7,0.2,9.9,0,True
1772742106.115,7625,1.3,84.3,0.3,9.9,0,True
1772742106.208,7626,1.2,83.6,0.2,9.9,0,True
1772742106.303,7627,1.4,83.7,0.2,9.9,0,True
1772742106.397,7628,1.1,83.7,0.2,9.9,0,True
1772742106.491,7629,2.1,83.1,0.2,9.9,0,True
1772742106.585,7630,1.1,83.7,0.2,9.9,0,True
1772742106.676,7631,1.2,81.5,0.2,9.9,0,True
1772742106.770,7632,1.4,83.2,0.2,9.9,0,True
1772742106.866,7633,0.9,84.3,0.2,9.9,0,True
1772742106.960,7634,1.0,84.1,0.3,9.9,0,True
1772742107.053,7635,0.9,82.4,0.2,9.9,0,True
1772742107.148,7636,1.1,85.1,0.2,9.8,0,False
1772742107.242,7637,1.1,83.5,0.3,9.8,0,False
1772742107.336,7638,1.1,84.1,0.2,9.8,0,False
1772742107.432,7639,1.1,86.0,0.2,9.8,0,False
1772742107.526,7640,1.4,83.8,0.2,9.8,0,False
1772742107.629,7641,1.1,89.9,0.2,10.6,0,False
1772742107.723,7642,0.9,82.6,0.2,10.6,0,False
1772742107.816,7643,1.0,83.2,0.3,10.6,0,False
1772742107.907,7644,1.5,80.7,0.2,10.6,0,False
1772742108.001,7645,1.1,83.1,0.3,10.6,0,False
1772742108.093,7646,1.2,82.1,0.2,10.6,0,False
1772742108.187,7647,1.1,82.7,0.3,10.6,0,False
1772742108.277,7648,1.6,80.4,0.2,10.6,0,False
1772742108.370,7649,1.1,81.2,0.2,10.6,0,False
1772742108.473,7650,1.2,92.6,0.2,10.6,0,False
1772742108.579,7651,1.5,92.2,0.2,10.5,0,False
1772742108.672,7652,1.5,82.7,0.2,10.5,0,False
1772742108.765,7653,1.1,82.5,0.3,10.5,0,False
1772742108.860,7654,1.1,84.0,0.2,10.5,0,False
1772742108.953,7655,1.2,82.7,0.2,10.5,0,False
1772742109.048,7656,1.1,84.2,0.3,10.5,0,False
1772742109.141,7657,1.1,82.3,0.2,10.5,0,False
1772742109.233,7658,1.5,81.6,0.2,10.5,0,False
1772742109.323,7659,1.5,80.7,0.2,10.6,0,False
1772742109.420,7660,1.1,85.0,0.3,10.6,0,False
1772742109.514,7661,1.2,84.1,0.2,10.6,0,False
1772742109.609,7662,1.6,83.7,0.2,10.6,0,False
1772742109.715,7663,1.1,96.1,0.2,10.5,0,False
1772742109.807,7664,1.2,81.1,0.2,10.5,0,False
1772742109.904,7665,1.2,86.4,0.2,10.5,0,False
1772742109.993,7666,1.4,78.4,0.2,10.5,0,False
1772742110.087,7667,0.9,83.8,0.2,10.5,0,False
1772742110.180,7668,1.1,81.6,0.2,10.5,0,False
1772742110.274,7669,1.2,83.7,0.2,10.5,0,False
1772742110.367,7670,1.2,81.8,0.2,10.6,0,False
1772742110.461,7671,1.5,83.4,0.2,10.6,0,False
1772742110.551,7672,1.5,80.2,0.2,10.6,0,False
1772742110.644,7673,1.1,83.2,0.2,10.6,0,False
1772742110.738,7674,1.2,82.3,0.2,10.7,0,False
1772742110.838,7675,1.4,88.8,0.2,10.6,0,False
1772742110.932,7676,0.8,81.5,0.2,10.6,0,False
1772742111.024,7677,1.2,81.2,0.3,10.6,0,False
1772742111.118,7678,1.1,81.8,0.2,10.6,0,False
1772742111.209,7679,1.5,80.8,0.2,10.6,0,False
1772742111.303,7680,1.2,81.8,0.2,10.6,0,False
1772742111.409,7681,1.5,83.5,0.4,10.6,0,False
1772742111.501,7682,1.0,83.3,0.2,10.6,0,False
1772742111.595,7683,1.2,82.1,0.2,10.6,0,False
1772742111.689,7684,1.7,82.3,0.2,10.6,0,False
1772742111.782,7685,1.2,82.1,0.2,10.7,0,False
1772742111.877,7686,1.9,82.8,0.2,10.6,0,False
1772742111.971,7687,1.2,82.2,0.2,10.6,0,False
1772742112.062,7688,1.5,80.6,0.2,10.6,0,False
1772742112.155,7689,1.2,82.8,0.2,10.6,0,False
1772742112.248,7690,1.5,81.4,0.2,10.6,0,False
1772742112.343,7691,1.1,83.9,0.2,10.6,0,False
1772742112.439,7692,1.2,84.3,0.2,10.6,0,False
1772742112.533,7693,1.2,83.2,0.3,10.6,0,False
1772742112.626,7694,1.2,82.3,0.2,10.6,0,False
1772742112.721,7695,1.2,83.2,0.3,10.6,0,False
1772742112.812,7696,1.5,80.6,0.2,10.6,0,False
1772742112.905,7697,1.2,81.6,0.2,10.6,0,False
1772742112.996,7698,1.5,80.5,0.2,10.6,0,False
1772742113.091,7699,1.2,83.2,0.3,10.6,0,False
1772742113.184,7700,1.2,82.1,0.2,10.6,1,True
1772742113.278,7701,1.2,83.0,0.2,10.7,0,True
1772742113.371,7702,1.2,81.5,0.3,10.7,1,True
1772742113.469,7703,1.2,85.7,0.2,10.7,1,True
1772742113.562,7704,1.2,81.2,0.2,10.7,1,True
1772742113.658,7705,1.4,82.9,0.2,10.7,1,True
1772742113.750,7706,1.5,80.6,0.2,10.7,1,True
1772742113.844,7707,1.1,81.9,0.2,10.7,0,True
1772742113.938,7708,1.2,82.3,0.2,10.7,0,True
1772742114.035,7709,1.5,85.5,0.2,10.6,0,True
1772742114.131,7710,1.2,84.6,0.3,10.6,0,True
1772742114.225,7711,2.5,81.4,0.2,10.6,0,True
1772742114.320,7712,1.3,83.6,0.2,10.6,0,True
1772742114.415,7713,1.2,84.7,0.2,10.6,0,True
1772742114.507,7714,2.1,81.0,0.2,10.6,0,True
1772742114.599,7715,1.2,82.0,0.2,10.7,0,True
1772742114.697,7716,1.2,88.5,0.2,10.6,0,True
1772742114.791,7717,1.3,83.7,0.2,10.6,0,True
1772742114.885,7718,1.2,82.3,0.2,10.6,0,True
1772742114.978,7719,1.2,82.5,0.2,10.6,0,True
1772742115.071,7720,1.6,82.3,0.2,10.6,0,True
1772742115.164,7721,1.2,81.6,0.2,10.6,0,True
1772742115.257,7722,1.5,82.0,0.2,10.6,0,True
1772742115.350,7723,1.2,82.6,0.2,10.6,0,True
1772742115.445,7724,1.2,83.7,0.2,10.6,0,True
1772742115.537,7725,1.5,81.6,0.2,10.6,0,True
1772742115.627,7726,1.5,80.2,0.2,10.6,0,True
1772742115.729,7727,1.2,91.6,0.2,10.6,0,True
1772742115.832,7728,1.1,91.5,0.2,10.6,0,True
1772742115.926,7729,1.4,82.8,0.2,10.6,0,True
1772742116.020,7730,1.2,82.5,0.2,10.6,0,True
1772742116.113,7731,1.2,82.4,0.2,10.6,0,True
1772742116.206,7732,1.2,81.6,0.2,10.6,0,True
1772742116.296,7733,1.6,79.9,0.2,10.6,0,True
1772742116.386,7734,1.5,80.4,0.2,10.6,0,True
1772742116.482,7735,1.1,84.1,0.2,10.6,0,True
1772742116.575,7736,1.2,82.5,0.2,10.7,0,False
1772742116.667,7737,1.5,81.3,0.2,10.7,0,False
1772742116.759,7738,1.2,81.9,0.2,10.7,0,False
1772742116.852,7739,1.1,81.4,0.2,10.7,0,False
1772742116.943,7740,1.2,81.2,0.2,10.7,0,False
1772742117.038,7741,1.8,81.5,0.2,10.7,0,False
1772742117.131,7742,1.2,82.6,0.2,10.7,0,False
1772742117.224,7743,1.0,81.7,0.2,10.7,0,False
1772742117.316,7744,1.1,82.2,0.2,10.7,0,False
1772742117.411,7745,1.3,83.6,0.3,10.7,0,False
1772742117.503,7746,0.8,83.1,0.2,10.7,0,False
1772742117.596,7747,1.1,81.6,0.3,10.7,0,False
1772742117.687,7748,1.2,81.0,0.2,10.8,0,False
1772742117.779,7749,1.0,81.0,0.2,10.8,0,False
1772742117.871,7750,1.1,81.4,0.2,10.8,0,False
1772742117.963,7751,1.6,81.5,0.2,10.8,0,False
1772742118.055,7752,1.2,81.9,0.2,10.8,0,False
1772742118.160,7753,1.3,94.2,0.2,10.7,0,False
1772742118.252,7754,1.2,82.1,0.3,10.7,0,False
1772742118.352,7755,1.2,89.4,0.2,10.7,0,False
1772742118.450,7756,2.4,87.2,0.2,10.7,0,False
1772742118.542,7757,1.1,82.8,0.2,10.7,0,False
1772742118.635,7758,1.5,81.8,0.2,10.7,0,False
1772742118.727,7759,1.1,82.3,0.2,10.7,0,False
1772742118.820,7760,1.2,81.7,0.2,10.7,0,False
1772742118.912,7761,1.1,82.5,0.2,10.7,0,False
1772742119.002,7762,2.4,80.1,0.2,10.7,0,False
1772742119.092,7763,1.6,80.5,0.2,10.7,0,False
1772742119.186,7764,1.1,84.6,0.2,10.7,0,False
1772742119.280,7765,1.1,84.1,0.2,10.7,0,False
1772742119.373,7766,1.4,83.2,0.2,10.7,0,False
1772742119.465,7767,1.5,82.7,0.2,10.7,0,False
1772742119.556,7768,1.7,81.4,0.2,10.7,0,False
1772742119.646,7769,1.5,80.3,0.2,10.7,0,False
1772742119.744,7770,1.2,88.4,0.2,10.7,0,False
1772742119.838,7771,1.4,82.4,0.2,10.7,0,False
1772742119.929,7772,2.0,80.8,0.2,10.7,0,False
1772742120.021,7773,1.1,81.6,0.2,10.7,0,False
1772742120.114,7774,1.2,83.2,0.2,10.7,0,False
1772742120.206,7775,1.2,81.9,0.2,10.8,0,False
1772742120.301,7776,1.2,85.1,0.2,10.8,0,False
1772742120.393,7777,0.8,81.3,0.2,10.8,0,False
1772742120.486,7778,1.5,84.0,0.2,10.8,0,False
1772742120.578,7779,1.2,81.6,0.2,10.8,0,False
1772742120.673,7780,1.2,84.7,0.2,10.8,0,False
1772742120.763,7781,1.2,81.0,0.2,10.8,0,False
1772742120.857,7782,1.2,83.9,0.2,10.8,0,False
1772742120.948,7783,1.2,82.1,0.2,10.8,0,False
1772742121.039,7784,1.5,82.1,0.2,10.8,0,False
1772742121.130,7785,1.2,82.2,0.2,10.8,0,False
1772742121.223,7786,1.2,82.7,0.5,10.8,0,False
1772742121.312,7787,1.6,79.8,0.2,10.8,0,False
1772742121.403,7788,1.2,80.3,0.2,10.8,0,False
1772742121.496,7789,0.8,82.4,0.2,10.8,0,False
1772742121.825,7790,0.9,80.5,0.2,9.6,0,False
1772742121.916,7791,1.2,81.4,0.2,9.6,0,False
1772742122.019,7792,1.4,92.1,0.2,9.6,0,False
1772742122.113,7793,0.8,83.8,0.2,9.6,0,False
1772742122.204,7794,1.5,81.2,0.2,9.6,0,False
1772742122.298,7795,1.1,83.7,0.3,9.6,0,False
1772742122.391,7796,1.2,83.2,0.2,9.6,0,False
1772742122.484,7797,1.6,83.3,0.2,9.6,0,False
1772742122.577,7798,1.2,82.9,0.3,9.6,0,False
1772742122.669,7799,1.6,81.8,0.4,9.6,0,False
1772742122.761,7800,1.1,82.6,0.2,9.6,0,False
1772742122.859,7801,1.2,84.7,0.3,9.5,0,False
1772742122.950,7802,1.5,81.5,0.2,9.6,0,False
1772742123.042,7803,1.5,82.8,0.6,9.5,0,False
1772742123.135,7804,1.1,83.5,0.2,9.5,0,False
1772742123.230,7805,1.2,84.6,0.2,9.5,0,False
1772742123.323,7806,1.7,82.7,0.3,9.5,0,False
1772742123.416,7807,1.6,83.0,0.2,9.5,0,False
1772742123.510,7808,1.0,83.7,0.2,9.5,0,False
1772742123.603,7809,1.2,82.5,0.3,9.5,0,False
1772742123.697,7810,1.1,83.4,0.2,10.7,0,False
1772742123.792,7811,1.1,85.5,0.2,10.7,0,False
1772742123.884,7812,1.2,81.1,0.2,10.7,0,False
1772742123.976,7813,1.6,82.4,0.2,10.7,0,False
1772742124.068,7814,1.5,81.9,0.3,10.7,0,False
1772742124.163,7815,1.1,85.1,0.3,10.7,0,False
1772742124.257,7816,1.1,83.4,0.2,10.7,0,False
1772742124.351,7817,1.4,83.3,0.2,10.7,0,False
1772742124.444,7818,1.6,82.8,0.3,10.7,0,False
1772742124.535,7819,1.8,80.9,0.2,10.7,0,False
1772742124.627,7820,1.1,82.6,0.3,10.7,0,False
1772742124.725,7821,1.4,87.6,0.2,10.7,0,False
1772742124.817,7822,1.5,82.1,0.2,10.7,0,False
1772742124.911,7823,1.4,82.9,0.3,10.7,0,False
1772742125.003,7824,1.6,82.0,0.2,10.7,0,False
1772742125.099,7825,1.8,84.1,0.2,10.7,0,False
1772742125.193,7826,1.1,83.5,0.2,10.7,0,False
1772742125.286,7827,1.1,82.6,0.2,10.7,0,False
1772742125.379,7828,1.1,83.2,0.2,10.7,0,False
1772742125.475,7829,1.1,84.8,0.2,10.7,0,False
1772742125.569,7830,1.2,83.7,0.5,10.7,0,False
1772742125.665,7831,1.6,83.8,0.2,10.7,0,False
1772742125.760,7832,1.4,85.1,0.2,10.7,0,False
1772742125.853,7833,1.2,82.4,0.2,10.7,0,False
1772742125.948,7834,1.4,83.6,0.2,10.6,0,False
1772742126.041,7835,1.1,83.0,0.2,10.6,0,False
1772742126.135,7836,1.6,83.2,0.2,10.6,0,False
1772742126.228,7837,1.2,82.6,0.3,10.7,0,False
1772742126.323,7838,1.1,83.1,0.2,10.6,0,False
1772742126.421,7839,1.1,84.8,0.2,10.6,0,False
1772742126.518,7840,1.1,83.0,0.2,10.6,0,False
1772742126.612,7841,1.1,84.0,0.2,10.6,0,False
1772742126.703,7842,1.5,81.3,0.2,10.6,0,False
1772742126.798,7843,1.1,84.2,0.2,10.6,0,False
1772742126.889,7844,1.5,80.8,0.2,10.6,0,False
1772742126.982,7845,1.1,82.9,0.2,10.6,0,False
1772742127.076,7846,1.1,83.7,0.3,10.6,0,False
1772742127.171,7847,1.2,85.0,0.2,10.6,0,False
1772742127.264,7848,1.1,82.8,0.2,10.6,0,False
1772742127.358,7849,1.1,84.2,0.2,10.6,0,False
1772742127.453,7850,1.1,84.8,0.3,10.6,0,False
1772742127.546,7851,1.7,82.8,0.2,10.6,0,False
1772742127.637,7852,1.5,81.6,0.2,10.7,0,False
1772742127.731,7853,1.3,83.9,0.2,10.6,0,False
1772742127.826,7854,1.1,84.9,0.2,10.6,0,False
1772742127.928,7855,1.3,90.4,0.3,10.6,0,False
1772742128.023,7856,1.1,84.7,0.2,10.6,0,False
1772742128.114,7857,1.6,81.3,0.2,10.6,0,False
1772742128.208,7858,1.1,84.6,0.2,10.6,0,False
1772742128.300,7859,1.5,81.9,0.2,10.6,0,False
1772742128.393,7860,1.5,83.1,0.2,10.7,0,False
1772742128.489,7861,1.7,83.5,0.2,10.7,0,False
1772742128.592,7862,1.3,92.6,0.2,10.6,0,False
1772742128.685,7863,1.1,82.7,0.2,10.6,0,False
1772742128.775,7864,1.6,80.8,0.3,10.6,0,False
1772742128.867,7865,1.1,82.2,0.3,10.6,0,False
1772742128.970,7866,1.2,90.6,0.2,10.6,0,False
1772742129.062,7867,1.6,82.1,0.2,10.6,0,False
1772742129.152,7868,1.6,80.9,0.2,10.6,0,False
1772742129.242,7869,1.6,80.8,0.3,10.6,0,False
1772742129.334,7870,1.2,81.8,0.2,10.6,0,False
1772742129.427,7871,1.6,82.6,0.2,10.6,0,False
1772742129.517,7872,1.6,80.5,0.2,10.6,0,False
1772742129.607,7873,1.6,80.7,0.2,10.7,0,False
1772742129.705,7874,1.7,86.4,0.2,10.6,0,False
1772742129.797,7875,1.3,81.7,0.2,10.7,1,True
1772742129.888,7876,1.6,80.6,0.2,10.7,0,True
1772742129.982,7877,1.1,83.1,0.2,10.7,0,True
1772742130.076,7878,1.5,83.2,0.2,10.7,0,True
1772742130.169,7879,1.2,82.4,0.2,10.7,0,True
1772742130.260,7880,1.5,80.6,0.2,10.7,0,True
1772742130.353,7881,1.2,82.7,0.2,10.7,0,True
1772742130.450,7882,1.5,85.5,0.2,10.8,0,True
1772742130.565,7883,1.2,104.5,0.2,10.6,0,True
1772742130.675,7884,1.1,100.1,0.2,10.5,0,True
1772742130.769,7885,1.2,83.8,0.2,10.5,0,True
1772742130.869,7886,1.1,89.1,0.2,10.5,0,True
1772742130.963,7887,1.5,83.1,0.2,10.5,0,True
1772742131.058,7888,1.1,84.7,0.2,10.5,0,True
1772742131.151,7889,1.0,82.1,0.3,10.5,0,True
1772742131.242,7890,1.6,80.9,0.2,10.5,0,True
1772742131.347,7891,0.9,90.6,0.2,10.4,0,True
1772742131.445,7892,0.8,87.2,0.2,10.4,0,True
1772742131.542,7893,1.2,84.4,0.2,10.3,0,True
1772742131.636,7894,1.3,82.5,0.2,10.4,0,True
1772742131.728,7895,1.2,81.9,0.2,10.4,0,True
1772742131.821,7896,1.3,81.9,0.2,10.3,0,True
1772742131.912,7897,1.5,80.4,0.3,10.4,0,True
1772742132.002,7898,1.6,80.1,0.2,10.4,0,True
1772742132.093,7899,1.2,80.2,0.2,10.4,0,True
1772742132.187,7900,1.6,83.2,0.2,10.4,0,True
1772742132.279,7901,1.2,82.1,0.2,10.4,0,True
1772742132.373,7902,1.3,82.8,0.2,10.4,0,True
1772742132.466,7903,1.2,83.5,0.2,10.5,0,True
1772742132.559,7904,1.6,82.5,0.2,10.6,0,True
1772742132.649,7905,1.6,80.1,0.2,10.6,0,False
1772742132.743,7906,1.3,82.9,0.2,10.7,0,False
1772742132.836,7907,1.2,82.2,0.2,10.7,0,False
1772742132.930,7908,1.5,83.0,0.2,10.7,0,False
1772742133.023,7909,1.1,82.7,0.2,10.7,0,False
1772742133.117,7910,1.4,82.8,0.2,10.7,0,False
1772742133.210,7911,1.1,82.3,0.2,10.7,0,False
1772742133.304,7912,1.0,81.8,0.3,10.8,0,False
1772742133.397,7913,1.1,82.0,0.2,10.8,0,False
1772742133.491,7914,2.3,81.1,0.2,10.8,1,True
1772742133.583,7915,1.5,81.2,0.2,10.8,0,True
1772742133.677,7916,1.7,82.2,0.3,10.8,1,True
1772742133.773,7917,1.1,83.8,0.3,10.7,0,True
1772742133.867,7918,1.2,82.3,0.2,10.7,0,True
1772742133.965,7919,1.2,87.2,0.2,10.7,0,True
1772742134.055,7920,1.5,80.6,0.2,10.7,0,True
1772742134.154,7921,1.2,84.9,0.2,10.7,0,True
1772742134.247,7922,1.2,81.6,0.2,10.7,0,True
1772742134.342,7923,1.5,82.6,0.2,10.7,0,True
1772742134.438,7924,1.1,84.8,0.2,10.6,0,True
1772742134.532,7925,1.3,82.1,0.3,10.6,0,True
1772742134.626,7926,1.2,82.6,0.2,10.6,0,True
1772742134.735,7927,1.6,98.0,0.2,10.5,0,True
1772742134.832,7928,1.5,84.5,0.2,10.5,0,True
1772742134.925,7929,1.1,82.0,0.2,10.5,0,True
1772742135.018,7930,1.1,81.4,0.2,10.5,0,True
1772742135.111,7931,1.1,82.2,0.4,10.5,0,True
1772742135.203,7932,1.1,81.1,0.2,10.5,0,True
1772742135.296,7933,1.1,82.1,0.2,10.5,0,True
1772742135.387,7934,1.1,81.2,0.2,10.5,0,True
1772742135.482,7935,1.1,84.2,0.3,10.5,0,True
1772742135.575,7936,1.3,81.9,0.2,10.5,0,True
1772742135.669,7937,1.5,83.1,0.3,10.6,0,True
1772742135.762,7938,1.3,81.5,0.2,10.6,1,True
1772742135.856,7939,1.1,82.3,0.3,10.6,1,True
1772742135.950,7940,1.2,81.5,0.2,10.6,1,True
1772742136.044,7941,1.0,83.1,0.2,10.6,1,True
1772742136.138,7942,1.3,81.3,0.2,10.6,1,True
1772742136.239,7943,1.0,82.8,0.2,10.5,1,True
1772742136.334,7944,1.2,82.5,0.2,10.5,1,True
1772742136.429,7945,1.1,82.9,0.3,10.5,1,True
1772742136.522,7946,1.2,81.7,0.2,10.5,1,True
1772742136.616,7947,1.2,81.6,0.2,10.6,1,True
1772742136.709,7948,1.1,82.1,0.3,10.7,1,True
1772742136.802,7949,1.1,81.5,0.2,10.7,1,True
1772742136.895,7950,1.1,81.7,0.3,10.7,1,True
1772742136.989,7951,1.5,81.8,0.2,10.6,1,True
1772742137.085,7952,1.3,83.7,0.3,10.6,1,True
1772742137.178,7953,1.2,81.9,0.2,10.6,1,True
1772742137.273,7954,1.1,82.9,0.2,10.6,1,True
1772742137.368,7955,1.1,81.3,0.2,10.6,1,True
1772742137.458,7956,1.5,79.0,0.2,10.6,0,True
1772742137.760,7957,0.9,80.2,0.2,9.6,0,True
1772742137.851,7958,1.0,81.9,0.2,9.6,0,True
1772742137.945,7959,1.5,82.3,0.2,9.6,0,True
1772742138.037,7960,1.2,81.3,0.2,9.6,0,True
1772742138.130,7961,1.6,81.6,0.2,9.6,0,True
1772742138.222,7962,1.2,81.8,0.2,9.6,0,True
1772742138.315,7963,1.6,81.9,0.2,9.6,0,True
1772742138.408,7964,1.1,82.7,0.4,9.6,0,True
1772742138.500,7965,1.0,83.5,0.2,9.7,0,True
1772742138.591,7966,1.3,81.5,0.2,9.7,0,True
1772742138.685,7967,1.4,83.6,0.2,9.7,0,True
1772742138.776,7968,1.2,81.4,0.2,9.7,0,True
1772742138.873,7969,1.2,86.7,0.2,9.7,0,True
1772742138.966,7970,1.2,82.3,0.2,9.7,0,True
1772742139.059,7971,1.8,81.7,0.2,9.7,0,True
1772742139.149,7972,1.6,80.2,0.2,9.7,0,True
1772742139.242,7973,1.3,83.3,0.2,9.7,0,True
1772742139.336,7974,1.2,82.1,0.2,9.7,0,True
1772742139.433,7975,1.3,85.3,0.2,9.7,0,True
1772742139.528,7976,1.2,82.7,0.2,9.7,1,True
1772742139.619,7977,1.2,80.0,0.2,10.8,0,True
1772742139.725,7978,1.2,95.9,0.2,10.7,0,True
1772742139.819,7979,1.3,82.6,0.2,10.7,0,True
1772742139.912,7980,1.4,82.3,0.2,10.7,0,True
1772742140.019,7981,1.0,93.4,0.3,10.6,0,True
1772742140.114,7982,1.1,84.2,0.2,10.6,0,True
1772742140.208,7983,1.3,83.9,0.2,10.6,0,True
1772742140.300,7984,1.2,82.0,0.2,10.6,0,True
1772742140.394,7985,1.6,82.6,0.2,10.6,0,True
1772742140.486,7986,1.2,81.9,0.2,10.6,0,True
1772742140.580,7987,1.2,82.6,0.2,10.6,1,True
1772742140.673,7988,1.2,82.8,0.2,10.5,0,True
1772742140.767,7989,1.4,82.7,0.2,10.6,0,True
1772742140.859,7990,1.2,82.2,0.2,10.6,0,True
1772742140.953,7991,1.4,82.4,0.2,10.6,1,True
1772742141.044,7992,1.6,80.5,0.2,10.6,1,True
1772742141.136,7993,1.4,82.0,0.2,10.6,0,True
1772742141.227,7994,1.2,80.5,0.2,10.6,0,True
1772742141.318,7995,1.6,81.8,0.2,10.6,0,True
1772742141.411,7996,1.5,82.5,0.3,10.6,1,True
1772742141.506,7997,0.8,84.8,0.2,10.6,1,True
1772742141.598,7998,1.2,82.0,0.2,10.7,0,True
1772742141.692,7999,1.3,83.5,0.2,10.7,0,True
1772742141.784,8000,1.2,81.7,0.2,10.7,0,True
1772742141.878,8001,1.2,83.6,0.2,10.8,0,True
1772742141.970,8002,1.2,81.6,0.2,10.8,0,True
1772742142.063,8003,1.2,83.4,0.3,10.8,0,True
1772742142.156,8004,1.2,82.4,0.2,10.8,0,True
1772742142.250,8005,1.2,83.5,0.2,10.8,0,True
1772742142.342,8006,1.2,81.8,0.2,10.8,1,True
1772742142.437,8007,1.4,84.4,0.2,10.8,0,True
1772742142.530,8008,1.2,82.2,0.2,10.8,0,True
1772742142.624,8009,1.3,82.5,0.2,10.8,1,True
1772742142.717,8010,1.2,82.2,0.2,10.8,1,True
1772742142.813,8011,1.5,82.3,0.2,10.7,1,True
1772742142.907,8012,1.3,82.6,0.3,10.7,1,True
1772742143.000,8013,1.2,81.7,0.2,10.7,0,True
1772742143.099,8014,1.1,89.0,0.3,10.7,1,True
1772742143.190,8015,1.5,80.2,0.2,10.7,1,True
1772742143.284,8016,1.1,82.9,0.4,10.7,1,True
1772742143.377,8017,1.1,82.4,0.2,10.7,0,True
1772742143.473,8018,1.1,85.8,0.2,10.7,1,True
1772742143.568,8019,1.2,83.5,0.2,10.7,1,True
1772742143.669,8020,1.4,89.8,0.2,10.6,0,True
1772742143.771,8021,1.1,91.2,0.3,10.6,1,True
1772742143.864,8022,1.2,82.4,0.3,10.6,0,True
1772742143.958,8023,1.1,83.9,0.2,10.6,0,True
1772742144.050,8024,1.1,82.3,0.2,10.6,0,True
1772742144.142,8025,1.5,81.9,0.2,10.6,0,True
1772742144.235,8026,1.1,82.5,0.2,10.6,0,True
1772742144.336,8027,1.1,90.7,0.2,10.5,0,True
1772742144.431,8028,1.1,84.7,0.2,10.5,0,True
1772742144.522,8029,1.6,80.7,0.2,10.5,1,True
1772742144.615,8030,1.1,81.9,0.2,10.5,1,True
1772742144.712,8031,1.6,85.6,0.2,10.5,1,True
1772742144.802,8032,1.4,80.4,0.2,10.6,0,True
1772742144.893,8033,1.5,80.5,0.2,10.6,0,True
1772742144.984,8034,1.5,80.9,0.2,10.6,1,True
1772742145.076,8035,1.8,80.7,0.3,10.6,1,True
1772742145.166,8036,1.5,80.4,0.2,10.6,1,True
1772742145.258,8037,2.0,81.2,0.2,10.6,0,True
1772742145.349,8038,1.5,80.8,0.2,10.7,1,True
1772742145.443,8039,1.5,84.0,0.2,10.7,1,True
1772742145.542,8040,1.2,89.2,0.2,10.7,0,True
1772742145.635,8041,1.5,81.5,0.2,10.7,0,True
1772742145.733,8042,1.0,86.3,0.3,10.7,1,True
1772742145.826,8043,1.1,82.2,0.2,10.7,1,True
1772742145.917,8044,1.5,80.0,0.3,10.7,1,True
1772742146.008,8045,1.5,80.1,0.2,10.7,1,True
1772742146.100,8046,1.1,81.6,0.3,10.7,1,True
1772742146.193,8047,1.3,81.8,0.2,10.8,0,True
1772742146.286,8048,1.1,81.9,0.2,10.8,1,True
1772742146.377,8049,1.5,80.1,0.2,10.8,1,True
1772742146.469,8050,1.5,81.4,0.2,10.8,1,True
1772742146.566,8051,1.1,85.5,0.2,10.8,0,True
1772742146.657,8052,1.6,80.5,0.2,10.8,1,True
1772742146.748,8053,1.5,80.5,0.2,10.8,1,True
1772742146.842,8054,1.1,82.9,0.2,10.8,1,True
1772742146.935,8055,1.0,81.7,0.2,10.8,1,True
1772742147.028,8056,1.1,81.9,0.3,10.7,1,True
1772742147.120,8057,1.5,81.0,0.3,10.7,1,True
1772742147.212,8058,1.2,82.7,0.2,10.7,0,True
1772742147.308,8059,1.3,84.6,0.2,10.7,0,True
1772742147.400,8060,1.1,81.4,0.2,10.8,0,True
1772742147.509,8061,0.9,95.8,0.3,10.7,1,True
1772742147.606,8062,2.3,85.6,0.2,10.7,1,True
1772742147.703,8063,1.1,85.9,0.3,10.7,0,True
1772742147.793,8064,1.6,79.6,0.2,10.7,0,True
1772742147.887,8065,1.2,82.6,0.3,10.6,0,True
1772742147.979,8066,1.2,82.1,0.2,10.6,0,True
1772742148.073,8067,1.2,82.3,0.4,10.6,0,True
1772742148.166,8068,1.2,82.1,0.2,10.6,0,True
1772742148.257,8069,1.5,80.7,0.2,10.6,0,True
1772742148.350,8070,1.1,82.2,0.2,10.6,0,True
1772742148.450,8071,2.6,88.7,0.2,10.6,0,True
1772742148.543,8072,1.1,83.1,0.2,10.6,0,True
1772742148.635,8073,1.5,81.8,0.2,10.6,0,True
1772742148.726,8074,1.5,80.8,0.3,10.6,0,True
1772742148.818,8075,1.5,81.4,0.4,10.6,1,True
1772742148.911,8076,1.1,82.3,0.2,10.6,0,True
1772742149.005,8077,1.1,82.8,0.2,10.6,0,True
1772742149.096,8078,1.5,80.8,0.2,10.6,0,True
1772742149.189,8079,1.5,81.1,0.3,10.6,1,True
1772742149.282,8080,1.1,82.6,0.2,10.6,0,True
1772742149.376,8081,1.2,83.8,0.3,10.7,0,True
1772742149.477,8082,1.5,91.2,0.2,10.7,0,True
1772742149.568,8083,2.1,80.8,0.2,10.7,0,True
1772742149.662,8084,1.1,82.0,0.3,10.7,1,True
1772742149.755,8085,1.9,81.1,0.2,10.7,0,True
1772742149.849,8086,1.1,83.0,0.2,10.7,0,True
1772742149.941,8087,2.2,80.7,0.2,10.7,0,True
1772742150.033,8088,1.5,80.5,0.2,10.7,1,True
1772742150.126,8089,1.8,81.1,0.2,10.7,1,True
1772742150.219,8090,1.1,82.1,0.2,10.7,0,True
1772742150.325,8091,1.8,94.1,0.2,10.7,1,True
1772742150.424,8092,1.2,86.0,0.2,10.6,1,True
1772742150.517,8093,1.1,82.4,0.2,10.6,0,True
1772742150.609,8094,2.5,80.5,0.2,10.6,0,True
1772742150.702,8095,1.2,82.7,0.2,10.6,0,True
1772742150.797,8096,1.1,82.8,0.2,10.6,0,True
1772742150.889,8097,1.5,81.3,0.2,10.6,1,True
1772742150.984,8098,1.1,82.3,0.2,10.6,1,True
1772742151.078,8099,1.2,82.5,0.2,10.6,1,True
1772742151.173,8100,1.2,83.9,0.2,10.6,0,True
1772742151.270,8101,1.3,83.8,0.3,10.6,1,True
1772742151.359,8102,1.5,80.0,0.2,10.6,1,True
1772742151.452,8103,1.5,82.2,0.4,10.6,1,True
1772742151.545,8104,1.2,82.0,0.2,10.6,1,True
1772742151.638,8105,1.2,82.6,0.3,10.6,1,True
1772742151.731,8106,1.2,81.9,0.2,10.6,1,True
1772742151.826,8107,1.1,83.3,0.4,10.6,1,True
1772742151.916,8108,1.5,80.1,0.2,10.6,0,True
1772742152.011,8109,1.2,83.4,0.3,10.6,1,True
1772742152.104,8110,1.2,82.2,0.2,10.6,0,True
1772742152.197,8111,1.5,82.2,0.3,10.7,1,True
1772742152.290,8112,1.1,81.3,0.2,10.7,1,True
1772742152.383,8113,1.2,82.7,0.3,10.7,0,True
1772742152.478,8114,1.2,83.8,0.2,10.7,0,True
1772742152.572,8115,1.2,83.0,0.2,10.7,0,True
1772742152.664,8116,1.2,81.7,0.3,10.7,0,True
1772742152.760,8117,1.2,84.5,0.2,10.7,0,True
1772742152.853,8118,1.2,81.8,0.2,10.7,0,True
1772742152.946,8119,1.4,82.5,0.2,10.7,0,True
1772742153.060,8120,1.2,102.8,0.3,10.6,0,True
1772742153.154,8121,1.0,81.6,0.2,10.6,0,True
1772742153.249,8122,1.8,82.0,0.2,10.6,0,True
1772742153.344,8123,1.2,82.6,0.2,10.6,0,True
1772742153.436,8124,1.2,80.0,0.2,10.6,0,True
1772742153.768,8125,0.9,80.3,0.2,9.4,0,True
1772742153.859,8126,1.0,81.9,0.2,9.4,0,True
1772742153.952,8127,1.1,81.0,0.2,9.4,0,True
1772742154.074,8128,1.2,110.2,0.3,9.3,0,True
1772742154.184,8129,0.8,98.1,0.2,9.2,0,True
1772742154.278,8130,1.1,82.4,0.3,9.2,0,True
1772742154.376,8131,1.3,82.5,0.2,9.2,0,True
1772742154.509,8132,0.8,112.9,0.2,9.0,0,True
1772742154.616,8133,1.2,91.5,0.2,9.0,0,True
1772742154.746,8134,0.9,118.6,0.2,8.8,0,True
1772742154.847,8135,1.3,89.4,0.2,8.8,0,True
1772742154.942,8136,1.1,82.6,0.2,8.8,0,True
1772742155.034,8137,1.1,80.9,0.2,8.8,0,True
1772742155.125,8138,1.5,80.5,0.2,8.8,0,True
1772742155.219,8139,1.4,82.8,0.2,8.8,0,True
1772742155.315,8140,1.0,84.6,0.4,8.9,0,True
1772742155.410,8141,1.1,83.6,0.3,8.9,0,True
1772742155.504,8142,0.8,83.6,0.2,8.9,0,False
1772742155.595,8143,1.5,80.0,0.2,8.9,0,False
1772742155.689,8144,1.2,81.7,0.3,8.9,0,False
1772742155.784,8145,1.2,82.9,0.2,9.9,0,False
1772742155.876,8146,1.5,81.3,0.2,9.9,0,False
1772742155.970,8147,1.2,82.4,0.2,9.9,0,False
1772742156.064,8148,1.2,84.2,0.2,10.0,0,False
1772742156.157,8149,1.2,82.0,0.2,10.1,0,False
1772742156.252,8150,1.1,84.7,0.3,10.1,0,False
1772742156.346,8151,1.2,83.0,0.2,10.2,0,False
1772742156.442,8152,1.5,84.5,0.2,10.3,0,False
1772742156.534,8153,1.6,80.6,0.2,10.4,0,False
1772742156.627,8154,1.2,80.3,0.2,10.6,0,False
1772742156.721,8155,1.2,83.0,0.2,10.7,0,False
1772742156.816,8156,1.0,82.6,0.2,10.7,0,False
1772742156.910,8157,1.1,83.2,0.2,10.7,0,False
1772742157.001,8158,1.6,79.9,0.2,10.7,0,False
1772742157.093,8159,1.1,81.9,0.2,10.7,0,False
1772742157.185,8160,1.6,81.3,0.2,10.7,0,False
1772742157.282,8161,2.2,84.5,0.3,10.7,0,False
1772742157.374,8162,1.2,82.7,0.2,10.7,0,False
1772742157.470,8163,1.6,83.7,0.4,10.7,0,False
1772742157.564,8164,1.2,83.3,0.2,10.7,0,False
1772742157.660,8165,1.1,84.4,0.2,10.7,0,False
1772742157.753,8166,1.1,82.7,0.2,10.7,0,False
1772742157.849,8167,1.1,84.5,0.3,10.6,0,False
1772742157.943,8168,1.1,82.5,0.2,10.6,0,False
1772742158.049,8169,1.2,94.1,0.2,10.6,0,False
1772742158.144,8170,1.1,84.9,0.2,10.6,0,False
1772742158.236,8171,1.1,81.4,0.2,10.6,0,False
1772742158.330,8172,1.1,84.5,0.2,10.6,0,False
1772742158.426,8173,1.1,85.2,0.2,10.6,0,False
1772742158.530,8174,0.8,86.3,0.2,10.5,0,False
1772742158.637,8175,1.1,91.3,0.2,10.4,0,False
1772742158.737,8176,0.8,86.3,0.2,10.4,0,False
1772742158.836,8177,0.8,84.7,0.2,10.4,0,False
1772742158.932,8178,1.0,84.0,0.2,10.4,0,False
1772742159.027,8179,1.2,83.8,0.2,10.3,0,False
1772742159.121,8180,1.1,83.0,0.2,10.3,0,False
1772742159.216,8181,1.1,82.7,0.4,10.3,0,False
1772742159.307,8182,1.5,80.3,0.2,10.3,0,False
1772742159.401,8183,1.1,81.3,0.2,10.4,0,False
1772742159.497,8184,1.0,84.2,0.3,10.4,0,False
1772742159.590,8185,1.1,83.4,0.2,10.4,0,False
1772742159.687,8186,1.1,86.0,0.2,10.3,0,False
1772742159.787,8187,0.8,83.7,0.2,10.3,0,False
1772742159.887,8188,0.8,85.5,0.2,10.3,0,False
1772742159.977,8189,1.5,80.1,0.2,10.4,0,False
1772742160.072,8190,1.1,86.0,0.2,10.4,0,False
1772742160.166,8191,1.8,83.2,0.2,10.4,0,False
1772742160.260,8192,1.3,81.5,0.2,10.4,0,False
1772742160.365,8193,1.2,93.5,0.2,10.3,0,False
1772742160.464,8194,1.5,89.3,0.2,10.3,0,False
1772742160.561,8195,0.9,84.5,0.2,10.4,0,False
1772742160.656,8196,1.1,81.9,0.2,10.4,0,False
1772742160.752,8197,1.0,82.4,0.2,10.4,0,False
1772742160.847,8198,1.2,82.6,0.2,10.4,0,False
1772742160.940,8199,1.2,81.8,0.2,10.5,0,False
1772742161.034,8200,1.1,82.0,0.2,10.5,0,False
1772742161.128,8201,1.2,82.1,0.2,10.5,0,False
1772742161.223,8202,1.2,82.6,0.4,10.4,0,False
1772742161.316,8203,1.2,82.0,0.2,10.4,0,False
1772742161.414,8204,1.1,86.1,0.2,10.4,0,False
1772742161.523,8205,0.8,91.7,0.2,10.3,0,False
1772742161.623,8206,0.8,85.1,0.2,10.3,0,False
1772742161.721,8207,0.9,85.1,0.2,10.3,0,False
1772742161.816,8208,0.8,82.8,0.3,10.4,0,False
1772742161.917,8209,0.8,83.7,0.2,10.3,0,False
1772742162.020,8210,0.8,85.3,0.3,10.3,0,False
1772742162.121,8211,0.8,86.2,0.2,10.2,0,False
1772742162.227,8212,1.5,85.1,0.2,10.2,0,False
1772742162.320,8213,1.0,81.2,0.2,10.2,0,False
1772742162.417,8214,1.1,85.4,0.2,10.2,0,False
1772742162.509,8215,1.1,81.6,0.2,10.3,0,False
1772742162.602,8216,1.6,81.8,0.2,10.3,0,False
1772742162.693,8217,1.6,80.5,0.2,10.3,0,False
1772742162.787,8218,1.1,84.1,0.2,10.3,0,False
1772742162.879,8219,0.8,82.3,0.2,10.3,0,False
1772742162.973,8220,1.1,84.4,0.2,10.3,0,False
1772742163.068,8221,1.5,83.7,0.2,10.3,0,False
1772742163.171,8222,1.7,91.7,0.2,10.3,0,False
1772742163.264,8223,1.1,83.6,0.3,10.3,0,False
1772742163.356,8224,1.2,81.6,0.2,10.3,0,False
1772742163.450,8225,1.1,84.6,0.2,10.4,0,False
1772742163.543,8226,1.2,82.4,0.2,10.4,0,False
1772742163.634,8227,1.2,81.6,0.2,10.5,0,False
1772742163.726,8228,1.2,81.6,0.2,10.5,0,False
1772742163.819,8229,1.1,82.4,0.3,10.5,0,False
1772742163.919,8230,0.8,84.9,0.2,10.5,0,False
1772742164.019,8231,0.8,83.6,0.2,10.5,0,False
1772742164.111,8232,1.1,81.2,0.2,10.6,0,False
1772742164.208,8233,1.6,83.5,0.2,10.6,0,False
1772742164.299,8234,1.5,80.6,0.2,10.6,0,False
1772742164.392,8235,1.1,81.2,0.2,10.6,0,False
1772742164.486,8236,1.1,83.4,0.2,10.6,0,False
1772742164.579,8237,1.3,81.8,0.2,10.6,0,False
1772742164.676,8238,1.6,87.1,0.3,10.6,0,False
1772742164.770,8239,0.8,84.0,0.2,10.6,0,False
1772742164.864,8240,1.2,83.6,0.2,10.6,0,False
1772742164.953,8241,1.5,80.7,0.2,10.6,0,False
1772742165.046,8242,1.2,83.2,0.3,10.7,0,False
1772742165.136,8243,1.2,81.6,0.2,10.7,0,False
1772742165.228,8244,1.2,82.3,0.2,10.7,0,False
1772742165.320,8245,1.3,81.6,0.2,10.7,0,False
1772742165.415,8246,1.2,84.3,0.2,10.7,0,False
1772742165.509,8247,1.3,81.8,0.2,10.7,0,False
1772742165.602,8248,1.1,82.2,0.3,10.7,0,False
1772742165.702,8249,0.8,84.9,0.2,10.6,0,False
1772742165.798,8250,1.7,83.6,0.2,10.6,0,False
1772742165.897,8251,1.2,85.9,0.2,10.6,0,False
1772742165.991,8252,1.2,82.6,0.2,10.6,0,False
1772742166.086,8253,1.1,82.8,0.4,10.6,0,False
1772742166.182,8254,1.1,83.2,0.2,10.6,0,False
1772742166.276,8255,1.1,83.2,0.2,10.6,0,False
1772742166.369,8256,1.1,82.1,0.2,10.6,0,False
1772742166.465,8257,1.1,85.3,0.2,10.6,0,False
1772742166.557,8258,1.2,81.7,0.2,10.6,0,False
1772742166.651,8259,1.7,81.9,0.2,10.6,0,False
1772742166.742,8260,1.6,78.5,0.3,10.6,0,False
1772742166.837,8261,1.1,84.2,0.2,10.6,0,False
1772742166.933,8262,1.1,83.5,0.2,10.6,0,False
1772742167.030,8263,0.8,82.4,0.2,10.6,0,False
1772742167.124,8264,1.1,82.3,0.2,10.6,0,False
1772742167.216,8265,1.7,80.4,0.2,10.5,0,False
1772742167.310,8266,1.1,82.0,0.2,10.6,0,False
1772742167.401,8267,1.5,80.3,0.2,10.6,0,False
1772742167.497,8268,0.8,84.0,0.3,10.6,0,False
1772742167.591,8269,1.1,82.1,0.2,10.6,0,False
1772742167.687,8270,1.2,83.5,0.2,10.6,0,False
1772742167.782,8271,1.2,82.7,0.2,10.6,0,False
1772742167.874,8272,1.6,81.8,0.2,10.6,0,False
1772742167.969,8273,1.1,81.9,0.2,10.6,0,False
1772742168.063,8274,1.4,83.1,0.2,10.6,0,False
1772742168.154,8275,1.1,81.8,0.2,10.6,0,False
1772742168.247,8276,1.6,82.5,0.3,10.7,0,False
1772742168.340,8277,1.1,82.1,0.2,10.7,0,False
1772742168.436,8278,1.6,83.8,0.2,10.6,0,False
1772742168.534,8279,0.8,83.8,0.2,10.6,0,False
1772742168.634,8280,0.8,84.4,0.2,10.6,0,False
1772742168.733,8281,2.4,85.3,0.2,10.5,0,False
1772742168.829,8282,1.3,83.7,0.2,10.5,0,False
1772742168.925,8283,1.4,83.4,0.3,10.6,0,False
1772742169.021,8284,1.2,83.7,0.3,10.5,0,False
1772742169.116,8285,1.1,83.7,0.3,10.5,0,False
1772742169.212,8286,1.1,84.2,0.2,10.5,0,False
1772742169.308,8287,1.1,83.1,0.2,10.5,0,False
1772742169.403,8288,1.4,81.7,0.2,10.5,0,False
1772742169.498,8289,0.8,83.2,0.2,10.5,0,False
1772742169.775,8290,0.9,81.3,0.2,9.6,0,False
1772742169.869,8291,1.1,83.6,0.3,9.6,0,False
1772742169.965,8292,1.5,84.6,0.2,9.6,0,False
1772742170.064,8293,1.1,87.2,0.3,9.5,0,False
1772742170.160,8294,1.0,83.7,0.2,9.5,0,False
1772742170.256,8295,1.5,84.3,0.2,9.5,0,False
1772742170.349,8296,1.6,81.4,0.2,9.5,0,False
1772742170.447,8297,1.1,86.0,0.3,9.5,0,False
1772742170.543,8298,1.1,83.5,0.4,9.5,0,False
1772742170.638,8299,1.2,83.2,0.2,9.5,0,False
1772742170.735,8300,1.1,85.1,0.2,9.5,0,False
1772742170.830,8301,1.1,83.1,0.2,9.5,0,False
1772742170.925,8302,1.3,83.8,0.2,9.5,0,False
1772742171.019,8303,1.1,82.9,0.2,9.6,0,False
1772742171.115,8304,1.0,83.2,0.2,9.6,0,False
1772742171.211,8305,1.2,83.8,0.4,9.5,0,False
1772742171.304,8306,1.5,81.2,0.2,9.6,0,False
1772742171.401,8307,1.1,85.6,0.3,9.6,0,False
1772742171.497,8308,0.9,85.1,0.2,9.5,0,False
1772742171.593,8309,1.4,83.4,0.3,9.5,0,False
1772742171.689,8310,1.1,83.1,0.2,10.4,0,False
1772742171.792,8311,2.0,90.4,0.2,10.4,0,False
1772742171.889,8312,1.3,85.6,0.2,10.4,0,False
1772742171.982,8313,1.6,81.1,0.3,10.4,0,False
1772742172.077,8314,1.6,83.5,0.2,10.4,0,False
1772742172.174,8315,1.1,84.0,0.3,10.4,0,False
1772742172.269,8316,1.1,82.2,0.3,10.4,0,False
1772742172.365,8317,1.1,85.4,0.2,10.4,0,False
1772742172.461,8318,1.1,85.3,0.2,10.4,0,False
1772742172.555,8319,1.5,83.0,0.2,10.4,0,False
1772742172.649,8320,1.1,82.9,0.2,10.4,0,False
1772742172.745,8321,1.2,83.4,0.3,10.4,0,False
1772742172.839,8322,1.2,82.9,0.2,10.4,0,False
1772742172.935,8323,1.0,83.8,0.2,10.4,0,False
1772742173.031,8324,1.1,83.5,0.4,10.4,0,False
1772742173.134,8325,0.8,87.3,0.2,10.4,0,False
1772742173.241,8326,0.8,90.5,0.2,10.3,0,False
1772742173.347,8327,1.1,94.8,0.2,10.3,0,False
1772742173.443,8328,1.5,86.4,0.2,10.3,0,False
1772742173.536,8329,1.1,83.5,0.2,10.3,0,False
1772742173.631,8330,1.5,84.8,0.2,10.3,0,False
1772742173.724,8331,1.2,83.8,0.3,10.4,0,False
1772742173.820,8332,1.2,85.1,0.3,10.4,0,False
1772742173.911,8333,1.5,82.1,0.2,10.4,0,False
1772742174.004,8334,1.7,83.6,0.2,10.4,0,False
1772742174.099,8335,1.1,84.5,0.3,10.4,0,False
1772742174.192,8336,1.8,82.3,0.2,10.4,0,False
1772742174.285,8337,1.1,83.0,0.2,10.4,0,False
1772742174.381,8338,1.5,83.6,0.2,10.4,0,False
1772742174.477,8339,1.1,85.1,0.2,10.4,0,False
1772742174.571,8340,1.2,83.1,0.2,10.4,0,False
1772742174.676,8341,1.6,90.9,0.2,10.4,0,False
1772742174.772,8342,0.8,84.9,0.2,10.3,0,False
1772742174.867,8343,1.3,83.3,0.2,10.4,0,False
1772742174.963,8344,1.2,84.1,0.3,10.3,0,False
1772742175.058,8345,1.1,83.5,0.2,10.4,0,False
1772742175.155,8346,1.1,84.4,0.2,10.5,0,False
1772742175.248,8347,1.6,82.1,0.2,10.5,0,False
1772742175.343,8348,1.6,83.0,0.2,10.5,0,False
1772742175.441,8349,1.1,85.9,0.2,10.5,0,False
1772742175.538,8350,1.2,84.3,0.2,10.5,0,False
1772742175.636,8351,1.3,85.5,0.2,10.5,0,False
1772742175.732,8352,1.2,83.5,0.2,10.5,0,False
1772742175.826,8353,2.0,82.6,0.2,10.4,0,False
1772742175.921,8354,1.1,83.6,0.3,10.4,0,False
1772742176.018,8355,1.2,83.0,0.2,10.4,0,False
1772742176.115,8356,1.1,84.3,0.3,10.4,0,False
1772742176.211,8357,1.1,83.8,0.2,10.4,0,False
1772742176.306,8358,1.6,83.3,0.2,10.4,0,False
1772742176.400,8359,1.5,81.6,0.2,10.4,0,False
1772742176.498,8360,1.2,84.9,0.2,10.4,0,False
1772742176.596,8361,1.1,84.4,0.2,10.4,0,False
1772742176.689,8362,1.1,81.2,0.2,10.4,0,False
1772742176.792,8363,0.8,87.4,0.2,10.4,0,False
1772742176.887,8364,1.4,84.0,0.2,10.4,0,False
1772742176.983,8365,1.2,83.3,0.2,10.4,0,False
1772742177.074,8366,1.6,81.1,0.2,10.4,0,False
1772742177.169,8367,1.1,83.3,0.2,10.4,0,False
1772742177.258,8368,1.5,81.2,0.3,10.4,0,False
1772742177.352,8369,1.0,83.2,0.2,10.5,0,False
1772742177.448,8370,1.1,85.5,0.2,10.5,0,False
1772742177.543,8371,1.6,83.4,0.2,10.5,0,False
1772742177.635,8372,1.6,82.1,0.3,10.5,0,False
1772742177.728,8373,1.1,82.6,0.2,10.5,0,False
1772742177.823,8374,1.2,83.9,0.6,10.5,0,False
1772742177.916,8375,1.6,80.9,0.2,10.5,0,False
1772742178.011,8376,1.1,84.5,0.2,10.5,0,False
1772742178.111,8377,0.8,84.4,0.2,10.5,0,False
1772742178.214,8378,0.8,85.1,0.2,10.5,0,False
1772742178.309,8379,1.0,84.5,0.2,10.5,0,False
1772742178.403,8380,1.1,83.2,0.2,10.5,0,False
1772742178.499,8381,0.8,86.7,0.2,10.5,0,False
1772742178.591,8382,1.2,83.3,0.2,10.5,0,False
1772742178.685,8383,1.2,83.8,0.2,10.6,0,False
1772742178.777,8384,1.1,82.4,0.2,10.6,0,False
1772742178.870,8385,1.4,83.3,0.2,10.6,0,False
1772742178.962,8386,1.2,82.7,0.2,10.6,0,False
1772742179.056,8387,1.5,83.8,0.2,10.6,0,False
1772742179.149,8388,1.2,82.9,0.2,10.6,0,False
1772742179.243,8389,1.3,83.7,0.2,10.6,0,False
1772742179.334,8390,1.6,81.5,0.2,10.6,0,False
1772742179.432,8391,1.3,85.9,0.3,10.6,0,False
1772742179.526,8392,1.5,82.0,0.2,10.6,0,False
1772742179.617,8393,1.5,81.3,0.2,10.6,0,False
1772742179.722,8394,1.1,94.9,0.3,10.5,0,False
1772742179.819,8395,1.2,84.8,0.2,10.5,0,False
1772742179.935,8396,1.0,101.8,0.2,10.4,0,False
1772742180.028,8397,1.6,82.0,0.2,10.4,0,False
1772742180.123,8398,1.1,83.3,0.2,10.5,0,False
1772742180.214,8399,1.6,81.4,0.2,10.5,0,False
1772742180.306,8400,1.6,81.6,0.3,10.5,0,False
1772742180.401,8401,1.5,82.7,0.2,10.5,0,False
1772742180.498,8402,0.9,84.0,0.3,10.5,0,False
1772742180.592,8403,1.2,83.8,0.2,10.5,0,False
1772742180.688,8404,1.2,85.3,0.3,10.5,0,False
1772742180.781,8405,1.1,83.2,0.2,10.5,0,False
1772742180.875,8406,1.2,85.1,0.2,10.5,0,False
1772742180.968,8407,1.1,83.2,0.2,10.5,0,False
1772742181.059,8408,1.8,83.0,0.2,10.5,0,False
1772742181.152,8409,1.1,83.1,0.2,10.5,0,False
1772742181.243,8410,1.5,83.2,0.2,10.5,0,False
1772742181.333,8411,1.6,81.3,0.2,10.5,0,False
1772742181.429,8412,0.9,86.4,0.2,10.5,0,False
1772742181.527,8413,1.2,88.2,0.3,10.5,0,False
1772742181.631,8414,1.9,93.7,0.2,10.5,0,False
1772742181.726,8415,1.1,84.9,0.2,10.5,0,False
1772742181.820,8416,1.1,83.5,0.2,10.6,0,False
1772742181.912,8417,1.5,83.4,0.2,10.6,0,False
1772742182.005,8418,1.1,83.0,0.2,10.6,0,False
1772742182.100,8419,1.1,85.2,0.2,10.6,0,False
1772742182.193,8420,1.1,82.8,0.2,10.6,0,False
1772742182.287,8421,1.4,83.3,0.2,10.6,0,False
1772742182.380,8422,1.6,81.8,0.2,10.6,0,False
1772742182.474,8423,2.0,84.2,0.2,10.6,0,False
1772742182.566,8424,1.0,83.2,0.2,10.6,0,False
1772742182.661,8425,1.7,83.4,0.2,10.6,0,False
1772742182.753,8426,1.1,82.7,0.3,10.7,0,False
1772742182.848,8427,1.0,83.3,0.2,10.6,0,False
1772742182.940,8428,1.6,82.1,0.2,10.6,0,False
1772742183.035,8429,1.6,83.6,0.2,10.6,0,False
1772742183.131,8430,1.2,83.1,0.2,10.6,0,False
1772742183.230,8431,1.5,83.8,0.2,10.5,0,False
1772742183.330,8432,1.2,85.6,0.2,10.5,0,False
1772742183.426,8433,1.2,84.7,0.3,10.5,0,False
1772742183.530,8434,1.2,90.8,0.2,10.5,0,False
1772742183.623,8435,1.4,82.7,0.3,10.5,0,False
1772742183.713,8436,1.1,80.1,0.2,10.6,0,False
1772742183.812,8437,0.9,84.1,0.2,10.5,0,False
1772742183.902,8438,1.5,80.5,0.2,10.5,0,False
1772742183.994,8439,1.6,82.4,0.2,10.6,0,False
1772742184.086,8440,1.2,81.7,0.2,10.6,0,False
1772742184.179,8441,1.3,83.8,0.2,10.6,0,False
1772742184.272,8442,1.2,82.2,0.2,10.6,0,False
1772742184.366,8443,1.2,83.7,0.2,10.6,0,False
1772742184.461,8444,1.3,83.9,0.2,10.6,0,False
1772742184.554,8445,1.7,82.0,0.2,10.6,0,False
1772742184.648,8446,1.1,82.6,0.2,10.6,0,False
1772742184.743,8447,1.0,83.5,0.2,10.6,0,False
1772742184.836,8448,1.2,81.9,0.2,10.5,0,False
1772742184.930,8449,1.5,82.3,0.2,10.6,0,False
1772742185.035,8450,0.8,90.5,0.3,10.5,0,False
1772742185.127,8451,0.9,81.7,0.2,10.5,0,False
1772742185.218,8452,1.5,81.5,0.2,10.6,0,False
1772742185.310,8453,1.0,82.0,0.2,10.6,0,False
1772742185.403,8454,1.3,82.1,0.2,10.7,0,False
1772742185.493,8455,0.8,80.1,0.2,10.7,0,False
1772742185.779,8456,0.9,81.3,0.2,9.7,0,False
1772742185.871,8457,0.9,83.2,0.2,9.7,0,False
1772742185.965,8458,1.4,83.0,0.2,9.7,0,False
1772742186.055,8459,1.5,80.4,0.2,9.7,0,False
1772742186.147,8460,1.6,82.6,0.3,9.7,0,False
1772742186.242,8461,1.6,83.1,0.3,9.7,0,False
1772742186.335,8462,1.6,83.2,0.3,9.7,0,False
1772742186.430,8463,1.1,84.1,0.2,9.7,0,False
1772742186.525,8464,1.2,83.3,0.2,9.7,0,False
1772742186.618,8465,1.1,83.4,0.2,9.7,0,False
1772742186.713,8466,1.3,83.0,0.3,9.7,0,False
1772742186.807,8467,1.1,83.0,0.2,9.7,0,False
1772742186.901,8468,1.1,82.0,0.2,9.7,0,False
1772742186.994,8469,1.2,83.2,0.3,9.7,0,False
1772742187.087,8470,1.1,81.8,0.2,9.7,0,False
1772742187.185,8471,1.1,86.2,0.2,9.7,0,False
1772742187.279,8472,1.1,83.4,0.2,9.7,0,False
1772742187.373,8473,1.1,84.3,0.2,9.7,0,False
1772742187.473,8474,1.0,85.6,0.2,9.7,0,False
1772742187.572,8475,2.2,82.4,0.3,9.6,0,False
1772742187.667,8476,1.3,83.8,0.2,10.6,0,False
1772742187.757,8477,1.6,80.2,0.2,10.6,0,False
1772742187.852,8478,1.1,83.6,0.2,10.6,0,False
1772742187.943,8479,1.5,80.4,0.2,10.6,0,False
1772742188.035,8480,1.6,80.3,0.3,10.6,0,False
1772742188.129,8481,1.1,81.8,0.2,10.6,0,False
1772742188.231,8482,1.2,89.3,0.2,10.6,0,False
1772742188.326,8483,1.1,82.8,0.2,10.5,0,False
1772742188.425,8484,1.3,85.6,0.2,10.5,0,False
1772742188.518,8485,1.2,82.8,0.4,10.5,0,False
1772742188.608,8486,1.5,80.3,0.2,10.6,0,False
1772742188.698,8487,1.5,80.7,0.2,10.6,0,False
1772742188.793,8488,1.4,82.8,0.2,10.6,0,False
1772742188.888,8489,1.2,82.0,0.2,10.6,1,True
1772742188.983,8490,1.2,82.0,0.2,10.5,0,True
1772742189.087,8491,1.1,85.2,0.2,10.5,0,True
1772742189.181,8492,1.2,82.3,0.3,10.5,0,True
1772742189.275,8493,1.4,82.1,0.2,10.5,0,True
1772742189.367,8494,1.1,81.6,0.2,10.6,0,True
1772742189.462,8495,1.4,83.8,0.2,10.6,0,True
1772742189.556,8496,1.2,82.4,0.2,10.6,1,True
1772742189.650,8497,1.1,81.6,0.3,10.6,1,True
1772742189.748,8498,1.1,86.9,0.2,10.5,1,True
1772742189.840,8499,1.3,80.6,0.2,10.5,1,True
1772742189.942,8500,1.1,91.5,0.2,10.5,1,True
1772742190.033,8501,1.5,80.6,0.2,10.5,0,True
1772742190.128,8502,1.1,83.0,0.3,10.5,0,True
1772742190.220,8503,1.1,81.9,0.2,10.6,0,True
1772742190.314,8504,1.1,81.9,0.2,10.6,0,True
1772742190.407,8505,1.5,81.1,0.3,10.6,0,True
1772742190.501,8506,0.8,83.8,0.2,10.6,0,True
1772742190.594,8507,1.2,82.4,0.2,10.5,0,True
1772742190.686,8508,1.2,81.3,0.2,10.6,0,True
1772742190.777,8509,1.5,80.6,0.2,10.6,0,True
1772742190.867,8510,1.5,80.0,0.3,10.6,0,True
1772742190.960,8511,1.1,82.3,0.2,10.7,0,True
1772742191.053,8512,1.6,81.6,0.2,10.7,0,True
1772742191.152,8513,1.1,87.7,0.2,10.7,0,True
1772742191.244,8514,1.2,81.4,0.3,10.7,0,True
1772742191.336,8515,1.5,81.7,0.2,10.7,0,True
1772742191.435,8516,1.2,87.7,0.2,10.6,0,True
1772742191.529,8517,1.6,84.2,0.2,10.6,0,True
1772742191.623,8518,0.9,82.7,0.2,10.7,0,True
1772742191.720,8519,1.8,85.6,0.3,10.6,0,True
1772742191.815,8520,1.2,83.9,0.2,10.7,0,True
1772742191.918,8521,2.0,89.0,0.2,10.6,0,True
1772742192.009,8522,1.5,81.0,0.3,10.6,0,True
1772742192.101,8523,1.1,82.1,0.2,10.6,0,True
1772742192.196,8524,1.1,83.3,0.3,10.6,0,True
1772742192.289,8525,1.1,82.5,0.2,10.6,0,True
1772742192.385,8526,1.1,84.2,0.3,10.6,1,True
1772742192.481,8527,1.3,85.4,0.2,10.6,0,True
1772742192.576,8528,1.5,83.3,0.2,10.6,0,True
1772742192.669,8529,1.1,82.6,0.2,10.6,0,True
1772742192.770,8530,0.8,89.4,0.2,10.5,0,True
1772742192.867,8531,1.2,85.7,0.2,10.5,0,True
1772742192.959,8532,1.1,81.4,0.2,10.5,1,True
1772742193.058,8533,1.1,87.7,0.3,10.5,0,True
1772742193.151,8534,1.1,83.6,0.3,10.5,0,True
1772742193.246,8535,1.9,83.2,0.2,10.5,0,True
1772742193.350,8536,1.1,94.0,0.2,10.4,0,True
1772742193.453,8537,1.1,92.0,0.2,10.4,0,True
1772742193.547,8538,1.2,82.5,0.2,10.4,0,True
1772742193.638,8539,1.6,80.7,0.2,10.4,0,True
1772742193.729,8540,1.6,80.1,0.2,10.5,0,True
1772742193.827,8541,1.1,87.3,0.2,10.5,0,True
1772742193.919,8542,1.4,81.3,0.2,10.5,0,True
1772742194.012,8543,1.1,82.6,0.2,10.5,0,True
1772742194.104,8544,1.2,81.0,0.3,10.5,0,True
1772742194.197,8545,1.1,81.9,0.2,10.5,0,True
1772742194.289,8546,1.1,81.7,0.2,10.5,0,True
1772742194.385,8547,1.1,85.2,0.3,10.5,0,True
1772742194.477,8548,1.6,81.9,0.2,10.5,0,True
1772742194.570,8549,1.1,81.1,0.2,10.5,0,True
1772742194.663,8550,1.1,81.3,0.2,10.6,0,True
1772742194.768,8551,1.5,92.9,0.3,10.5,0,True
1772742194.859,8552,1.5,80.2,0.2,10.5,1,True
1772742194.952,8553,1.4,82.5,0.2,10.6,0,True
1772742195.044,8554,1.2,81.5,0.2,10.6,0,True
1772742195.135,8555,1.8,81.0,0.3,10.6,0,True
1772742195.228,8556,1.2,81.9,0.3,10.7,0,True
1772742195.321,8557,1.1,83.3,0.2,10.7,0,True
1772742195.415,8558,1.1,83.7,0.2,10.7,0,True
1772742195.507,8559,1.1,82.7,0.2,10.7,0,True
1772742195.599,8560,1.1,81.5,0.2,10.7,0,True
1772742195.693,8561,1.1,83.7,0.2,10.7,0,True
1772742195.783,8562,1.2,80.9,0.2,10.7,0,True
1772742195.877,8563,1.2,83.5,0.2,10.7,0,True
1772742195.968,8564,1.5,80.7,0.2,10.7,0,True
1772742196.062,8565,1.2,83.4,0.2,10.7,0,True
1772742196.154,8566,1.3,82.0,0.2,10.7,0,True
1772742196.246,8567,1.2,81.9,0.2,10.7,0,True
1772742196.337,8568,1.2,81.6,0.2,10.8,0,True
1772742196.433,8569,1.1,86.4,0.2,10.7,0,True
1772742196.525,8570,1.2,82.2,0.2,10.7,0,True
1772742196.619,8571,1.1,84.0,0.2,10.8,0,True
1772742196.711,8572,1.2,82.0,0.2,10.8,0,True
1772742196.804,8573,1.2,83.7,0.2,10.8,0,True
1772742196.894,8574,1.5,80.5,0.2,10.8,0,True
1772742196.991,8575,2.3,87.1,0.2,10.8,0,True
1772742197.090,8576,1.1,88.2,0.2,10.7,0,True
1772742197.196,8577,1.4,95.1,0.2,10.7,0,True
1772742197.292,8578,1.1,85.9,0.2,10.7,0,True
1772742197.384,8579,1.1,82.2,0.2,10.7,0,True
1772742197.485,8580,1.6,89.3,0.2,10.6,0,True
1772742197.597,8581,2.9,99.2,0.2,10.5,0,True
1772742197.694,8582,1.3,85.2,0.2,10.5,0,False
1772742197.786,8583,1.5,82.2,0.2,10.5,0,False
1772742197.885,8584,1.2,89.2,0.2,10.4,0,False
1772742197.977,8585,1.1,81.4,0.2,10.4,0,False
1772742198.082,8586,1.4,93.8,0.2,10.4,0,False
1772742198.178,8587,1.1,85.2,0.2,10.4,0,False
1772742198.270,8588,1.1,82.7,0.2,10.3,0,False
1772742198.365,8589,1.1,84.8,0.2,10.4,0,False
1772742198.460,8590,1.1,84.8,0.2,10.3,0,False
1772742198.554,8591,1.3,83.3,0.2,10.3,0,False
1772742198.647,8592,1.1,83.1,0.2,10.3,0,False
1772742198.742,8593,1.3,83.8,0.2,10.3,0,False
1772742198.836,8594,1.1,83.3,0.2,10.3,0,False
1772742198.929,8595,1.6,81.7,0.2,10.3,0,False
1772742199.024,8596,1.1,84.1,0.2,10.3,0,False
1772742199.118,8597,1.2,82.8,0.2,10.4,0,False
1772742199.212,8598,1.1,83.7,0.4,10.4,0,False
1772742199.310,8599,1.1,87.4,0.2,10.4,0,False
1772742199.408,8600,1.1,87.5,0.4,10.4,0,False
1772742199.499,8601,0.9,83.7,0.2,10.5,0,False
1772742199.594,8602,1.3,84.2,0.2,10.5,0,False
1772742199.689,8603,1.2,85.7,0.2,10.5,0,False
1772742199.786,8604,1.2,85.5,0.2,10.5,0,False
1772742199.880,8605,1.1,82.9,0.3,10.5,0,False
1772742199.973,8606,1.1,83.1,0.2,10.6,0,False
1772742200.064,8607,1.5,81.3,0.2,10.6,0,False
1772742200.158,8608,1.2,82.9,0.2,10.6,0,False
1772742200.251,8609,1.1,83.0,0.2,10.6,0,False
1772742200.344,8610,1.1,82.6,0.2,10.6,0,False
1772742200.450,8611,1.6,94.0,0.2,10.5,0,False
1772742200.543,8612,1.1,82.9,0.2,10.5,0,False
1772742200.636,8613,1.6,81.9,0.2,10.6,0,False
1772742200.728,8614,1.2,82.3,0.2,10.6,0,False
1772742200.829,8615,1.0,89.1,0.2,10.5,0,False
1772742200.925,8616,1.1,84.7,0.2,10.5,0,False
1772742201.018,8617,1.0,83.3,0.2,10.5,0,False
1772742201.112,8618,1.1,83.6,0.2,10.5,0,False
1772742201.205,8619,1.1,83.3,0.2,10.6,0,False
1772742201.298,8620,1.2,83.4,0.2,10.6,0,False
1772742201.391,8621,1.2,82.8,0.2,10.6,0,False
1772742201.483,8622,1.1,81.1,0.2,10.6,0,False
1772742201.786,8623,0.8,81.5,0.2,9.5,0,False
1772742201.879,8624,1.0,83.7,0.2,9.6,0,False
1772742201.970,8625,1.5,81.3,0.2,9.6,0,False
1772742202.064,8626,0.9,82.1,0.2,9.6,0,False
1772742202.158,8627,1.3,83.1,0.2,9.6,0,False
1772742202.251,8628,1.2,82.7,0.2,9.6,0,False
1772742202.346,8629,1.1,82.6,0.3,9.5,1,True
1772742202.443,8630,1.1,85.7,0.2,9.5,0,True
1772742202.535,8631,1.2,81.8,0.2,9.6,0,True
1772742202.628,8632,1.1,82.9,0.2,9.6,0,True
1772742202.720,8633,1.2,81.9,0.2,9.6,0,True
1772742202.814,8634,1.2,82.9,0.2,9.6,0,True
1772742202.907,8635,1.2,82.6,0.2,9.6,0,True
1772742203.000,8636,1.1,81.7,0.2,9.6,0,True
1772742203.093,8637,1.1,82.9,0.2,9.6,0,True
1772742203.185,8638,1.1,81.9,0.2,9.6,0,True
1772742203.275,8639,1.6,80.6,0.3,9.7,0,True
1772742203.367,8640,1.1,82.2,0.3,9.7,0,True
1772742203.468,8641,0.8,85.9,0.2,9.6,0,True
1772742203.559,8642,1.5,80.2,0.3,9.6,0,True
1772742203.649,8643,1.5,79.8,0.2,10.7,0,True
1772742203.739,8644,1.5,80.4,0.2,10.8,1,True
1772742203.832,8645,1.0,81.4,0.3,10.7,0,True
1772742203.926,8646,1.1,83.3,0.2,10.7,0,True
1772742204.017,8647,1.6,80.1,0.2,10.8,0,True
1772742204.122,8648,1.1,95.2,0.2,10.7,0,True
1772742204.215,8649,0.8,81.9,0.2,10.7,0,True
1772742204.318,8650,1.1,92.2,0.2,10.7,0,True
1772742204.418,8651,1.1,90.5,0.2,10.6,0,True
1772742204.509,8652,1.5,80.4,0.2,10.6,0,True
1772742204.603,8653,1.1,83.4,0.2,10.6,0,True
1772742204.697,8654,1.5,84.0,0.2,10.6,0,True
1772742204.791,8655,1.3,84.3,0.2,10.6,0,True
1772742204.883,8656,1.1,81.6,0.2,10.6,0,True
1772742204.977,8657,1.1,84.2,0.2,10.6,0,True
1772742205.069,8658,1.1,82.0,0.2,10.6,0,True
1772742205.163,8659,1.1,83.5,0.2,10.6,0,True
1772742205.254,8660,1.6,80.3,0.2,10.6,0,True
1772742205.348,8661,1.1,83.3,0.2,10.6,0,True
1772742205.442,8662,1.1,83.8,0.2,10.6,0,True
1772742205.536,8663,1.5,83.9,0.2,10.6,0,True
1772742205.628,8664,1.1,81.4,0.2,10.6,0,True
1772742205.721,8665,1.4,81.9,0.2,10.6,0,True
1772742205.811,8666,1.5,80.0,0.2,10.6,0,True
1772742205.905,8667,1.1,83.2,0.2,10.6,0,True
1772742205.998,8668,1.1,83.1,0.3,10.7,0,True
1772742206.092,8669,1.2,83.4,0.2,10.7,0,True
1772742206.184,8670,1.1,81.5,0.3,10.7,0,True
1772742206.281,8671,1.1,84.9,0.2,10.7,0,True
1772742206.373,8672,1.1,82.7,0.2,10.7,0,True
1772742206.468,8673,1.4,83.4,0.2,10.7,0,True
1772742206.561,8674,1.1,82.3,0.2,10.7,0,False
1772742206.653,8675,1.2,81.1,0.2,10.7,0,False
1772742206.755,8676,1.1,92.0,0.2,10.7,0,False
1772742206.846,8677,1.2,80.2,0.2,10.7,0,False
1772742206.938,8678,0.9,81.6,0.3,10.7,0,False
1772742207.028,8679,1.5,80.6,0.2,10.7,0,False
1772742207.119,8680,1.1,80.6,0.2,10.7,0,False
1772742207.215,8681,1.2,84.0,0.2,10.7,0,False
1772742207.312,8682,1.1,87.1,0.2,10.7,0,False
1772742207.405,8683,0.9,82.3,0.3,10.7,0,False
1772742207.501,8684,0.8,86.2,0.2,10.7,0,False
1772742207.596,8685,1.1,82.2,0.2,10.7,0,False
1772742207.689,8686,1.5,83.1,0.2,10.6,0,False
1772742207.782,8687,1.1,82.0,0.2,10.7,0,False
1772742207.876,8688,1.5,83.6,0.2,10.7,0,False
1772742207.968,8689,1.1,82.3,0.2,10.7,0,False
1772742208.061,8690,1.2,82.5,0.2,10.7,0,False
1772742208.153,8691,1.1,82.1,0.2,10.7,0,False
1772742208.247,8692,1.5,83.0,0.2,10.7,0,False
1772742208.340,8693,1.1,82.8,0.2,10.7,0,False
1772742208.436,8694,1.4,84.6,0.2,10.7,0,False
1772742208.530,8695,1.1,83.3,0.2,10.7,0,False
1772742208.625,8696,1.0,83.1,0.2,10.7,0,False
1772742208.719,8697,0.8,83.1,0.2,10.7,0,False
1772742208.813,8698,0.8,82.8,0.2,10.7,0,False
1772742208.905,8699,0.9,81.1,0.2,10.7,0,False
1772742208.995,8700,1.5,80.8,0.2,10.7,0,False
1772742209.090,8701,2.6,82.4,0.2,10.7,0,False
1772742209.182,8702,1.2,82.2,0.2,10.7,0,False
1772742209.276,8703,1.1,83.4,0.2,10.7,0,False
1772742209.369,8704,1.1,82.5,0.2,10.7,0,False
1772742209.465,8705,1.1,85.0,0.3,10.7,0,False
1772742209.558,8706,1.1,82.4,0.2,10.7,0,False
1772742209.652,8707,1.1,83.9,0.3,10.7,0,False
1772742209.745,8708,1.1,83.4,0.2,10.7,0,False
1772742209.839,8709,1.3,83.6,0.2,10.7,0,False
1772742209.933,8710,1.1,82.2,0.2,10.7,0,False
1772742210.028,8711,1.1,84.2,0.3,10.7,0,False
1772742210.120,8712,1.1,82.2,0.2,10.7,0,False
1772742210.214,8713,1.1,83.6,0.2,10.7,0,False
1772742210.306,8714,1.6,81.2,0.2,10.7,0,False
1772742210.400,8715,1.1,83.6,0.3,10.7,0,False
1772742210.494,8716,1.1,83.8,0.2,10.7,0,False
1772742210.588,8717,1.3,81.7,0.2,10.7,0,False
1772742210.679,8718,1.1,80.2,0.2,10.7,0,False
1772742210.771,8719,1.6,82.7,0.2,10.7,0,False
1772742210.862,8720,1.1,81.7,0.2,10.7,0,False
1772742210.957,8721,1.1,84.0,0.2,10.7,0,False
1772742211.049,8722,1.1,81.9,0.2,10.7,0,False
1772742211.143,8723,1.1,84.0,0.2,10.7,0,False
1772742211.235,8724,1.1,81.8,0.2,10.7,0,False
1772742211.329,8725,1.4,83.3,0.2,10.7,0,False
1772742211.424,8726,1.1,84.2,0.3,10.7,0,False
1772742211.518,8727,1.6,82.9,0.2,10.7,0,False
1772742211.609,8728,1.5,80.7,0.2,10.7,0,False
1772742211.702,8729,1.2,82.8,0.2,10.7,0,False
1772742211.795,8730,1.1,81.9,0.2,10.7,0,False
1772742211.890,8731,3.4,82.1,0.2,10.7,0,False
1772742211.983,8732,1.1,82.8,0.2,10.7,0,False
1772742212.085,8733,1.2,90.3,0.2,10.7,0,False
1772742212.179,8734,1.1,83.9,0.2,10.7,0,False
1772742212.271,8735,1.1,82.1,0.2,10.7,0,False
1772742212.365,8736,1.1,84.5,0.2,10.7,0,False
1772742212.459,8737,1.1,83.8,0.2,10.7,0,False
1772742212.550,8738,1.5,82.2,0.2,10.7,0,False
1772742212.652,8739,1.1,89.1,0.2,10.6,0,False
1772742212.752,8740,1.3,89.3,0.2,10.6,0,False
1772742212.852,8741,1.1,90.6,0.2,10.6,0,False
1772742212.944,8742,1.1,82.2,0.2,10.6,0,False
1772742213.037,8743,1.6,82.9,0.2,10.6,0,False
1772742213.130,8744,1.1,83.1,0.2,10.6,0,False
1772742213.223,8745,1.7,82.7,0.2,10.6,0,False
1772742213.314,8746,1.1,81.7,0.2,10.6,0,False
1772742213.410,8747,1.1,86.7,0.2,10.6,0,False
1772742213.502,8748,0.8,84.0,0.2,10.6,0,False
1772742213.609,8749,0.8,92.5,0.2,10.5,0,False
1772742213.704,8750,1.1,85.1,0.2,10.5,0,False
1772742213.796,8751,1.2,82.8,0.2,10.5,0,False
1772742213.889,8752,1.1,84.1,0.2,10.5,0,False
1772742213.981,8753,1.1,82.0,0.2,10.5,0,False
1772742214.075,8754,1.1,83.8,0.2,10.5,0,False
1772742214.165,8755,1.6,80.7,0.2,10.6,0,False
1772742214.256,8756,1.5,81.0,0.6,10.6,0,False
1772742214.345,8757,1.6,79.6,0.2,10.6,0,False
1772742214.441,8758,1.1,85.7,0.3,10.6,0,False
1772742214.532,8759,1.2,81.5,0.2,10.6,0,False
1772742214.624,8760,1.1,82.1,0.3,10.7,0,False
1772742214.727,8761,1.6,89.9,0.2,10.7,0,False
1772742214.820,8762,1.5,83.5,0.2,10.7,0,False
1772742214.917,8763,1.1,86.9,0.2,10.6,0,False
1772742215.010,8764,1.1,81.9,0.2,10.6,0,False
1772742215.102,8765,1.1,82.0,0.2,10.6,0,False
1772742215.203,8766,1.1,90.4,0.3,10.6,0,False
1772742215.299,8767,1.2,85.7,0.2,10.6,0,False
1772742215.391,8768,1.1,82.4,0.3,10.6,0,False
1772742215.491,8769,1.1,89.8,0.2,10.6,0,False
1772742215.583,8770,1.2,82.3,0.3,10.6,0,False
1772742215.676,8771,1.6,82.1,0.2,10.6,0,False
1772742215.765,8772,1.2,79.4,0.2,10.7,0,False
1772742215.858,8773,1.1,83.6,0.2,10.7,0,False
1772742215.950,8774,1.2,81.7,0.2,10.7,0,False
1772742216.043,8775,1.1,83.0,0.2,10.6,0,False
1772742216.135,8776,1.1,82.0,0.2,10.6,0,False
1772742216.229,8777,1.1,84.1,0.2,10.6,0,False
1772742216.321,8778,1.1,81.7,0.2,10.6,0,False
1772742216.417,8779,1.1,86.6,0.2,10.6,0,False
1772742216.509,8780,1.1,81.5,0.2,10.6,0,False
1772742216.608,8781,1.4,88.7,0.2,10.6,0,False
1772742216.708,8782,1.1,91.2,0.2,10.6,0,False
1772742216.800,8783,1.1,81.7,0.2,10.6,0,False
1772742216.900,8784,0.8,85.1,0.2,10.6,0,False
1772742216.992,8785,1.2,81.8,0.2,10.6,0,False
1772742217.085,8786,1.4,83.1,0.2,10.6,0,False
1772742217.176,8787,1.1,80.9,0.2,10.7,0,False
1772742217.270,8788,1.1,84.3,0.2,10.6,0,False
1772742217.361,8789,1.1,81.4,0.2,10.7,0,False
1772742217.458,8790,1.1,87.5,0.2,10.7,0,False
1772742217.550,8791,1.5,78.0,0.2,10.7,0,False
1772742217.791,8792,0.8,79.7,0.2,9.9,0,False
1772742217.882,8793,1.1,81.7,0.2,9.9,0,False
1772742217.975,8794,1.2,83.6,0.3,9.9,0,False
1772742218.065,8795,1.5,79.9,0.2,9.9,0,False
1772742218.157,8796,1.1,82.6,0.2,9.9,1,True
1772742218.249,8797,1.1,81.3,0.2,9.9,1,True
1772742218.342,8798,1.1,82.8,0.2,9.9,0,True
1772742218.435,8799,1.1,83.1,0.3,9.9,0,True
1772742218.529,8800,1.2,83.5,0.2,9.9,0,True
1772742218.623,8801,1.1,84.1,0.2,9.9,0,True
1772742218.735,8802,1.2,101.8,0.2,9.9,0,True
1772742218.830,8803,1.2,85.6,0.2,9.9,0,True
1772742218.922,8804,1.5,81.7,0.2,9.9,0,True
1772742219.014,8805,1.5,83.1,0.2,9.9,0,True
1772742219.105,8806,1.5,81.9,0.2,9.9,0,True
1772742219.201,8807,1.2,85.7,0.2,9.9,0,True
1772742219.294,8808,1.1,83.1,0.2,9.9,0,True
1772742219.389,8809,1.4,84.9,0.3,9.9,0,True
1772742219.484,8810,1.1,85.4,0.2,9.9,0,True
1772742219.580,8811,1.1,83.6,0.3,9.9,1,True
1772742219.689,8812,0.9,99.2,0.2,10.5,0,True
1772742219.782,8813,1.0,83.0,0.2,10.5,0,True
1772742219.876,8814,1.2,82.6,0.2,10.5,0,True
1772742219.968,8815,1.1,82.9,0.2,10.5,0,True
1772742220.068,8816,1.0,88.4,0.2,10.5,0,True
1772742220.161,8817,1.1,83.8,0.2,10.5,0,True
1772742220.252,8818,1.1,81.7,0.2,10.5,0,True
1772742220.346,8819,1.1,84.1,0.6,10.5,0,True
1772742220.439,8820,1.5,83.4,0.3,10.5,0,True
1772742220.535,8821,1.3,84.7,0.2,10.5,0,True
1772742220.636,8822,1.3,91.1,0.2,10.5,0,True
1772742220.727,8823,1.6,80.9,0.2,10.5,0,True
1772742220.817,8824,1.5,80.5,0.2,10.6,0,True
1772742220.908,8825,1.5,82.0,0.2,10.6,0,True
1772742221.000,8826,1.2,82.7,0.2,10.6,0,True
1772742221.091,8827,1.5,81.9,0.2,10.6,0,True
1772742221.184,8828,1.2,82.1,0.2,10.6,0,True
1772742221.276,8829,1.2,82.8,0.2,10.6,0,True
1772742221.369,8830,1.2,82.0,0.2,10.6,0,True
1772742221.465,8831,1.1,85.7,0.2,10.6,0,True
1772742221.558,8832,1.5,83.3,0.2,10.7,0,True
1772742221.652,8833,1.2,83.9,0.2,10.7,0,True
1772742221.743,8834,1.5,80.8,0.2,10.7,0,True
1772742221.834,8835,1.6,81.8,0.2,10.7,0,True
1772742221.927,8836,1.2,82.3,0.2,10.8,0,True
1772742222.020,8837,1.2,83.2,0.2,10.8,0,True
1772742222.112,8838,1.2,82.1,0.2,10.8,0,True
1772742222.205,8839,1.2,83.5,0.2,10.8,0,True
1772742222.297,8840,1.2,82.2,0.2,10.8,0,True
1772742222.389,8841,1.2,83.3,0.2,10.8,0,False
1772742222.484,8842,1.2,84.6,0.2,10.8,0,False
1772742222.574,8843,1.5,81.1,0.4,10.8,0,False
1772742222.666,8844,1.3,81.8,0.2,10.8,0,False
1772742222.758,8845,1.3,82.1,0.3,10.8,0,False
1772742222.847,8846,1.6,80.8,0.2,10.8,0,False
1772742222.947,8847,1.2,90.9,0.2,10.8,0,False
1772742223.037,8848,1.1,80.5,0.2,10.8,0,False
1772742223.127,8849,1.5,81.3,0.2,10.8,0,False
1772742223.219,8850,1.1,82.0,0.2,10.8,0,False
1772742223.313,8851,1.1,83.0,0.2,10.8,0,False
1772742223.407,8852,1.4,83.6,0.4,10.8,0,False
1772742223.498,8853,0.8,82.8,0.2,10.8,0,False
1772742223.590,8854,1.4,82.4,0.2,10.8,0,False
1772742223.712,8855,1.2,112.3,0.2,10.6,0,False
1772742223.807,8856,0.9,85.9,0.2,10.6,0,False
1772742223.900,8857,1.0,82.9,0.2,10.6,0,False
1772742223.994,8858,1.5,83.5,0.2,10.6,0,False
1772742224.087,8859,1.6,82.6,0.2,10.6,0,False
1772742224.181,8860,1.3,83.7,0.2,10.6,0,False
1772742224.275,8861,1.1,84.3,0.2,10.6,0,False
1772742224.369,8862,1.0,83.0,0.2,10.6,0,False
1772742224.462,8863,1.6,83.5,0.2,10.6,0,False
1772742224.557,8864,1.0,83.7,0.3,10.6,0,False
1772742224.649,8865,1.6,81.7,0.3,10.6,0,False
1772742224.749,8866,1.6,90.6,0.2,10.5,0,False
1772742224.843,8867,1.0,83.2,0.2,10.6,0,False
1772742224.934,8868,1.2,81.8,0.2,10.5,0,False
1772742225.027,8869,1.2,82.1,0.2,10.5,0,False
1772742225.119,8870,1.2,82.2,0.2,10.5,0,False
1772742225.210,8871,1.6,80.9,0.3,10.5,0,False
1772742225.302,8872,1.1,81.9,0.2,10.6,0,False
1772742225.395,8873,1.2,82.4,0.3,10.5,0,False
1772742225.486,8874,1.3,81.2,0.2,10.6,0,False
1772742225.578,8875,1.1,81.9,0.2,10.7,0,False
1772742225.670,8876,1.5,81.8,0.2,10.7,0,False
1772742225.762,8877,1.2,81.8,0.2,10.7,0,False
1772742225.852,8878,1.4,80.2,0.2,10.8,0,False
1772742225.944,8879,1.1,82.1,0.2,10.8,0,False
1772742226.035,8880,1.9,81.3,0.3,10.8,0,False
1772742226.138,8881,1.6,91.2,0.4,10.7,0,False
1772742226.235,8882,1.0,86.8,0.2,10.7,0,False
1772742226.330,8883,1.1,85.5,0.2,10.7,0,False
1772742226.428,8884,1.2,87.8,0.2,10.7,0,False
1772742226.522,8885,1.3,83.3,0.2,10.7,0,False
1772742226.616,8886,1.3,83.8,0.2,10.7,0,False
1772742226.710,8887,1.3,83.3,0.2,10.7,0,False
1772742226.804,8888,1.1,84.7,0.3,10.7,0,False
1772742226.896,8889,1.2,81.5,0.2,10.7,0,False
1772742226.988,8890,1.1,83.0,0.3,10.7,0,False
1772742227.080,8891,1.6,82.1,0.2,10.7,0,False
1772742227.190,8892,1.1,101.4,0.2,10.6,0,False
1772742227.281,8893,1.5,81.3,0.2,10.6,0,False
1772742227.375,8894,1.2,84.5,0.2,10.6,0,False
1772742227.470,8895,1.1,85.5,0.2,10.6,0,False
1772742227.568,8896,1.6,87.7,0.2,10.5,0,False
1772742227.662,8897,1.1,84.2,0.4,10.5,0,False
1772742227.754,8898,1.2,81.8,0.3,10.5,0,False
1772742227.849,8899,1.0,84.6,0.2,10.5,0,False
1772742227.942,8900,1.1,83.3,0.2,10.5,0,False
1772742228.036,8901,1.2,84.3,0.2,10.5,0,False
1772742228.125,8902,1.5,80.3,0.3,10.6,0,False
1772742228.218,8903,1.1,83.4,0.3,10.6,0,False
1772742228.309,8904,1.1,82.1,0.2,10.6,0,False
1772742228.401,8905,1.1,82.2,0.2,10.6,0,False
1772742228.495,8906,1.1,84.4,0.2,10.6,0,False
1772742228.587,8907,1.1,82.1,0.3,10.7,0,False
1772742228.677,8908,1.6,80.8,0.2,10.7,0,False
1772742228.770,8909,1.1,83.3,0.2,10.7,0,False
1772742228.862,8910,1.6,81.3,0.2,10.7,0,False
1772742228.957,8911,1.4,84.5,0.2,10.7,0,False
1772742229.051,8912,1.5,83.2,0.3,10.8,0,False
1772742229.143,8913,1.1,83.2,0.2,10.7,0,False
1772742229.236,8914,1.1,82.0,0.2,10.8,0,False
1772742229.328,8915,1.2,82.8,0.2,10.8,0,False
1772742229.424,8916,1.4,85.2,0.2,10.8,0,False
1772742229.518,8917,1.2,83.2,0.3,10.8,0,False
1772742229.609,8918,1.5,81.2,0.2,10.8,0,False
1772742229.703,8919,1.5,85.0,0.4,10.8,0,False
1772742229.797,8920,1.1,85.0,0.3,10.8,0,False
1772742229.894,8921,1.1,87.2,0.2,10.8,0,False
1772742229.985,8922,1.6,81.6,0.3,10.8,0,False
1772742230.078,8923,1.1,84.0,0.2,10.8,0,False
1772742230.168,8924,1.5,80.8,0.2,10.8,0,False
1772742230.262,8925,1.1,84.3,0.5,10.7,0,False
1772742230.353,8926,1.2,81.8,0.3,10.8,0,False
1772742230.450,8927,1.2,87.3,0.2,10.7,0,False
1772742230.543,8928,1.2,83.2,0.2,10.7,0,False
1772742230.638,8929,1.1,84.3,0.2,10.7,0,False
1772742230.731,8930,1.1,83.5,0.2,10.7,0,False
1772742230.826,8931,1.2,85.2,0.2,10.7,0,False
1772742230.917,8932,1.6,81.8,0.2,10.7,0,False
1772742231.011,8933,1.1,84.6,0.3,10.7,0,False
1772742231.103,8934,1.1,82.6,0.2,10.7,0,False
1772742231.197,8935,1.1,84.7,0.2,10.7,0,False
1772742231.290,8936,1.2,83.3,0.2,10.7,0,False
1772742231.384,8937,1.3,83.7,0.2,10.7,0,False
1772742231.478,8938,1.1,84.7,0.2,10.7,0,False
1772742231.571,8939,1.6,83.1,0.2,10.7,0,False
1772742231.664,8940,1.2,83.4,0.2,10.7,0,False
1772742231.760,8941,2.3,84.2,0.2,10.7,0,False
1772742231.853,8942,1.3,83.7,0.3,10.7,0,False
1772742231.945,8943,1.6,82.1,0.2,10.7,0,False
1772742232.038,8944,1.2,83.5,0.2,10.7,0,False
1772742232.130,8945,2.0,82.0,0.2,10.7,0,False
1772742232.222,8946,1.2,82.9,0.2,10.7,0,False
1772742232.316,8947,1.1,82.9,0.2,10.7,0,False
1772742232.413,8948,1.1,86.4,0.2,10.7,0,False
1772742232.506,8949,1.5,83.3,0.2,10.7,0,False
1772742232.614,8950,1.2,98.5,0.2,10.6,0,False
1772742232.724,8951,1.2,99.8,0.2,10.5,0,False
1772742232.816,8952,1.1,82.9,0.3,10.5,0,False
1772742232.909,8953,1.3,81.2,0.2,10.5,0,False
1772742233.002,8954,1.1,83.0,0.2,10.5,0,False
1772742233.096,8955,1.0,83.5,0.2,10.5,0,False
1772742233.189,8956,1.1,83.0,0.2,10.5,0,False
1772742233.283,8957,1.3,82.7,0.2,10.5,0,False
1772742233.377,8958,1.1,83.9,0.2,10.5,0,False
1772742233.467,8959,1.5,79.9,0.2,10.6,0,False
1772742233.799,8960,0.8,81.2,0.2,9.4,0,False
1772742233.895,8961,1.1,86.8,0.2,9.4,0,False
1772742233.987,8962,1.3,81.9,0.3,9.4,0,False
1772742234.080,8963,1.1,83.7,0.2,9.4,0,False
1772742234.171,8964,1.5,80.9,0.2,9.4,0,False
1772742234.264,8965,0.9,83.2,0.3,9.4,0,False
1772742234.359,8966,1.5,83.6,0.3,9.4,0,False
1772742234.450,8967,1.5,82.5,0.2,9.4,0,False
1772742234.543,8968,1.0,82.5,0.2,9.4,0,False
1772742234.636,8969,1.1,83.0,0.2,9.4,0,False
1772742234.735,8970,1.4,88.6,0.2,9.4,0,False
1772742234.834,8971,1.5,87.9,0.2,9.5,0,False
1772742234.925,8972,1.5,81.8,0.2,9.5,0,False
1772742235.016,8973,1.5,81.9,0.4,9.5,0,False
1772742235.108,8974,1.1,82.9,0.2,9.5,0,False
1772742235.201,8975,1.1,84.1,0.6,9.5,0,False
1772742235.294,8976,1.2,82.8,0.2,9.5,0,False
1772742235.387,8977,1.6,83.0,0.6,9.5,0,False
1772742235.484,8978,1.1,86.9,0.2,9.5,0,False
1772742235.577,8979,1.2,84.0,0.2,9.5,0,False
1772742235.687,8980,1.1,100.4,0.3,10.6,0,False
1772742235.777,8981,1.7,80.9,0.2,10.6,0,False
1772742235.868,8982,1.5,81.7,0.3,10.6,0,False
1772742235.960,8983,1.1,82.6,0.2,10.6,0,False
1772742236.064,8984,1.3,94.0,0.3,10.6,0,False
1772742236.157,8985,1.2,83.5,0.2,10.6,0,False
1772742236.250,8986,1.3,82.4,0.2,10.6,0,False
1772742236.342,8987,1.1,82.8,0.2,10.6,0,False
1772742236.435,8988,2.0,83.4,0.2,10.6,0,False
1772742236.526,8989,1.1,81.5,0.2,10.6,0,False
1772742236.620,8990,1.2,84.1,0.2,10.6,0,False
1772742236.717,8991,1.1,87.4,0.2,10.6,0,False
1772742236.808,8992,1.2,82.0,0.2,10.6,0,False
1772742236.900,8993,1.1,82.6,0.2,10.6,0,False
1772742236.993,8994,1.5,82.5,0.2,10.6,0,False
1772742237.085,8995,1.1,82.3,0.2,10.6,0,False
1772742237.176,8996,2.0,81.6,0.2,10.6,0,False
1772742237.267,8997,1.5,81.2,0.2,10.6,0,False
1772742237.358,8998,1.6,82.4,0.2,10.7,0,False
1772742237.452,8999,1.1,84.0,0.2,10.7,0,False
1772742237.549,9000,1.2,87.6,0.2,10.7,0,False
1772742237.644,9001,1.4,83.9,0.2,10.7,0,False
1772742237.738,9002,1.6,82.5,0.2,10.7,0,False
1772742237.832,9003,1.1,84.0,0.2,10.7,0,False
1772742237.925,9004,1.6,81.7,0.2,10.7,0,False
1772742238.018,9005,1.1,83.9,0.2,10.7,0,False
1772742238.112,9006,1.0,83.7,0.2,10.7,0,False
1772742238.203,9007,1.5,82.3,0.2,10.7,0,False
1772742238.300,9008,1.4,86.8,0.2,10.7,0,False
1772742238.392,9009,1.5,82.0,0.2,10.7,0,False
1772742238.486,9010,1.2,84.2,0.2,10.7,0,False
1772742238.580,9011,1.1,83.8,0.3,10.7,0,False
1772742238.672,9012,1.1,83.1,0.2,10.7,0,False
1772742238.763,9013,1.5,81.4,0.2,10.7,0,False
1772742238.854,9014,1.5,81.6,0.2,10.7,0,False
1772742238.947,9015,1.1,83.8,0.3,10.7,0,False
1772742239.040,9016,1.1,82.9,0.2,10.7,0,False
1772742239.144,9017,1.1,94.2,0.2,10.7,0,False
1772742239.235,9018,1.5,81.5,0.2,10.7,0,False
1772742239.328,9019,0.9,83.6,0.2,10.7,0,False
1772742239.421,9020,1.2,83.1,0.2,10.7,0,False
1772742239.514,9021,1.2,83.9,0.2,10.7,0,False
1772742239.604,9022,1.5,80.1,0.2,10.7,0,False
1772742239.700,9023,1.1,87.0,0.2,10.7,0,False
1772742239.791,9024,1.2,82.0,0.2,10.7,0,False
1772742239.884,9025,1.2,83.3,0.2,10.7,0,False
1772742239.975,9026,1.1,81.5,0.2,10.7,0,False
1772742240.069,9027,1.2,82.7,0.2,10.7,0,False
1772742240.159,9028,1.5,79.9,0.2,10.8,0,False
1772742240.250,9029,1.5,79.9,0.2,10.8,0,False
1772742240.341,9030,1.2,81.8,0.2,10.8,0,False
1772742240.441,9031,1.7,88.7,0.2,10.7,0,False
1772742240.534,9032,1.1,81.9,0.2,10.7,0,False
1772742240.626,9033,1.5,80.6,0.4,10.7,0,False
1772742240.719,9034,1.2,82.0,0.2,10.7,0,False
1772742240.814,9035,1.2,84.6,0.2,10.7,0,False
1772742240.906,9036,1.1,81.9,0.2,10.7,0,False
1772742240.998,9037,1.2,81.8,0.2,10.8,0,False
1772742241.090,9038,1.2,81.8,0.2,10.8,0,False
1772742241.180,9039,1.5,81.1,0.3,10.8,0,False
1772742241.275,9040,1.1,85.0,0.3,10.8,0,False
1772742241.365,9041,1.6,81.0,0.3,10.8,0,False
1772742241.457,9042,1.5,82.5,0.2,10.8,0,False
1772742241.559,9043,1.2,91.9,0.3,10.8,0,False
1772742241.652,9044,1.1,82.4,0.2,10.8,0,False
1772742241.746,9045,1.3,84.4,0.2,10.7,0,False
1772742241.839,9046,1.2,82.9,0.2,10.7,0,False
1772742241.934,9047,1.3,83.4,0.2,10.7,0,False
1772742242.028,9048,1.2,83.6,0.2,10.7,0,False
1772742242.124,9049,2.2,84.0,0.2,10.7,0,False
1772742242.217,9050,1.0,82.8,0.2,10.7,0,False
1772742242.311,9051,1.2,83.1,0.2,10.7,0,False
1772742242.403,9052,1.1,80.8,0.2,10.7,0,False
1772742242.499,9053,0.8,85.4,0.2,10.7,0,False
1772742242.593,9054,1.1,84.4,0.2,10.7,0,False
1772742242.684,9055,1.6,81.2,0.3,10.7,0,False
1772742242.775,9056,1.6,81.6,0.2,10.7,0,False
1772742242.868,9057,1.1,82.9,0.2,10.7,0,False
1772742242.961,9058,1.6,81.4,0.2,10.7,0,False
1772742243.053,9059,1.1,82.9,0.2,10.7,0,False
1772742243.148,9060,1.1,84.6,0.3,10.7,0,False
1772742243.243,9061,1.6,84.8,0.2,10.7,0,False
1772742243.342,9062,1.3,88.8,0.2,10.6,0,False
1772742243.438,9063,1.2,86.8,0.2,10.6,0,False
1772742243.528,9064,1.9,80.0,0.2,10.7,0,False
1772742243.618,9065,1.3,80.4,0.2,10.7,0,False
1772742243.711,9066,1.0,83.3,0.2,10.7,0,False
1772742243.800,9067,1.6,80.5,0.2,10.7,0,False
1772742243.893,9068,1.2,82.8,0.2,10.7,0,False
1772742243.984,9069,1.2,81.9,0.2,10.8,0,False
1772742244.073,9070,1.5,79.9,0.2,10.8,0,False
1772742244.165,9071,1.2,81.8,0.2,10.8,0,False
1772742244.256,9072,1.5,81.5,0.3,10.8,0,False
1772742244.347,9073,2.0,81.2,0.2,10.8,0,False
1772742244.457,9074,1.2,99.7,0.2,10.7,0,False
1772742244.555,9075,1.2,88.5,0.3,10.7,0,False
1772742244.648,9076,1.5,82.5,0.2,10.7,0,False
1772742244.755,9077,1.2,96.8,0.3,10.6,0,False
1772742244.847,9078,1.1,81.7,0.3,10.6,0,False
1772742244.939,9079,1.9,80.8,0.2,10.6,0,False
1772742245.031,9080,1.1,81.5,0.2,10.6,0,False
1772742245.125,9081,1.1,83.5,0.2,10.6,0,False
1772742245.217,9082,1.2,81.2,0.2,10.7,0,False
1772742245.308,9083,1.5,81.6,0.2,10.7,0,False
1772742245.401,9084,1.2,81.9,0.2,10.7,0,False
1772742245.496,9085,0.8,84.5,0.3,10.6,0,False
1772742245.587,9086,1.2,81.3,0.2,10.7,0,False
1772742245.680,9087,1.5,82.1,0.2,10.6,0,False
1772742245.770,9088,1.5,80.4,0.2,10.7,0,False
1772742245.864,9089,1.1,83.7,0.2,10.6,0,False
1772742245.955,9090,1.5,80.3,0.2,10.6,0,False
1772742246.053,9091,1.5,85.1,0.2,10.6,0,False
1772742246.144,9092,1.5,80.9,0.3,10.6,0,False
1772742246.238,9093,1.2,84.2,0.2,10.6,0,False
1772742246.329,9094,1.5,80.7,0.2,10.7,0,False
1772742246.424,9095,1.1,85.2,0.2,10.7,0,False
1772742246.517,9096,1.5,83.1,0.2,10.7,0,False
1772742246.611,9097,1.2,83.7,0.2,10.8,0,False
1772742246.703,9098,1.2,81.9,0.2,10.8,0,False
1772742246.797,9099,1.4,83.5,0.2,10.8,0,False
1772742246.889,9100,1.2,81.9,0.2,10.8,0,False
1772742246.982,9101,1.4,83.1,0.2,10.8,0,False
1772742247.074,9102,1.2,81.7,0.2,10.8,0,False
1772742247.167,9103,1.2,83.8,0.3,10.8,0,False
1772742247.257,9104,1.6,80.3,0.2,10.8,0,False
1772742247.351,9105,1.2,83.7,0.2,10.8,0,False
1772742247.442,9106,1.6,82.0,0.2,10.8,0,False
1772742247.536,9107,1.2,84.9,0.2,10.8,0,False
1772742247.627,9108,1.2,82.1,0.2,10.8,0,False
1772742247.720,9109,1.2,83.3,0.2,10.8,0,False
1772742247.811,9110,1.2,81.7,0.2,10.8,0,False
1772742247.903,9111,1.1,81.6,0.5,10.8,0,False
1772742247.992,9112,1.6,79.8,0.2,10.8,0,False
1772742248.084,9113,1.2,81.5,0.2,10.8,0,False
1772742248.178,9114,1.2,81.6,0.2,10.8,0,False
1772742248.269,9115,1.2,80.8,0.2,10.8,0,False
1772742248.360,9116,1.5,80.2,0.3,10.9,0,False
1772742248.453,9117,1.1,83.6,0.2,10.9,0,False
1772742248.543,9118,1.5,80.3,0.3,10.9,0,False
1772742248.633,9119,1.5,79.9,0.2,10.9,0,False
1772742248.726,9120,1.1,83.5,0.2,10.9,0,False
1772742248.820,9121,1.3,81.7,0.2,10.9,0,False
1772742248.913,9122,1.5,82.7,0.2,10.9,0,False
1772742249.002,9123,1.5,79.9,0.2,10.9,0,False
1772742249.092,9124,1.5,80.9,0.2,10.9,0,False
1772742249.181,9125,1.5,79.6,0.2,10.9,0,False
1772742249.273,9126,1.1,81.8,0.2,10.9,0,False
1772742249.364,9127,1.5,79.7,0.2,10.9,0,False
1772742249.455,9128,1.1,81.9,0.3,10.9,0,False
1772742249.545,9129,1.2,79.3,0.2,11.0,0,False
1772742249.807,9130,0.8,80.8,0.2,10.0,0,False
1772742249.903,9131,1.0,86.2,0.2,10.0,0,False
1772742249.998,9132,1.6,83.9,0.2,10.0,0,False
1772742250.090,9133,1.2,82.2,0.2,10.0,0,False
1772742250.183,9134,1.2,82.0,0.2,10.0,0,False
1772742250.273,9135,1.5,81.2,0.2,10.0,0,False
1772742250.366,9136,1.2,82.0,0.2,10.0,0,False
1772742250.466,9137,1.2,89.9,0.7,9.9,0,False
1772742250.558,9138,1.0,82.3,0.2,9.9,0,False
1772742250.652,9139,1.1,84.0,0.4,9.9,0,False
1772742250.743,9140,1.1,81.8,0.3,9.9,0,False
1772742250.835,9141,1.1,81.6,0.4,9.9,0,False
1772742250.926,9142,1.1,81.2,0.2,9.9,0,False
1772742251.018,9143,1.1,82.2,0.2,9.9,0,False
1772742251.110,9144,1.2,82.1,0.2,9.9,0,False
1772742251.202,9145,1.7,81.7,0.2,9.9,0,False
1772742251.293,9146,1.6,80.0,0.2,9.9,0,False
1772742251.382,9147,1.5,80.2,0.2,9.9,0,False
1772742251.476,9148,1.5,83.5,0.3,9.9,0,False
1772742251.567,9149,1.1,81.2,0.2,9.9,0,False
1772742251.657,9150,1.5,81.4,0.2,10.8,0,False
1772742251.767,9151,1.1,97.1,0.3,10.7,0,False
1772742251.860,9152,1.3,82.6,0.2,10.7,0,False
1772742251.953,9153,1.2,83.1,0.2,10.7,0,False
1772742252.045,9154,1.2,81.9,0.2,10.7,0,False
1772742252.135,9155,1.5,80.9,0.3,10.7,0,False
1772742252.226,9156,1.2,81.4,0.2,10.8,0,False
1772742252.316,9157,1.6,81.3,0.2,10.8,0,False
1772742252.410,9158,1.5,83.4,0.2,10.8,0,False
1772742252.502,9159,0.8,83.8,0.2,10.8,0,False
1772742252.595,9160,1.1,82.7,0.2,10.8,0,False
1772742252.688,9161,1.2,83.1,0.2,10.8,0,False
1772742252.781,9162,1.0,82.2,0.2,10.8,0,False
1772742252.874,9163,1.2,83.5,0.2,10.8,0,False
1772742252.966,9164,1.2,82.1,0.2,10.8,0,False
1772742253.060,9165,0.9,82.9,0.2,10.8,0,False
1772742253.153,9166,1.1,82.7,0.2,10.8,0,False
1772742253.266,9167,1.1,103.3,0.2,10.6,0,False
1772742253.362,9168,1.1,86.0,0.3,10.6,0,False
1772742253.456,9169,1.0,84.3,0.2,10.6,0,False
1772742253.552,9170,1.0,86.1,0.2,10.6,0,False
1772742253.650,9171,1.1,88.1,0.2,10.6,0,False
1772742253.744,9172,1.3,83.6,0.2,10.6,0,False
1772742253.834,9173,1.5,81.2,0.2,10.6,0,False
1772742253.926,9174,1.6,82.6,0.2,10.6,0,False
1772742254.019,9175,1.1,83.0,0.3,10.6,0,False
1772742254.120,9176,1.3,90.9,0.2,10.6,0,False
1772742254.210,9177,1.3,80.8,0.2,10.6,0,False
1772742254.303,9178,2.0,81.8,0.2,10.6,0,False
1772742254.404,9179,1.1,90.7,0.2,10.5,0,False
1772742254.501,9180,0.8,88.6,0.2,10.5,0,False
1772742254.596,9181,1.8,82.8,0.2,10.5,0,False
1772742254.706,9182,1.3,100.5,0.2,10.4,0,False
1772742254.796,9183,1.1,81.0,0.2,10.4,0,False
1772742254.890,9184,0.9,84.6,0.3,10.4,0,False
1772742254.982,9185,0.9,82.7,0.2,10.4,0,False
1772742255.075,9186,1.1,84.0,0.3,10.4,0,False
1772742255.165,9187,1.6,80.4,0.2,10.5,0,False
1772742255.264,9188,1.1,89.5,0.2,10.5,0,False
1772742255.352,9189,1.5,79.5,0.2,10.5,0,False
1772742255.445,9190,1.5,83.9,0.2,10.6,0,False
1772742255.535,9191,1.5,80.6,0.2,10.6,0,False
1772742255.632,9192,1.1,88.3,0.2,10.6,0,False
1772742255.724,9193,1.1,82.6,0.2,10.6,0,False
1772742255.818,9194,1.1,84.6,0.2,10.6,0,False
1772742255.908,9195,1.5,80.4,0.2,10.6,0,False
1772742256.001,9196,1.1,83.4,0.2,10.6,0,False
1772742256.090,9197,1.5,80.4,0.2,10.6,0,False
1772742256.183,9198,1.1,82.6,0.3,10.6,0,False
1772742256.275,9199,1.1,82.6,0.2,10.7,0,False
1772742256.367,9200,1.1,82.7,0.3,10.7,0,False
1772742256.470,9201,1.1,92.4,0.2,10.7,0,False
1772742256.563,9202,1.1,84.1,0.2,10.8,0,False
1772742256.653,9203,1.6,81.4,0.2,10.8,0,False
1772742256.744,9204,1.5,82.3,0.2,10.8,0,False
1772742256.833,9205,1.5,80.3,0.2,10.8,0,False
1772742256.925,9206,1.1,82.6,0.3,10.8,0,False
1772742257.016,9207,1.2,81.7,0.2,10.8,0,False
1772742257.108,9208,1.1,82.9,0.2,10.8,0,False
1772742257.201,9209,1.1,83.1,0.2,10.8,0,False
1772742257.290,9210,1.5,80.7,0.2,10.8,0,False
1772742257.387,9211,1.8,85.8,0.2,10.8,0,False
1772742257.482,9212,1.0,84.5,0.2,10.8,0,False
1772742257.573,9213,1.2,82.0,0.2,10.8,0,False
1772742257.674,9214,1.1,91.4,0.2,10.8,0,False
1772742257.771,9215,1.1,88.1,0.2,10.7,0,False
1772742257.864,9216,1.0,82.6,0.2,10.7,0,False
1772742257.956,9217,0.9,82.5,0.2,10.7,0,False
1772742258.049,9218,1.5,83.0,0.2,10.7,0,False
1772742258.140,9219,1.5,81.1,0.2,10.7,0,False
1772742258.234,9220,1.1,83.8,0.2,10.7,0,False
1772742258.325,9221,1.1,82.0,0.2,10.8,0,False
1772742258.421,9222,1.1,86.2,0.2,10.8,0,False
1772742258.513,9223,1.1,81.6,0.2,10.8,0,False
1772742258.606,9224,1.3,83.4,0.2,10.7,0,False
1772742258.698,9225,1.1,81.7,0.2,10.7,0,False
1772742258.796,9226,1.1,88.3,0.2,10.7,0,False
1772742258.900,9227,1.1,94.2,0.2,10.6,0,False
1772742258.990,9228,1.5,80.6,0.2,10.6,0,False
1772742259.083,9229,1.1,83.8,0.3,10.6,0,False
1772742259.175,9230,1.2,82.2,0.3,10.6,0,False
1772742259.268,9231,1.2,82.6,0.5,10.6,0,False
1772742259.357,9232,1.5,79.7,0.2,10.7,0,False
1772742259.449,9233,1.2,82.7,0.2,10.7,0,False
1772742259.541,9234,1.2,82.8,0.2,10.7,0,False
1772742259.632,9235,1.2,81.8,0.2,10.7,0,False
1772742259.728,9236,2.1,86.0,0.2,10.7,0,False
1772742259.818,9237,1.3,81.1,0.2,10.7,0,False
1772742259.919,9238,1.3,90.8,0.2,10.7,0,False
1772742260.015,9239,1.1,85.6,0.2,10.7,0,False
1772742260.107,9240,1.2,81.8,0.2,10.7,0,False
1772742260.200,9241,1.5,82.1,0.2,10.7,0,False
1772742260.292,9242,1.3,82.3,0.2,10.7,0,False
1772742260.384,9243,1.2,82.0,0.2,10.7,0,False
1772742260.477,9244,1.3,82.8,0.2,10.7,0,False
1772742260.566,9245,1.6,79.9,0.2,10.7,0,False
1772742260.657,9246,1.1,81.5,0.2,10.7,0,False
1772742260.747,9247,1.2,80.3,0.2,10.8,0,False
1772742260.839,9248,1.1,81.7,0.2,10.8,0,False
1772742260.929,9249,1.5,80.2,0.2,10.8,0,False
1772742261.022,9250,1.2,82.8,0.2,10.8,0,False
1772742261.113,9251,1.2,81.4,0.2,10.8,0,False
1772742261.206,9252,1.4,82.8,0.2,10.8,0,False
1772742261.297,9253,1.1,81.5,0.2,10.8,0,False
1772742261.388,9254,1.5,81.9,0.2,10.8,0,False
1772742261.483,9255,1.1,85.3,0.3,10.8,0,False
1772742261.577,9256,1.2,83.8,0.2,10.8,0,False
1772742261.670,9257,1.1,82.9,0.2,10.8,0,False
1772742261.763,9258,1.4,83.3,0.2,10.8,0,False
1772742261.857,9259,1.1,83.7,0.2,10.9,0,False
1772742261.953,9260,1.4,85.9,0.2,10.8,0,False
1772742262.046,9261,1.1,82.7,0.2,10.8,0,False
1772742262.138,9262,1.4,81.3,0.2,10.8,0,False
1772742262.230,9263,1.1,82.2,0.2,10.8,0,False
1772742262.321,9264,2.0,80.9,0.2,10.8,0,False
1772742262.422,9265,1.1,88.9,0.2,10.8,0,False
1772742262.515,9266,1.2,83.2,0.3,10.8,0,False
1772742262.611,9267,1.6,87.7,0.2,10.7,0,False
1772742262.700,9268,1.5,79.9,0.2,10.7,0,False
1772742262.793,9269,1.1,83.1,0.3,10.7,0,False
1772742262.882,9270,1.5,80.2,0.2,10.7,0,False
1772742262.977,9271,2.3,83.1,0.2,10.7,0,False
1772742263.069,9272,1.3,81.3,0.2,10.7,0,False
1772742263.158,9273,1.5,80.5,0.2,10.7,0,False
1772742263.251,9274,1.7,82.0,0.2,10.7,0,False
1772742263.342,9275,1.3,82.2,0.2,10.8,0,False
1772742263.438,9276,1.3,85.9,0.2,10.7,0,False
1772742263.530,9277,1.1,82.1,0.2,10.8,0,False
1772742263.622,9278,1.6,82.5,0.3,10.8,0,False
1772742263.712,9279,1.5,80.6,0.2,10.8,0,False
1772742263.804,9280,1.1,83.4,0.2,10.8,0,False
1772742263.896,9281,1.1,82.4,0.3,10.8,0,False
1772742263.985,9282,1.5,80.4,0.2,10.8,0,False
1772742264.077,9283,1.1,82.4,0.2,10.8,0,False
1772742264.167,9284,1.5,81.3,0.4,10.8,0,False
1772742264.258,9285,1.1,82.0,0.2,10.9,0,False
1772742264.350,9286,1.1,82.4,0.2,10.9,0,False
1772742264.446,9287,1.2,84.5,0.2,10.9,0,False
1772742264.537,9288,1.1,81.9,0.2,10.9,0,False
1772742264.627,9289,1.5,80.4,0.2,10.9,0,False
1772742264.729,9290,1.1,92.2,0.2,10.8,0,False
1772742264.825,9291,1.3,86.4,0.2,10.8,0,False
1772742264.917,9292,1.6,83.3,0.2,10.8,0,False
1772742265.011,9293,1.1,83.5,0.2,10.8,0,False
1772742265.105,9294,1.2,85.5,0.2,10.8,0,False
1772742265.198,9295,1.1,83.1,0.3,10.8,0,False
1772742265.293,9296,1.3,84.2,0.3,10.8,0,False
1772742265.386,9297,1.1,83.4,0.2,10.8,0,False
1772742265.482,9298,1.4,86.0,0.2,10.8,0,False
1772742265.573,9299,1.1,81.3,0.2,10.7,0,False
1772742265.817,9300,0.8,85.8,0.2,9.9,0,False
1772742265.912,9301,1.7,84.2,0.2,9.9,0,False
1772742266.003,9302,1.6,81.4,0.3,9.9,0,False
1772742266.096,9303,1.1,83.5,0.2,9.9,0,False
1772742266.190,9304,1.3,83.5,0.2,9.9,0,False
1772742266.283,9305,1.0,83.3,0.2,9.9,0,False
1772742266.377,9306,1.2,83.0,0.2,9.9,0,False
1772742266.476,9307,1.1,89.4,0.2,9.9,0,False
1772742266.569,9308,1.1,83.5,0.2,9.8,0,False
1772742266.664,9309,1.1,85.2,0.3,9.8,0,False
1772742266.755,9310,1.5,82.3,0.2,9.9,0,False
1772742266.850,9311,1.0,85.2,0.2,9.9,0,False
1772742266.942,9312,1.6,82.1,0.2,9.9,0,False
1772742267.046,9313,1.1,94.4,0.2,9.8,0,False
1772742267.142,9314,0.8,86.1,0.2,9.8,0,False
1772742267.232,9315,1.6,80.3,0.2,9.8,0,False
1772742267.324,9316,1.2,82.5,0.3,9.8,0,False
1772742267.418,9317,1.1,83.7,0.2,9.8,0,False
1772742267.508,9318,1.6,80.7,0.2,9.9,0,False
1772742267.600,9319,1.2,82.1,0.2,9.9,0,False
1772742267.693,9320,1.2,83.1,0.2,10.7,0,False
1772742267.785,9321,1.2,81.2,0.2,10.7,0,False
1772742267.875,9322,1.5,80.9,0.3,10.7,0,False
1772742267.967,9323,1.5,82.4,0.2,10.7,0,False
1772742268.059,9324,1.1,82.5,0.2,10.7,0,False
1772742268.152,9325,1.3,82.3,0.2,10.7,0,False
1772742268.243,9326,1.1,81.8,0.3,10.7,0,False
1772742268.335,9327,1.6,82.3,0.2,10.8,0,False
1772742268.429,9328,1.2,84.3,0.2,10.8,0,False
1772742268.520,9329,1.3,82.5,0.2,10.8,0,False
1772742268.612,9330,1.2,82.3,0.2,10.8,0,False
1772742268.715,9331,2.3,90.1,0.2,10.7,0,False
1772742268.808,9332,1.4,83.8,0.2,10.7,0,False
1772742268.902,9333,1.2,83.2,0.2,10.8,0,False
1772742268.995,9334,1.2,83.6,0.4,10.8,0,False
1772742269.087,9335,1.1,82.4,0.2,10.8,0,False
1772742269.181,9336,1.1,83.6,0.2,10.8,0,False
1772742269.274,9337,1.1,83.5,0.2,10.8,0,False
1772742269.365,9338,1.6,81.5,0.2,10.8,0,False
1772742269.458,9339,1.5,83.9,0.2,10.8,0,False
1772742269.549,9340,1.6,81.6,0.2,10.8,0,False
1772742269.641,9341,1.6,82.1,0.2,10.8,0,False
1772742269.743,9342,1.0,92.5,0.2,10.7,0,False
1772742269.836,9343,1.3,83.4,0.2,10.7,0,False
1772742269.929,9344,1.5,83.0,0.2,10.7,0,False
1772742270.021,9345,1.2,83.0,0.2,10.7,0,False
1772742270.113,9346,1.6,82.7,0.2,10.7,0,False
1772742270.203,9347,1.6,81.2,0.3,10.7,0,False
1772742270.298,9348,1.1,85.5,0.2,10.7,0,False
1772742270.391,9349,1.1,83.1,0.2,10.7,0,False
1772742270.487,9350,1.2,86.5,0.2,10.7,0,False
1772742270.581,9351,1.1,83.4,0.3,10.7,0,False
1772742270.676,9352,1.1,85.7,0.2,10.7,0,False
1772742270.766,9353,1.6,81.5,0.2,10.7,0,False
1772742270.861,9354,1.1,84.6,0.3,10.7,0,False
1772742270.953,9355,1.1,82.6,0.3,10.7,0,False
1772742271.047,9356,1.1,84.3,0.2,10.7,0,False
1772742271.138,9357,1.5,81.6,0.2,10.7,0,False
1772742271.230,9358,1.6,82.5,0.2,10.7,0,False
1772742271.321,9359,1.6,81.6,0.2,10.7,0,False
1772742271.413,9360,1.6,82.7,0.2,10.7,0,False
1772742271.508,9361,1.6,84.3,0.2,10.7,0,False
1772742271.603,9362,1.3,84.8,0.2,10.8,0,False
1772742271.696,9363,1.2,83.3,0.2,10.8,0,False
1772742271.788,9364,1.5,82.9,0.2,10.8,0,False
1772742271.881,9365,1.1,83.1,0.3,10.8,0,False
1772742271.974,9366,1.1,83.0,0.2,10.7,0,False
1772742272.066,9367,1.1,82.3,0.2,10.7,0,False
1772742272.156,9368,1.5,81.0,0.2,10.8,0,False
1772742272.250,9369,1.2,83.0,0.3,10.8,0,False
1772742272.343,9370,1.1,83.9,0.2,10.8,0,False
1772742272.438,9371,1.2,85.1,0.2,10.8,0,False
1772742272.532,9372,1.2,83.8,0.3,10.8,0,False
1772742272.625,9373,1.1,82.9,0.2,10.8,0,False
1772742272.719,9374,1.1,83.5,0.2,10.8,0,False
1772742272.810,9375,1.6,81.1,0.2,10.8,0,False
1772742272.904,9376,1.2,83.2,0.3,10.8,0,False
1772742272.997,9377,1.1,82.9,0.2,10.8,0,False
1772742273.092,9378,1.4,84.3,0.2,10.7,0,False
1772742273.185,9379,1.1,82.9,0.2,10.7,0,False
1772742273.280,9380,1.6,82.9,0.3,10.7,0,False
1772742273.372,9381,1.2,82.3,0.2,10.7,0,False
1772742273.470,9382,1.2,85.6,0.2,10.7,0,False
1772742273.564,9383,1.1,83.6,0.2,10.7,0,False
1772742273.656,9384,1.2,82.0,0.2,10.7,0,False
1772742273.760,9385,1.2,93.2,0.2,10.6,0,False
1772742273.853,9386,0.9,82.2,0.2,10.6,0,False
1772742273.946,9387,1.3,82.5,0.2,10.6,0,False
1772742274.037,9388,1.2,81.4,0.2,10.6,0,False
1772742274.130,9389,1.4,83.3,0.2,10.6,0,False
1772742274.221,9390,1.5,80.5,0.2,10.7,0,False
1772742274.316,9391,1.3,82.0,0.3,10.7,0,False
1772742274.409,9392,1.5,82.0,0.4,10.7,0,False
1772742274.502,9393,0.8,84.4,0.2,10.7,0,False
1772742274.594,9394,1.2,81.1,0.2,10.7,0,False
1772742274.690,9395,1.2,86.2,0.2,10.6,0,False
1772742274.783,9396,1.3,82.0,0.2,10.6,0,False
1772742274.876,9397,1.7,82.1,0.2,10.6,0,False
1772742274.969,9398,1.2,82.6,0.2,10.7,0,False
1772742275.064,9399,1.4,83.0,0.2,10.6,0,False
1772742275.154,9400,1.5,80.8,0.2,10.7,0,False
1772742275.249,9401,1.6,82.4,0.2,10.7,0,False
1772742275.340,9402,1.5,80.8,0.2,10.7,0,False
1772742275.444,9403,1.8,93.0,0.2,10.6,0,False
1772742275.546,9404,1.5,90.7,0.2,10.6,0,False
1772742275.637,9405,1.5,80.1,0.2,10.7,0,False
1772742275.732,9406,1.2,83.6,0.3,10.6,0,False
1772742275.827,9407,1.0,84.2,0.3,10.6,0,False
1772742275.922,9408,1.2,82.6,0.2,10.6,0,False
1772742276.016,9409,1.2,83.5,0.3,10.6,0,False
1772742276.110,9410,1.2,83.6,0.2,10.6,0,False
1772742276.205,9411,1.6,83.5,0.2,10.6,0,False
1772742276.298,9412,1.2,83.2,0.2,10.6,0,False
1772742276.393,9413,1.2,84.5,0.2,10.6,0,False
1772742276.487,9414,1.2,84.8,0.2,10.6,0,False
1772742276.582,9415,1.2,84.3,0.2,10.6,0,False
1772742276.673,9416,1.6,81.4,0.2,10.6,0,False
1772742276.767,9417,1.2,84.9,0.2,10.6,0,False
1772742276.859,9418,1.3,81.6,0.2,10.6,0,False
1772742276.954,9419,1.0,85.1,0.2,10.6,0,False
1772742277.048,9420,1.2,83.5,0.2,10.6,0,False
1772742277.146,9421,1.9,85.0,0.2,10.5,0,False
1772742277.240,9422,1.3,83.4,0.2,10.5,0,False
1772742277.333,9423,1.1,82.5,0.2,10.6,0,False
1772742277.431,9424,1.1,86.8,0.3,10.6,0,False
1772742277.522,9425,1.6,81.5,0.2,10.6,0,False
1772742277.617,9426,1.2,84.6,0.2,10.6,0,False
1772742277.711,9427,1.1,83.2,0.2,10.6,0,False
1772742277.812,9428,1.2,90.7,0.3,10.6,0,False
1772742277.909,9429,1.1,86.4,0.2,10.6,0,False
1772742278.003,9430,1.2,82.8,0.2,10.6,0,False
1772742278.103,9431,1.6,90.6,0.3,10.5,0,False
1772742278.202,9432,1.1,88.3,0.2,10.5,0,False
1772742278.300,9433,1.1,86.9,0.3,10.5,0,False
1772742278.403,9434,1.1,92.2,0.2,10.4,0,False
1772742278.494,9435,0.8,81.5,0.2,10.5,0,False
1772742278.589,9436,1.6,80.1,0.2,10.4,0,False
1772742278.681,9437,1.0,81.5,0.2,10.5,0,False
1772742278.774,9438,1.4,82.7,0.2,10.4,0,False
1772742278.866,9439,1.2,81.5,0.2,10.5,0,False
1772742278.959,9440,1.6,82.8,0.2,10.5,0,False
1772742279.050,9441,1.2,81.4,0.2,10.5,0,False
1772742279.143,9442,1.3,83.3,0.2,10.5,0,False
1772742279.234,9443,1.5,80.7,0.2,10.5,0,False
1772742279.328,9444,1.2,83.8,0.2,10.5,0,False
1772742279.422,9445,1.1,83.7,0.2,10.5,0,False
1772742279.515,9446,1.3,83.2,0.2,10.5,0,False
1772742279.607,9447,1.2,82.1,0.2,10.5,0,False
1772742279.710,9448,1.2,92.9,0.2,10.5,0,False
1772742279.803,9449,1.2,82.7,0.2,10.6,0,False
1772742279.895,9450,1.2,81.3,0.2,10.6,0,False
1772742279.989,9451,1.6,82.5,0.3,10.6,0,False
1772742280.079,9452,1.5,80.6,0.2,10.7,0,False
1772742280.171,9453,1.1,82.4,0.2,10.7,0,False
1772742280.264,9454,1.1,82.0,0.2,10.7,0,False
1772742280.356,9455,1.1,82.5,0.2,10.7,0,False
1772742280.450,9456,1.1,83.6,0.2,10.7,0,False
1772742280.550,9457,1.2,89.5,0.4,10.7,0,False
1772742280.640,9458,1.5,81.0,0.2,10.7,0,False
1772742280.733,9459,1.2,83.0,0.3,10.7,0,False
1772742280.823,9460,1.5,80.2,0.2,10.7,0,False
1772742280.913,9461,1.5,80.7,0.2,10.7,0,False
1772742281.007,9462,1.1,82.6,0.2,10.7,0,False
1772742281.103,9463,1.1,85.9,0.4,10.7,0,False
1772742281.195,9464,1.1,81.6,0.2,10.7,0,False
1772742281.287,9465,1.1,82.1,0.2,10.7,0,False
1772742281.380,9466,1.1,82.0,0.2,10.7,0,False
1772742281.472,9467,1.1,83.0,0.2,10.7,0,False
1772742281.565,9468,1.2,83.2,0.2,10.8,0,False
1772742281.819,9469,0.9,80.7,0.2,9.9,0,False
1772742281.910,9470,0.8,82.7,0.2,9.9,0,False
1772742282.004,9471,2.0,83.3,0.2,9.9,0,False
1772742282.097,9472,1.2,82.5,0.2,9.9,0,False
1772742282.190,9473,1.5,83.0,0.2,9.9,0,False
1772742282.282,9474,1.3,82.3,0.2,9.9,0,False
1772742282.376,9475,1.7,83.4,0.2,9.9,0,False
1772742282.474,9476,1.5,88.5,0.2,9.9,0,False
1772742282.566,9477,1.7,81.8,0.2,9.9,0,False
1772742282.660,9478,1.1,84.5,0.2,9.9,0,False
1772742282.752,9479,1.5,82.1,0.2,9.9,0,False
1772742282.843,9480,1.5,82.2,0.2,9.9,0,False
1772742282.944,9481,3.2,86.9,0.2,9.8,0,False
1772742283.036,9482,1.3,82.9,0.5,9.9,0,False
1772742283.130,9483,0.8,83.6,0.2,9.9,0,False
1772742283.224,9484,1.2,84.7,0.2,9.9,0,False
1772742283.316,9485,1.2,82.8,0.2,9.9,0,False
1772742283.410,9486,1.5,85.3,0.2,9.8,0,False
1772742283.501,9487,0.8,83.4,0.2,9.9,0,False
1772742283.593,9488,1.2,82.4,0.2,9.9,0,False
1772742283.682,9489,1.5,80.4,0.2,10.7,0,False
1772742283.775,9490,1.1,83.5,0.2,10.7,0,False
1772742283.867,9491,1.2,81.9,0.2,10.7,0,False
1772742283.958,9492,1.1,81.9,0.2,10.7,0,False
1772742284.049,9493,1.4,80.5,0.2,10.8,0,False
1772742284.138,9494,1.5,80.1,0.2,10.8,0,False
1772742284.231,9495,1.1,84.0,0.3,10.8,0,False
1772742284.319,9496,1.6,79.2,0.2,10.8,0,False
1772742284.414,9497,1.1,86.2,0.2,10.8,0,False
1772742284.504,9498,1.6,81.1,0.2,10.8,0,False
1772742284.595,9499,1.1,81.6,0.3,10.9,0,False
1772742284.693,9500,1.2,87.5,0.2,10.8,0,False
1772742284.788,9501,1.3,85.4,0.2,10.8,0,False
1772742284.879,9502,1.1,82.4,0.2,10.9,0,False
1772742284.971,9503,1.6,82.6,0.2,10.9,0,False
1772742285.063,9504,1.1,82.9,0.2,10.9,0,False
1772742285.156,9505,1.2,83.5,0.2,10.9,0,False
1772742285.253,9506,1.2,88.2,0.2,10.9,0,False
1772742285.346,9507,1.6,82.8,0.2,10.8,0,False
1772742285.442,9508,1.6,86.9,0.2,10.8,0,False
1772742285.534,9509,1.7,82.3,0.2,10.8,0,False
1772742285.626,9510,1.2,82.6,0.2,10.8,0,False
1772742285.719,9511,2.1,82.4,0.2,10.8,0,False
1772742285.811,9512,1.3,82.1,0.3,10.8,0,False
1772742285.903,9513,1.5,82.1,0.3,10.8,0,False
1772742285.994,9514,1.2,81.7,0.2,10.8,0,False
1772742286.088,9515,1.3,84.3,0.2,10.8,0,False
1772742286.179,9516,1.2,82.3,0.2,10.8,0,False
1772742286.270,9517,1.6,82.1,0.2,10.8,0,False
1772742286.362,9518,1.2,83.0,0.2,10.8,0,False
1772742286.457,9519,1.2,85.4,0.2,10.7,0,False
1772742286.549,9520,1.2,82.3,0.2,10.8,0,False
1772742286.641,9521,1.2,83.3,0.2,10.8,0,False
1772742286.731,9522,1.6,80.7,0.2,10.8,0,False
1772742286.824,9523,1.1,83.1,0.3,10.8,0,False
1772742286.916,9524,1.5,83.4,0.2,10.8,0,False
1772742287.013,9525,1.5,88.1,0.3,10.8,0,False
1772742287.104,9526,1.2,81.9,0.2,10.8,0,False
1772742287.198,9527,1.2,84.4,0.2,10.8,0,False
1772742287.290,9528,1.2,82.4,0.2,10.8,0,False
1772742287.383,9529,1.2,84.1,0.2,10.8,0,False
1772742287.477,9530,1.2,84.6,0.2,10.8,0,False
1772742287.567,9531,1.5,81.4,0.3,10.8,0,False
1772742287.659,9532,1.2,82.1,0.3,10.8,0,False
1772742287.751,9533,1.2,82.5,0.3,10.8,0,False
1772742287.842,9534,1.2,81.7,0.2,10.8,0,False
1772742287.934,9535,1.2,82.0,0.2,10.8,0,False
1772742288.026,9536,1.2,81.9,0.2,10.8,0,False
1772742288.118,9537,1.2,82.2,0.2,10.8,0,False
1772742288.220,9538,1.1,91.5,0.2,10.8,0,False
1772742288.313,9539,1.2,83.3,0.2,10.8,0,False
1772742288.404,9540,1.5,80.7,0.2,10.8,0,False
1772742288.499,9541,0.8,83.8,0.3,10.8,0,False
1772742288.591,9542,1.3,82.2,0.3,10.8,0,False
1772742288.685,9543,1.2,84.4,0.2,10.7,0,False
1772742288.780,9544,1.2,82.1,0.2,10.7,0,False
1772742288.875,9545,1.2,85.0,0.2,10.7,0,False
1772742288.967,9546,1.3,82.8,0.2,10.7,0,False
1772742289.060,9547,1.6,82.9,0.2,10.7,0,False
1772742289.151,9548,1.5,81.1,0.2,10.7,0,False
1772742289.243,9549,1.5,83.2,0.2,10.8,0,False
1772742289.335,9550,1.2,82.7,0.2,10.8,0,False
1772742289.432,9551,1.2,86.7,0.2,10.7,0,False
1772742289.524,9552,1.5,84.0,0.2,10.7,0,False
1772742289.618,9553,2.8,82.9,0.2,10.7,0,False
1772742289.713,9554,1.2,85.4,0.2,10.7,0,False
1772742289.807,9555,1.7,83.3,0.3,10.7,0,False
1772742289.898,9556,1.2,82.1,0.2,10.7,0,False
1772742289.991,9557,1.4,83.0,0.2,10.7,0,False
1772742290.081,9558,1.6,80.7,0.2,10.8,0,False
1772742290.172,9559,1.5,82.6,0.2,10.8,0,False
1772742290.264,9560,1.2,82.5,0.2,10.8,0,False
1772742290.355,9561,1.5,82.4,0.2,10.8,0,False
1772742290.457,9562,1.2,92.1,0.2,10.7,0,False
1772742290.550,9563,2.5,82.1,0.2,10.7,0,False
1772742290.642,9564,1.2,83.0,0.2,10.7,0,False
1772742290.735,9565,1.2,82.2,0.2,10.8,0,False
1772742290.827,9566,1.2,82.1,0.3,10.8,0,False
1772742290.918,9567,1.6,81.9,0.3,10.8,0,False
1772742291.010,9568,1.3,81.5,0.2,10.8,0,False
1772742291.103,9569,1.4,83.3,0.2,10.8,0,False
1772742291.192,9570,1.6,80.2,0.2,10.8,0,False
1772742291.288,9571,1.8,84.1,0.2,10.8,0,False
1772742291.377,9572,1.5,80.3,0.2,10.8,0,False
1772742291.469,9573,1.5,82.8,0.2,10.8,0,False
1772742291.558,9574,1.5,79.9,0.2,10.8,0,False
1772742291.647,9575,1.6,79.9,0.2,10.9,0,False
1772742291.736,9576,1.6,79.7,0.2,10.9,0,False
1772742291.827,9577,1.1,81.3,0.3,10.9,0,False
1772742291.917,9578,1.8,81.1,0.2,10.9,0,False
1772742292.009,9579,1.1,82.5,0.2,10.9,0,False
1772742292.102,9580,1.2,84.0,0.2,10.9,0,False
1772742292.192,9581,1.6,80.3,0.2,10.9,0,False
1772742292.285,9582,1.2,83.3,0.2,10.9,0,False
1772742292.375,9583,1.2,81.5,0.2,11.0,0,False
1772742292.470,9584,1.3,84.9,0.2,10.9,0,False
1772742292.561,9585,1.3,81.3,0.2,11.0,0,False
1772742292.653,9586,1.2,82.3,0.4,11.0,0,False
1772742292.744,9587,0.9,81.9,0.2,11.0,0,False
1772742292.835,9588,1.8,81.5,0.2,11.0,0,False
1772742292.928,9589,1.5,82.6,0.2,11.0,0,False
1772742293.018,9590,1.5,80.7,0.2,11.0,0,False
1772742293.114,9591,1.8,85.8,0.2,11.0,0,False
1772742293.206,9592,1.1,83.1,0.2,10.9,0,False
1772742293.306,9593,1.2,89.9,0.2,10.9,0,False
1772742293.404,9594,1.1,88.3,0.2,10.8,0,False
1772742293.498,9595,0.8,83.8,0.2,10.8,0,False
1772742293.591,9596,1.4,83.5,0.3,10.8,0,False
1772742293.685,9597,1.2,81.3,0.2,10.8,0,False
1772742293.778,9598,1.4,82.6,0.2,10.7,0,False
1772742293.871,9599,1.2,81.8,0.2,10.7,0,False
1772742293.962,9600,2.1,81.2,0.2,10.8,0,False
1772742294.057,9601,1.5,82.6,0.2,10.7,0,False
1772742294.151,9602,1.5,82.3,0.2,10.7,0,False
1772742294.241,9603,1.6,80.3,0.2,10.7,0,False
1772742294.335,9604,1.5,83.3,0.2,10.7,0,False
1772742294.427,9605,1.6,82.0,0.2,10.7,0,False
1772742294.520,9606,1.5,82.8,0.2,10.7,0,False
1772742294.610,9607,1.6,80.4,0.2,10.7,0,False
1772742294.705,9608,1.6,85.2,0.2,10.7,0,False
1772742294.797,9609,1.3,81.9,0.2,10.7,0,False
1772742294.890,9610,1.2,83.6,0.2,10.7,0,False
1772742294.982,9611,1.2,82.1,0.2,10.7,0,False
1772742295.075,9612,1.2,83.8,0.2,10.7,0,False
1772742295.167,9613,1.1,81.8,0.3,10.7,0,False
1772742295.259,9614,1.2,82.1,0.2,10.8,0,False
1772742295.349,9615,1.6,80.3,0.2,10.8,0,False
1772742295.444,9616,1.2,85.7,0.2,10.8,0,False
1772742295.535,9617,1.6,80.8,0.2,10.8,0,False
1772742295.627,9618,1.1,82.5,0.2,10.8,0,False
1772742295.727,9619,1.2,90.5,0.2,10.8,0,False
1772742295.820,9620,1.1,82.6,0.2,10.8,0,False
1772742295.911,9621,1.6,80.7,0.2,10.8,0,False
1772742296.004,9622,1.2,84.1,0.2,10.8,0,False
1772742296.096,9623,1.2,82.2,0.2,10.8,0,False
1772742296.188,9624,1.5,81.8,0.2,10.8,0,False
1772742296.280,9625,1.2,82.8,0.2,10.8,0,False
1772742296.372,9626,1.2,81.9,0.2,10.8,0,False
1772742296.465,9627,1.1,83.4,0.2,10.8,0,False
1772742296.556,9628,1.5,81.2,0.2,10.8,0,False
1772742296.646,9629,1.5,80.2,0.2,10.8,0,False
1772742296.738,9630,1.1,82.0,0.2,10.8,0,False
1772742296.832,9631,3.0,82.4,0.2,10.8,0,False
1772742296.925,9632,1.3,82.4,0.3,10.8,0,False
1772742297.016,9633,1.1,81.4,0.2,10.8,0,False
1772742297.109,9634,1.1,82.6,0.2,10.8,0,False
1772742297.201,9635,1.1,81.8,0.2,10.8,0,False
1772742297.293,9636,1.1,82.8,0.2,10.8,0,False
1772742297.386,9637,1.2,82.7,0.2,10.8,0,False
1772742297.483,9638,1.1,87.1,0.2,10.8,0,False
1772742297.573,9639,1.1,80.6,0.2,10.8,0,False
1772742297.826,9640,0.9,80.6,0.2,10.0,0,False
1772742297.917,9641,1.1,82.2,0.2,10.0,0,False
1772742298.010,9642,1.1,83.5,0.2,10.0,0,False
1772742298.100,9643,1.6,81.1,0.2,10.0,0,False
1772742298.193,9644,1.2,83.8,0.2,10.0,0,False
1772742298.286,9645,1.1,82.5,0.2,10.0,0,False
1772742298.399,9646,1.2,103.3,0.2,9.9,0,False
1772742298.494,9647,1.1,83.8,0.2,9.9,0,False
1772742298.585,9648,1.5,80.8,0.2,9.9,0,False
1772742298.679,9649,1.1,83.5,0.2,9.8,0,False
1772742298.778,9650,1.1,88.8,0.2,9.8,0,False
1772742298.874,9651,1.2,84.8,0.2,9.8,0,False
1772742298.969,9652,1.1,84.5,0.3,9.8,0,False
1772742299.059,9653,1.6,80.2,0.2,9.8,0,False
1772742299.153,9654,1.1,82.7,0.2,9.8,0,False
1772742299.244,9655,1.6,80.6,0.2,9.8,0,False
1772742299.334,9656,1.1,80.7,0.2,9.8,0,False
1772742299.432,9657,1.1,85.9,0.2,9.8,0,False
1772742299.532,9658,1.1,90.3,0.2,9.8,0,False
1772742299.626,9659,1.1,82.1,0.2,9.7,0,False
1772742299.724,9660,1.5,86.4,0.2,10.5,0,False
1772742299.819,9661,1.7,82.3,0.2,10.5,0,False
1772742299.914,9662,1.3,83.3,0.2,10.5,1,True
1772742300.034,9663,0.8,103.0,0.2,10.3,1,True
1772742300.129,9664,1.0,82.9,0.2,10.3,1,True
1772742300.222,9665,1.1,81.7,0.2,10.3,1,True
1772742300.316,9666,1.2,82.4,0.2,10.4,1,True
1772742300.411,9667,1.1,84.3,0.3,10.4,1,True
1772742300.503,9668,0.9,81.9,0.2,10.4,1,True
1772742300.594,9669,1.6,80.4,0.2,10.4,1,True
1772742300.708,9670,2.8,101.4,0.2,10.4,1,True
1772742300.799,9671,1.6,80.8,0.2,10.4,1,True
1772742300.890,9672,1.5,80.1,0.3,10.4,1,True
1772742300.981,9673,2.0,81.3,0.2,10.4,1,True
1772742301.072,9674,1.5,80.6,0.3,10.4,1,True
1772742301.174,9675,1.1,90.6,0.2,10.4,1,True
1772742301.267,9676,1.1,82.1,0.2,10.3,1,True
1772742301.360,9677,1.2,81.9,0.3,10.4,1,True
1772742301.455,9678,1.5,83.8,0.2,10.4,1,True
1772742301.546,9679,1.6,80.8,0.2,10.4,1,True
1772742301.637,9680,1.5,80.6,0.2,10.5,1,True
1772742301.731,9681,1.6,82.2,0.2,10.5,1,True
1772742301.823,9682,1.5,82.2,0.2,10.5,1,True
1772742301.916,9683,1.2,81.7,0.3,10.6,1,True
1772742302.011,9684,1.2,83.1,0.2,10.6,1,True
1772742302.102,9685,1.6,80.3,0.2,10.6,1,True
1772742302.195,9686,1.1,82.2,0.2,10.6,1,True
1772742302.286,9687,1.6,80.6,0.2,10.7,1,True
1772742302.378,9688,1.2,81.8,0.2,10.7,1,True
1772742302.475,9689,1.2,84.7,0.2,10.6,1,True
1772742302.566,9690,1.6,80.5,0.2,10.8,1,True
1772742302.662,9691,1.6,83.7,0.2,10.7,1,True
1772742302.755,9692,1.2,81.4,0.2,10.7,1,True
1772742302.847,9693,1.1,81.3,0.2,10.7,1,True
1772742302.939,9694,1.1,81.6,0.2,10.7,1,True
1772742303.032,9695,1.1,81.5,0.3,10.8,1,True
1772742303.124,9696,1.1,82.0,0.2,10.8,0,True
1772742303.214,9697,1.5,79.8,0.2,10.8,0,True
1772742303.304,9698,1.6,80.3,0.2,10.8,0,True
1772742303.394,9699,2.0,80.9,0.2,10.8,0,True
1772742303.494,9700,1.5,90.2,0.2,10.8,0,True
1772742303.585,9701,1.5,80.1,0.2,10.8,0,True
1772742303.677,9702,1.1,82.3,0.2,10.8,1,True
1772742303.768,9703,2.3,80.3,0.2,10.8,0,True
1772742303.858,9704,1.6,80.0,0.2,10.8,0,True
1772742303.949,9705,1.5,81.8,0.2,10.8,0,True
1772742304.039,9706,1.5,80.1,0.2,10.8,0,True
1772742304.129,9707,1.5,80.4,0.3,10.9,0,True
1772742304.220,9708,1.1,81.4,0.2,10.9,0,True
1772742304.311,9709,1.5,81.1,0.2,10.9,0,True
1772742304.402,9710,1.5,80.7,0.2,10.9,0,True
1772742304.494,9711,0.8,83.5,0.2,10.9,0,True
1772742304.585,9712,2.3,80.4,0.2,10.9,0,True
1772742304.674,9713,1.5,80.2,0.2,10.9,0,True
1772742304.771,9714,1.4,85.3,0.2,10.9,0,True
1772742304.863,9715,1.2,82.3,0.2,10.9,0,True
1772742304.955,9716,1.9,81.8,0.2,10.9,0,True
1772742305.047,9717,1.1,82.0,0.2,10.9,0,True
1772742305.141,9718,1.1,83.7,0.2,10.9,0,True
1772742305.234,9719,1.1,81.8,0.2,10.9,1,True
1772742305.328,9720,1.6,82.7,0.3,10.9,1,True
1772742305.426,9721,1.5,84.6,0.2,10.9,1,True
1772742305.530,9722,1.1,93.3,0.2,10.8,0,True
1772742305.639,9723,1.1,98.4,0.2,10.7,1,True
1772742305.746,9724,1.1,96.3,0.2,10.6,0,True
1772742305.843,9725,1.5,87.3,0.2,10.6,0,True
1772742305.946,9726,1.1,92.4,0.2,10.5,0,True
1772742306.036,9727,1.5,80.6,0.2,10.5,0,True
1772742306.128,9728,1.5,82.4,0.2,10.5,0,True
1772742306.222,9729,1.0,81.4,0.2,10.5,0,True
1772742306.312,9730,1.5,80.0,0.3,10.5,0,True
1772742306.405,9731,1.4,81.8,0.2,10.5,0,True
1772742306.498,9732,0.8,84.4,0.2,10.5,0,True
1772742306.593,9733,1.4,82.9,0.2,10.4,0,True
1772742306.697,9734,1.2,86.4,0.3,10.4,1,True
1772742306.789,9735,1.2,81.4,0.2,10.4,0,True
1772742306.883,9736,1.1,83.7,0.2,10.4,0,True
1772742306.977,9737,1.1,82.9,0.2,10.4,0,True
1772742307.071,9738,1.1,84.4,0.2,10.4,0,True
1772742307.164,9739,1.1,81.6,0.2,10.4,0,True
1772742307.257,9740,1.5,82.2,0.2,10.4,0,True
1772742307.350,9741,1.1,81.9,0.2,10.4,0,True
1772742307.447,9742,1.5,84.8,0.2,10.4,0,True
1772742307.541,9743,1.1,84.2,0.2,10.5,0,True
1772742307.638,9744,1.3,85.4,0.2,10.6,0,True
1772742307.743,9745,1.5,93.8,0.2,10.5,0,True
1772742307.837,9746,0.8,83.0,0.2,10.6,0,True
1772742307.932,9747,1.0,82.1,0.2,10.6,0,True
1772742308.023,9748,1.5,80.8,0.2,10.6,0,True
1772742308.118,9749,1.1,82.5,0.2,10.5,0,True
1772742308.209,9750,1.5,80.5,0.2,10.5,0,True
1772742308.316,9751,2.6,92.3,0.2,10.5,0,True
1772742308.414,9752,1.3,86.6,0.2,10.4,0,True
1772742308.512,9753,1.6,85.1,0.2,10.4,0,True
1772742308.607,9754,1.1,82.5,0.2,10.5,0,True
1772742308.710,9755,1.8,84.8,0.2,10.4,0,True
1772742308.813,9756,0.8,85.1,0.7,10.4,0,True
1772742308.907,9757,1.1,82.8,0.2,10.4,0,True
1772742309.003,9758,1.1,85.0,0.2,10.4,0,True
1772742309.097,9759,1.1,82.7,0.2,10.3,0,True
1772742309.192,9760,1.3,83.8,0.3,10.3,0,True
1772742309.287,9761,1.0,83.7,0.2,10.3,0,True
1772742309.389,9762,1.5,86.9,0.2,10.3,0,True
1772742309.493,9763,1.1,93.0,0.2,10.2,0,True
1772742309.590,9764,1.5,86.7,0.3,10.2,0,False
1772742309.684,9765,1.1,83.3,0.3,10.3,0,False
1772742309.776,9766,0.8,82.4,0.3,10.3,0,False
1772742309.867,9767,1.1,81.3,0.2,10.3,0,False
1772742309.960,9768,1.1,82.9,0.3,10.3,0,False
1772742310.049,9769,1.5,80.0,0.2,10.4,0,False
1772742310.155,9770,1.1,96.0,0.3,10.3,0,False
1772742310.247,9771,1.1,81.3,0.2,10.4,0,False
1772742310.340,9772,1.2,83.7,0.2,10.4,0,False
1772742310.435,9773,1.2,84.7,0.2,10.4,0,False
1772742310.528,9774,1.5,81.8,0.2,10.4,0,False
1772742310.620,9775,1.1,81.5,0.3,10.5,0,False
1772742310.714,9776,1.4,83.2,0.2,10.5,0,False
1772742310.805,9777,1.5,79.7,0.2,10.5,0,False
1772742310.898,9778,1.4,82.9,0.2,10.6,0,False
1772742310.989,9779,1.1,81.8,0.2,10.6,0,False
1772742311.083,9780,1.1,83.3,0.2,10.6,0,False
1772742311.177,9781,1.5,82.3,0.2,10.6,0,False
1772742311.270,9782,2.2,82.5,0.2,10.6,0,False
1772742311.362,9783,1.1,81.7,0.2,10.7,0,False
1772742311.458,9784,1.5,85.6,0.2,10.7,0,False
1772742311.550,9785,1.3,82.1,0.2,10.7,0,False
1772742311.643,9786,1.5,82.2,0.2,10.7,0,False
1772742311.732,9787,1.6,79.8,0.2,10.7,0,False
1772742311.828,9788,1.2,83.5,0.2,10.7,0,False
1772742311.921,9789,1.2,81.7,0.3,10.7,0,False
1772742312.014,9790,1.3,82.0,0.2,10.8,0,False
1772742312.106,9791,1.1,81.6,0.2,10.8,0,False
1772742312.199,9792,1.4,82.2,0.2,10.8,0,False
1772742312.291,9793,1.1,81.9,0.2,10.8,0,False
1772742312.386,9794,1.3,82.2,0.2,10.8,0,False
1772742312.480,9795,1.6,82.4,0.2,10.7,0,False
1772742312.573,9796,1.7,82.5,0.2,10.8,0,False
1772742312.667,9797,1.1,82.9,0.2,10.7,0,False
1772742312.761,9798,1.4,82.2,0.2,10.7,0,False
1772742312.853,9799,1.6,81.8,0.2,10.7,0,False
1772742312.947,9800,1.6,82.3,0.2,10.7,0,False
1772742313.040,9801,1.1,83.0,0.2,10.7,0,False
1772742313.134,9802,0.9,82.8,0.2,10.7,0,False
1772742313.228,9803,1.2,83.9,0.3,10.7,0,False
1772742313.320,9804,1.2,81.4,0.2,10.7,0,False
1772742313.417,9805,1.8,86.8,0.2,10.7,0,False
1772742313.508,9806,1.2,80.5,0.2,10.7,0,False
1772742313.833,9807,0.9,81.1,0.2,9.5,0,False
1772742313.924,9808,0.9,82.4,0.2,9.5,0,False
1772742314.016,9809,1.6,82.6,0.2,9.5,0,False
1772742314.109,9810,1.2,83.0,0.2,9.5,0,False
1772742314.204,9811,1.2,82.4,0.3,9.5,0,False
1772742314.298,9812,1.1,84.1,0.2,9.5,0,False
1772742314.392,9813,1.7,83.2,0.2,9.5,0,False
1772742314.490,9814,1.2,87.7,0.2,9.5,0,False
1772742314.582,9815,1.3,82.1,0.2,9.5,0,False
1772742314.677,9816,1.2,84.5,0.3,9.5,0,False
1772742314.779,9817,1.5,89.0,0.2,9.5,0,False
1772742314.871,9818,1.5,82.7,0.2,9.5,0,False
1772742314.963,9819,1.1,82.3,0.2,9.5,0,False
1772742315.055,9820,1.5,82.1,0.2,9.5,0,False
1772742315.145,9821,1.6,80.6,0.2,9.5,0,False
1772742315.235,9822,1.5,81.2,0.3,9.5,0,False
1772742315.327,9823,1.2,82.5,0.2,9.5,0,False
1772742315.423,9824,1.2,85.6,0.2,9.5,0,False
1772742315.519,9825,1.2,86.5,0.3,9.5,0,False
1772742315.613,9826,1.1,83.9,0.2,9.5,0,False
1772742315.705,9827,1.2,82.1,0.2,10.7,0,False
1772742315.799,9828,1.2,84.2,0.2,10.7,0,False
1772742315.889,9829,1.6,80.9,0.2,10.7,0,False
1772742315.982,9830,1.1,83.0,0.2,10.7,0,False
1772742316.075,9831,1.2,83.4,0.3,10.7,0,False
1772742316.170,9832,1.1,85.0,0.2,10.7,0,False
1772742316.261,9833,1.6,81.2,0.2,10.7,0,False
1772742316.353,9834,1.5,82.4,0.2,10.7,0,False
1772742316.456,9835,1.1,92.8,0.2,10.7,0,False
1772742316.551,9836,1.2,82.4,0.2,10.7,0,False
1772742316.645,9837,1.1,83.1,0.2,10.7,0,False
1772742316.735,9838,1.5,80.5,0.2,10.7,0,False
1772742316.829,9839,1.2,83.1,0.2,10.7,0,False
1772742316.920,9840,1.5,80.7,0.3,10.7,0,False
1772742317.018,9841,2.0,84.7,0.3,10.7,0,False
1772742317.111,9842,1.4,82.6,0.2,10.7,0,False
1772742317.205,9843,1.2,84.3,0.2,10.7,0,False
1772742317.297,9844,1.2,82.5,0.2,10.7,0,False
1772742317.390,9845,1.2,83.5,0.5,10.7,0,False
1772742317.482,9846,1.5,82.6,0.2,10.7,0,False
1772742317.576,9847,1.2,83.7,0.3,10.7,0,False
1772742317.668,9848,1.2,82.1,0.2,10.7,0,False
1772742317.761,9849,1.2,82.9,0.2,10.7,0,False
1772742317.852,9850,1.1,80.8,0.2,10.7,0,False
1772742317.950,9851,1.1,88.2,0.2,10.7,0,False
1772742318.043,9852,1.1,82.8,0.2,10.7,0,False
1772742318.134,9853,1.5,81.4,0.2,10.7,0,False
1772742318.224,9854,1.5,80.2,0.2,10.7,0,False
1772742318.318,9855,1.1,82.6,0.3,10.7,0,False
1772742318.418,9856,1.1,90.2,0.2,10.7,0,False
1772742318.513,9857,1.0,83.0,0.2,10.7,0,False
1772742318.608,9858,0.8,83.4,0.2,10.7,0,False
1772742318.699,9859,1.1,80.2,0.2,10.7,0,False
1772742318.792,9860,1.1,83.6,0.3,10.7,0,False
1772742318.886,9861,1.9,83.2,0.2,10.7,0,False
1772742318.978,9862,1.1,83.0,0.2,10.7,0,False
1772742319.072,9863,1.7,83.0,0.2,10.7,0,False
1772742319.166,9864,1.1,83.6,0.2,10.7,0,False
1772742319.261,9865,1.0,83.3,0.2,10.7,0,False
1772742319.353,9866,1.6,81.7,0.2,10.7,0,False
1772742319.460,9867,1.6,95.3,0.2,10.6,0,False
1772742319.552,9868,2.0,81.4,0.3,10.6,0,False
1772742319.644,9869,0.9,81.9,0.2,10.6,0,False
1772742319.739,9870,1.1,84.3,0.2,10.6,0,False
1772742319.833,9871,1.8,82.7,0.2,10.6,0,False
1772742319.927,9872,1.9,83.2,0.2,10.6,0,False
1772742320.020,9873,1.1,82.7,0.2,10.6,0,False
1772742320.115,9874,1.4,82.6,0.2,10.6,0,False
1772742320.208,9875,1.2,82.5,0.2,10.6,0,False
1772742320.299,9876,1.6,80.8,0.2,10.6,0,False
1772742320.393,9877,1.1,83.5,0.2,10.6,0,False
1772742320.487,9878,1.5,83.5,0.2,10.6,0,False
1772742320.584,9879,1.2,85.9,0.3,10.6,0,False
1772742320.676,9880,1.2,82.0,0.2,10.6,0,False
1772742320.770,9881,1.1,82.9,0.4,10.6,0,False
1772742320.863,9882,1.2,82.9,0.2,10.6,0,False
1772742320.956,9883,1.2,83.6,0.2,10.6,0,False
1772742321.047,9884,1.5,80.3,0.2,10.6,0,False
1772742321.143,9885,1.2,86.4,0.3,10.6,0,False
1772742321.236,9886,1.2,82.2,0.3,10.6,0,False
1772742321.329,9887,1.1,83.9,0.2,10.7,0,False
1772742321.423,9888,1.1,83.5,0.2,10.7,0,False
1772742321.514,9889,1.6,80.8,0.2,10.7,0,False
1772742321.607,9890,1.1,82.8,0.2,10.7,0,False
1772742321.704,9891,1.1,87.0,0.2,10.7,0,False
1772742321.795,9892,1.5,80.8,0.2,10.7,0,False
1772742321.889,9893,1.1,83.3,0.2,10.7,0,False
1772742321.982,9894,1.2,82.3,0.2,10.7,0,False
1772742322.077,9895,1.2,84.1,0.2,10.7,0,False
1772742322.168,9896,1.1,80.8,0.2,10.7,0,False
1772742322.262,9897,1.1,83.7,0.2,10.7,0,False
1772742322.353,9898,1.5,81.0,0.2,10.7,0,False
1772742322.450,9899,1.1,85.6,0.2,10.7,0,False
1772742322.543,9900,1.2,83.1,0.2,10.7,0,False
1772742322.640,9901,3.1,82.5,0.3,10.7,0,False
1772742322.733,9902,1.3,82.4,0.2,10.7,0,False
1772742322.825,9903,1.6,80.8,0.2,10.7,0,False
1772742322.916,9904,1.5,80.8,0.3,10.7,0,False
1772742323.010,9905,1.2,82.5,0.2,10.7,0,False
1772742323.104,9906,1.2,83.0,0.3,10.7,0,False
1772742323.196,9907,1.6,80.9,0.2,10.7,0,False
1772742323.289,9908,1.1,83.0,0.2,10.7,0,False
1772742323.380,9909,1.6,81.2,0.2,10.7,0,False
1772742323.474,9910,1.2,84.9,0.2,10.7,0,False
1772742323.567,9911,1.2,82.5,0.2,10.7,0,False
1772742323.660,9912,1.1,82.9,0.2,10.7,0,False
1772742323.751,9913,1.6,81.1,0.2,10.7,0,False
1772742323.843,9914,1.2,82.5,0.2,10.7,0,False
1772742323.943,9915,1.8,89.0,0.3,10.7,0,False
1772742324.036,9916,1.2,82.4,0.3,10.7,0,False
1772742324.128,9917,1.2,82.0,0.2,10.7,0,False
1772742324.220,9918,1.2,81.2,0.3,10.7,0,False
1772742324.313,9919,1.2,82.1,0.2,10.7,0,False
1772742324.406,9920,1.2,80.2,0.3,10.7,0,False
1772742324.501,9921,0.8,84.7,0.2,10.7,0,False
1772742324.595,9922,1.2,83.0,0.2,10.7,0,False
1772742324.695,9923,1.2,87.9,0.3,10.7,0,False
1772742324.790,9924,0.8,86.0,0.2,10.7,0,False
1772742324.883,9925,1.2,81.7,0.2,10.7,0,False
1772742324.976,9926,1.7,81.5,0.2,10.7,0,False
1772742325.069,9927,1.2,82.1,0.2,10.7,0,False
1772742325.164,9928,1.0,81.7,0.2,10.7,0,False
1772742325.257,9929,1.1,82.5,0.2,10.7,0,False
1772742325.352,9930,1.1,82.7,0.2,10.7,0,False
1772742325.459,9931,3.0,94.4,0.2,10.6,0,False
1772742325.554,9932,1.7,83.5,0.2,10.6,0,False
1772742325.646,9933,1.6,80.6,0.2,10.6,0,False
1772742325.741,9934,1.1,83.7,0.2,10.5,0,False
1772742325.836,9935,1.3,82.3,0.2,10.6,0,False
1772742325.930,9936,1.1,83.2,0.2,10.6,0,False
1772742326.022,9937,1.6,80.7,0.2,10.6,0,False
1772742326.113,9938,1.5,80.6,0.2,10.6,0,False
1772742326.204,9939,1.5,81.0,0.2,10.6,0,False
1772742326.297,9940,1.1,82.9,0.2,10.6,0,False
1772742326.392,9941,1.4,83.2,0.2,10.6,0,False
1772742326.495,9942,1.2,93.0,0.3,10.5,0,False
1772742326.589,9943,1.1,83.6,0.2,10.6,0,False
1772742326.684,9944,1.5,83.3,0.2,10.6,0,False
1772742326.778,9945,1.0,84.1,0.3,10.6,0,False
1772742326.873,9946,1.0,82.7,0.2,10.5,1,True
1772742326.967,9947,1.5,82.3,0.2,10.5,1,True
1772742327.063,9948,1.1,83.2,0.2,10.5,1,True
1772742327.157,9949,1.6,81.6,0.2,10.5,2,True
1772742327.253,9950,1.1,84.2,0.3,10.5,0,True
1772742327.347,9951,1.5,83.1,0.2,10.6,0,True
1772742327.454,9952,1.1,95.6,0.3,10.5,0,True
1772742327.548,9953,1.2,82.7,0.2,10.5,0,True
1772742327.640,9954,1.5,81.3,0.3,10.5,0,True
1772742327.733,9955,1.1,82.3,0.2,10.5,0,True
1772742327.828,9956,1.1,84.0,0.3,10.5,0,True
1772742327.921,9957,1.1,81.5,0.2,10.5,1,True
1772742328.013,9958,1.5,80.8,0.4,10.5,0,True
1772742328.103,9959,1.5,80.4,0.2,10.5,0,True
1772742328.202,9960,1.1,88.6,0.2,10.5,0,True
1772742328.298,9961,2.5,83.7,0.3,10.5,2,True
1772742328.395,9962,3.0,84.9,0.2,10.5,0,True
1772742328.489,9963,1.0,82.8,0.2,10.5,0,True
1772742328.584,9964,1.0,82.3,0.2,10.5,0,True
1772742328.678,9965,1.1,83.6,0.3,10.5,0,True
1772742328.771,9966,1.3,81.5,0.2,10.5,0,True
1772742328.865,9967,1.1,82.8,0.4,10.5,0,True
1772742328.957,9968,1.2,82.3,0.2,10.6,0,True
1772742329.051,9969,1.2,83.2,0.2,10.6,0,True
1772742329.144,9970,1.2,82.4,0.2,10.6,0,True
1772742329.236,9971,1.5,81.4,0.4,10.6,0,True
1772742329.328,9972,1.2,81.9,0.2,10.7,0,True
1772742329.424,9973,1.2,84.5,0.6,10.7,0,True
1772742329.514,9974,1.2,79.7,0.2,10.7,0,True
1772742329.840,9975,0.9,81.0,0.2,9.5,0,True
1772742329.933,9976,1.1,82.5,0.2,9.5,0,True
1772742330.027,9977,1.3,83.0,0.2,9.5,0,True
1772742330.119,9978,1.2,81.5,0.2,9.5,0,True
1772742330.212,9979,1.4,81.7,0.2,9.5,0,True
1772742330.305,9980,1.2,82.1,0.2,9.5,0,True
1772742330.399,9981,1.8,82.5,0.2,9.5,0,True
1772742330.494,9982,1.2,83.4,0.2,9.5,0,True
1772742330.587,9983,0.9,81.7,0.2,9.5,0,True
1772742330.681,9984,1.2,82.6,0.2,9.5,0,True
1772742330.773,9985,1.5,80.7,0.2,9.5,0,True
1772742330.867,9986,1.1,82.6,0.2,9.5,0,True
1772742330.961,9987,1.2,82.3,0.2,9.5,0,True
1772742331.054,9988,1.1,81.6,0.2,9.5,0,True
1772742331.149,9989,1.2,82.7,0.2,9.5,0,True
1772742331.245,9990,1.2,83.9,0.3,9.5,0,True
1772742331.340,9991,1.7,82.1,0.2,9.5,0,False
1772742331.437,9992,1.3,85.5,0.2,9.5,0,False
1772742331.532,9993,1.2,83.0,0.2,9.5,0,False
1772742331.629,9994,1.1,84.8,0.2,9.5,0,False
1772742331.723,9995,0.9,82.1,0.2,10.6,1,True
1772742331.817,9996,1.2,81.7,0.3,10.6,0,True
1772742331.912,9997,1.1,82.9,0.3,10.6,0,True
1772742332.005,9998,1.1,82.4,0.2,10.6,0,True
1772742332.100,9999,1.2,84.6,0.2,10.6,0,True
1772742332.193,10000,1.2,81.5,0.2,10.6,0,True
1772742332.287,10001,1.2,82.9,0.2,10.6,0,True
1772742332.382,10002,1.2,82.3,0.2,10.6,0,True
1772742332.478,10003,1.2,84.3,0.2,10.6,0,True
1772742332.571,10004,1.2,82.1,0.2,10.6,1,True
1772742332.664,10005,2.2,80.6,0.2,10.6,0,True
1772742332.756,10006,1.1,81.4,0.2,10.6,0,True
1772742332.850,10007,1.9,82.5,0.2,10.6,0,True
1772742332.944,10008,1.2,83.0,0.2,10.6,0,True
1772742333.037,10009,1.5,81.2,0.2,10.6,0,True
1772742333.133,10010,0.8,82.8,0.2,10.6,0,True
1772742333.227,10011,1.2,82.5,0.2,10.6,0,True
1772742333.322,10012,1.2,82.8,0.4,10.6,1,True
1772742333.419,10013,1.2,84.8,0.3,10.6,1,True
1772742333.517,10014,1.1,85.3,0.2,10.6,1,True
1772742333.612,10015,1.0,82.6,0.2,10.6,1,True
1772742333.706,10016,1.7,81.7,0.2,10.6,0,True
1772742333.798,10017,1.5,80.1,0.2,10.6,0,True
1772742333.893,10018,1.5,82.0,0.3,10.6,0,True
1772742333.988,10019,1.2,81.7,0.2,10.6,1,True
1772742334.081,10020,1.2,81.3,0.2,10.6,0,True
1772742334.177,10021,1.3,81.7,0.2,10.6,0,True
1772742334.269,10022,1.3,80.6,0.2,10.6,0,True
1772742334.363,10023,1.2,82.1,0.3,10.6,0,True
1772742334.458,10024,1.1,83.8,0.2,10.6,0,True
1772742334.549,10025,1.5,79.9,0.3,10.6,0,True
1772742334.641,10026,1.1,81.4,0.2,10.6,0,True
1772742334.737,10027,1.5,85.3,0.2,10.6,0,True
1772742334.831,10028,1.3,81.9,0.2,10.6,1,True
1772742334.927,10029,1.1,83.6,0.2,10.6,1,True
1772742335.020,10030,1.1,81.1,0.2,10.6,1,True
1772742335.115,10031,1.3,82.0,0.2,10.6,0,True
1772742335.208,10032,1.1,80.5,0.2,10.6,0,True
1772742335.302,10033,1.2,81.3,0.2,10.6,0,True
1772742335.394,10034,1.5,80.0,0.2,10.7,0,True
1772742335.488,10035,1.2,81.5,0.2,10.7,0,True
1772742335.579,10036,1.5,80.1,0.2,10.7,0,True
1772742335.673,10037,1.5,82.1,0.2,10.7,0,True
1772742335.764,10038,1.5,79.7,0.2,10.7,0,True
1772742335.859,10039,1.4,82.9,0.2,10.7,0,True
1772742335.951,10040,1.2,81.3,0.2,10.7,0,True
1772742336.059,10041,1.2,94.2,0.2,10.6,0,True
1772742336.167,10042,2.3,94.0,0.2,10.5,0,True
1772742336.262,10043,1.2,83.6,0.2,10.5,0,True
1772742336.355,10044,1.5,80.9,0.2,10.5,1,True
1772742336.451,10045,1.6,84.1,0.2,10.5,1,True
1772742336.545,10046,1.1,82.8,0.2,10.5,0,True
1772742336.638,10047,2.4,80.5,0.2,10.5,0,True
1772742336.732,10048,1.2,83.0,0.2,10.5,0,True
1772742336.830,10049,1.3,85.4,0.2,10.5,0,True
1772742336.929,10050,1.1,87.6,0.2,10.5,0,True
1772742337.025,10051,0.9,82.5,0.2,10.5,0,True
1772742337.120,10052,1.6,84.0,0.2,10.5,0,True
1772742337.214,10053,1.3,82.6,0.2,10.5,0,True
1772742337.311,10054,1.0,83.9,0.2,10.4,0,True
1772742337.406,10055,1.4,81.9,0.2,10.4,0,True
1772742337.501,10056,0.8,85.0,0.2,10.4,0,True
1772742337.596,10057,1.1,83.4,0.2,10.4,0,True
1772742337.691,10058,1.1,81.6,0.2,10.4,1,True
1772742337.786,10059,1.5,82.8,0.2,10.4,2,True
1772742337.881,10060,1.1,82.3,0.3,10.4,2,True
1772742337.978,10061,1.5,82.7,0.2,10.4,2,True
1772742338.073,10062,1.1,82.4,0.2,10.5,0,True
1772742338.167,10063,1.1,81.5,0.2,10.5,0,True
1772742338.261,10064,1.1,82.4,0.2,10.5,0,True
1772742338.353,10065,1.1,80.8,0.2,10.5,0,True
1772742338.447,10066,1.5,82.0,0.2,10.5,1,True
1772742338.546,10067,1.1,86.9,0.2,10.5,1,True
1772742338.646,10068,1.2,87.7,0.2,10.5,1,True
1772742338.739,10069,1.2,82.1,0.2,10.5,0,True
1772742338.832,10070,1.2,81.4,0.2,10.5,0,True
1772742338.928,10071,1.2,84.0,0.2,10.5,0,True
1772742339.020,10072,1.1,80.8,0.2,10.5,0,True
1772742339.119,10073,1.1,88.1,0.2,10.5,0,True
1772742339.211,10074,1.6,80.4,0.2,10.5,0,True
1772742339.306,10075,2.4,83.1,0.2,10.5,0,True
1772742339.399,10076,1.1,81.8,0.2,10.5,0,True
1772742339.493,10077,1.5,84.1,0.2,10.5,0,True
1772742339.586,10078,1.1,82.0,0.2,10.6,0,True
1772742339.681,10079,1.1,83.6,0.2,10.6,0,True
1772742339.776,10080,1.4,82.3,0.2,10.6,0,True
1772742339.871,10081,1.9,81.9,0.2,10.6,0,True
1772742339.966,10082,1.3,82.2,0.2,10.6,2,True
1772742340.058,10083,1.2,80.2,0.2,10.6,2,True
1772742340.149,10084,1.5,80.1,0.3,10.6,2,True
1772742340.243,10085,1.0,82.0,0.2,10.6,0,True
1772742340.336,10086,0.9,82.6,0.2,10.6,0,True
1772742340.435,10087,1.5,86.7,0.2,10.6,0,True
1772742340.533,10088,1.1,87.5,0.2,10.6,0,True
1772742340.627,10089,1.1,82.4,0.2,10.6,0,True
1772742340.720,10090,1.3,82.6,0.3,10.6,0,True
1772742340.815,10091,1.2,84.2,0.2,10.6,0,True
1772742340.922,10092,1.4,96.0,0.2,10.5,0,True
1772742341.023,10093,1.2,89.3,0.2,10.5,0,True
1772742341.124,10094,1.2,89.6,0.3,10.5,0,True
1772742341.220,10095,1.2,84.3,0.2,10.4,2,True
1772742341.316,10096,1.4,83.5,0.2,10.4,2,True
1772742341.409,10097,1.5,81.2,0.4,10.4,0,True
1772742341.503,10098,1.0,84.1,0.2,10.4,0,True
1772742341.594,10099,1.5,80.2,0.2,10.5,0,True
1772742341.698,10100,1.3,92.6,0.2,10.4,0,True
1772742341.797,10101,1.1,87.0,0.2,10.4,1,True
1772742341.894,10102,1.1,84.8,0.2,10.4,2,True
1772742341.987,10103,1.5,80.9,0.2,10.4,1,True
1772742342.084,10104,1.1,83.9,0.2,10.3,1,True
1772742342.180,10105,1.1,82.9,0.2,10.3,2,True
1772742342.277,10106,1.1,84.3,0.2,10.3,1,True
1772742342.371,10107,1.5,81.8,0.3,10.3,1,True
1772742342.467,10108,1.5,84.5,0.3,10.3,1,True
1772742342.563,10109,1.1,83.8,0.2,10.3,1,True
1772742342.661,10110,1.0,83.3,0.2,10.3,1,True
1772742342.763,10111,0.8,86.2,0.2,10.3,1,True
1772742342.858,10112,1.1,82.6,0.3,10.3,1,True
1772742342.955,10113,1.4,82.8,0.2,10.4,1,True
1772742343.051,10114,1.1,82.5,0.2,10.4,0,True
1772742343.146,10115,0.8,82.7,0.2,10.4,0,True
1772742343.244,10116,1.3,85.2,0.2,10.4,0,True
1772742343.339,10117,1.2,82.9,0.2,10.4,0,True
1772742343.436,10118,1.3,84.8,0.2,10.3,0,True
1772742343.533,10119,1.1,84.1,0.2,10.3,0,True
1772742343.628,10120,1.1,82.6,0.2,10.4,0,True
1772742343.723,10121,1.1,83.2,0.4,10.4,0,True
1772742343.817,10122,1.2,82.7,0.2,10.4,0,True
1772742343.910,10123,1.5,82.1,0.2,10.4,0,True
1772742344.002,10124,1.6,81.3,0.2,10.4,0,True
1772742344.097,10125,1.1,84.6,0.2,10.4,0,True
1772742344.191,10126,1.2,83.1,0.2,10.4,0,True
1772742344.286,10127,1.2,84.6,0.2,10.4,0,True
1772742344.380,10128,1.2,82.9,0.2,10.5,0,True
1772742344.477,10129,1.5,85.8,0.2,10.5,0,True
1772742344.571,10130,1.2,82.1,0.2,10.5,0,True
1772742344.665,10131,1.2,82.7,0.3,10.5,0,True
1772742344.765,10132,1.1,88.9,0.3,10.5,0,True
1772742344.860,10133,1.4,83.3,0.2,10.5,0,True
1772742344.955,10134,1.5,83.0,0.3,10.5,0,True
1772742345.047,10135,1.5,81.2,0.2,10.5,0,True
1772742345.143,10136,1.4,83.8,0.3,10.5,0,True
1772742345.237,10137,1.1,83.5,0.2,10.5,0,True
1772742345.334,10138,1.4,83.7,0.2,10.5,0,True
1772742345.433,10139,0.9,87.5,0.2,10.5,0,True
1772742345.525,10140,1.1,79.9,0.3,10.5,0,True
1772742345.849,10141,0.9,81.3,0.2,9.4,0,True
1772742345.947,10142,0.8,86.6,0.2,9.4,0,True
1772742346.042,10143,1.1,83.1,0.2,9.4,0,False
1772742346.138,10144,1.1,84.4,0.2,9.4,0,False
1772742346.233,10145,1.1,83.5,0.3,9.4,0,False
1772742346.329,10146,1.1,84.8,0.2,9.4,0,False
1772742346.426,10147,1.1,85.8,0.2,9.3,0,False
1772742346.529,10148,1.1,89.7,0.2,9.3,0,False
1772742346.622,10149,0.8,82.3,0.2,9.3,0,False
1772742346.715,10150,1.1,82.2,0.2,9.3,0,False
1772742346.811,10151,1.1,85.0,0.3,9.3,0,False
1772742346.902,10152,1.5,81.3,0.2,9.4,0,False
1772742346.998,10153,1.1,85.4,0.2,9.4,0,False
1772742347.091,10154,1.2,82.2,0.2,9.4,0,False
1772742347.185,10155,1.4,82.7,0.2,9.4,0,False
1772742347.275,10156,1.5,80.4,0.2,9.4,0,False
1772742347.368,10157,1.5,82.5,0.2,9.4,0,False
1772742347.462,10158,1.1,83.5,0.2,9.4,0,False
1772742347.555,10159,1.4,82.6,0.2,9.4,0,False
1772742347.648,10160,1.1,82.0,0.3,9.4,0,False
1772742347.742,10161,1.5,82.8,0.2,10.6,0,False
1772742347.833,10162,1.5,79.9,0.2,10.6,0,False
1772742347.925,10163,1.8,81.4,0.2,10.6,0,False
1772742348.017,10164,1.1,81.5,0.2,10.6,0,False
1772742348.111,10165,1.1,83.5,0.2,10.6,0,False
1772742348.204,10166,1.1,81.6,0.2,10.7,0,False
1772742348.298,10167,1.4,82.6,0.2,10.7,0,False
1772742348.389,10168,1.6,79.9,0.3,10.8,0,False
1772742348.485,10169,1.3,84.9,0.2,10.7,0,False
1772742348.576,10170,1.5,80.3,0.2,10.7,0,False
1772742348.673,10171,1.0,81.9,0.2,10.7,0,False
1772742348.766,10172,1.1,82.1,0.2,10.7,0,False
1772742348.857,10173,1.6,80.1,0.2,10.8,0,False
1772742348.948,10174,1.5,80.1,0.2,10.8,0,False
1772742349.040,10175,1.9,80.9,0.2,10.8,0,False
1772742349.133,10176,1.1,81.9,0.2,10.8,0,False
1772742349.227,10177,1.3,82.5,0.2,10.8,0,False
1772742349.320,10178,1.1,82.0,0.2,10.8,0,False
1772742349.416,10179,1.6,85.2,0.2,10.7,0,False
1772742349.510,10180,1.2,83.2,0.2,10.7,0,False
1772742349.602,10181,1.6,81.7,0.2,10.8,0,False
1772742349.702,10182,1.2,89.5,0.3,10.7,0,False
1772742349.795,10183,1.4,82.0,0.2,10.7,0,False
1772742349.889,10184,1.1,83.3,0.2,10.7,0,False
1772742349.982,10185,1.2,81.9,0.2,10.7,0,False
1772742350.077,10186,1.3,84.0,0.2,10.7,0,False
1772742350.167,10187,1.5,80.7,0.2,10.7,0,False
1772742350.259,10188,1.6,81.8,0.2,10.7,0,False
1772742350.353,10189,1.2,82.7,0.2,10.7,0,False
1772742350.446,10190,1.5,83.5,0.2,10.7,0,False
1772742350.547,10191,1.3,82.6,0.2,10.7,0,False
1772742350.643,10192,1.9,83.6,0.2,10.7,0,False
1772742350.736,10193,1.2,82.1,0.2,10.6,0,False
1772742350.830,10194,1.2,82.3,0.2,10.6,1,True
1772742350.926,10195,1.2,83.4,0.3,10.6,1,True
1772742351.020,10196,1.2,82.2,0.2,10.6,1,True
1772742351.117,10197,1.2,85.1,0.2,10.6,1,True
1772742351.212,10198,1.2,82.4,0.2,10.6,0,True
1772742351.306,10199,1.7,82.1,0.2,10.6,1,True
1772742351.397,10200,1.5,80.8,0.2,10.6,0,True
1772742351.499,10201,2.8,86.6,0.2,10.5,0,True
1772742351.591,10202,1.5,79.6,0.2,10.6,1,True
1772742351.686,10203,1.1,82.7,0.2,10.6,1,True
1772742351.782,10204,1.1,83.4,0.3,10.6,1,True
1772742351.876,10205,1.2,83.0,0.2,10.6,1,True
1772742351.972,10206,1.2,84.0,0.2,10.6,1,True
1772742352.066,10207,1.2,82.0,0.2,10.5,1,True
1772742352.161,10208,1.5,83.0,0.3,10.5,1,True
1772742352.252,10209,1.5,79.8,0.2,10.5,1,True
1772742352.353,10210,1.2,88.5,0.3,10.5,1,True
1772742352.458,10211,1.1,92.4,0.2,10.5,1,True
1772742352.547,10212,1.5,78.5,0.2,10.5,1,True
1772742352.642,10213,1.1,83.3,0.2,10.5,1,True
1772742352.736,10214,1.2,81.5,0.2,10.5,1,True
1772742352.833,10215,1.5,85.2,0.2,10.5,0,True
1772742352.929,10216,1.1,83.0,0.2,10.5,0,True
1772742353.023,10217,1.2,81.2,0.2,10.5,1,True
1772742353.115,10218,1.6,80.3,0.2,10.5,1,True
1772742353.208,10219,1.2,81.8,0.2,10.5,0,True
1772742353.302,10220,1.3,82.2,0.3,10.5,0,True
1772742353.393,10221,1.5,80.0,0.2,10.6,0,True
1772742353.487,10222,1.2,83.0,0.3,10.5,0,True
1772742353.578,10223,1.6,80.2,0.2,10.6,0,True
1772742353.669,10224,1.5,80.5,0.2,10.6,0,True
1772742353.763,10225,1.2,82.3,0.2,10.6,0,True
1772742353.854,10226,1.5,80.7,0.2,10.6,0,True
1772742353.949,10227,1.2,82.1,0.2,10.6,0,True
1772742354.043,10228,1.1,83.2,0.2,10.6,0,True
1772742354.135,10229,1.5,80.5,0.2,10.6,0,True
1772742354.229,10230,1.1,82.7,0.3,10.7,0,True
1772742354.323,10231,1.4,81.8,0.2,10.7,0,True
1772742354.420,10232,1.5,86.2,0.2,10.7,0,True
1772742354.514,10233,1.1,83.5,0.2,10.7,0,True
1772742354.610,10234,1.1,84.6,0.2,10.7,0,True
1772742354.708,10235,1.1,86.9,0.2,10.7,0,True
1772742354.804,10236,1.3,83.3,0.2,10.7,0,True
1772742354.898,10237,1.2,82.2,0.2,10.7,0,True
1772742354.990,10238,1.3,81.6,0.2,10.7,0,True
1772742355.084,10239,1.2,82.4,0.2,10.7,0,True
1772742355.178,10240,1.2,81.8,0.2,10.7,0,True
1772742355.273,10241,1.1,82.7,0.3,10.6,1,True
1772742355.363,10242,1.5,80.0,0.2,10.7,0,True
1772742355.457,10243,1.6,82.6,0.3,10.6,0,True
1772742355.557,10244,1.1,81.8,0.2,10.6,0,True
1772742355.650,10245,1.5,82.5,0.2,10.6,0,True
1772742355.742,10246,1.5,80.8,0.2,10.6,1,True
1772742355.837,10247,1.1,84.3,0.2,10.6,0,True
1772742355.931,10248,1.1,82.4,0.2,10.6,0,True
1772742356.032,10249,1.4,88.8,0.2,10.5,2,True
1772742356.124,10250,1.5,80.2,0.2,10.6,2,True
1772742356.217,10251,1.1,81.1,0.3,10.6,1,True
1772742356.313,10252,1.1,83.0,0.3,10.6,1,True
1772742356.409,10253,1.1,83.1,0.3,10.6,1,True
1772742356.508,10254,0.8,88.3,0.2,10.5,0,True
1772742356.602,10255,1.1,82.2,0.2,10.6,0,True
1772742356.712,10256,1.4,96.4,0.2,10.5,0,True
1772742356.806,10257,1.1,81.9,0.2,10.5,0,True
1772742356.901,10258,1.1,82.4,0.2,10.5,0,True
1772742356.992,10259,1.5,80.2,0.2,10.5,0,True
1772742357.086,10260,1.1,82.1,0.2,10.5,0,True
1772742357.182,10261,1.2,81.4,0.2,10.5,0,True
1772742357.276,10262,1.1,82.8,0.3,10.5,0,True
1772742357.369,10263,1.1,81.8,0.2,10.5,0,True
1772742357.472,10264,1.1,91.9,0.3,10.4,0,True
1772742357.563,10265,1.2,79.8,0.2,10.5,0,True
1772742357.657,10266,1.5,82.1,0.2,10.4,0,True
1772742357.750,10267,1.2,81.8,0.2,10.5,0,True
1772742357.844,10268,1.7,81.8,0.2,10.5,0,True
1772742357.938,10269,1.1,83.0,0.2,10.5,0,True
1772742358.032,10270,1.0,81.7,0.2,10.5,1,True
1772742358.145,10271,1.2,100.2,0.2,10.4,1,True
1772742358.239,10272,1.2,81.7,0.2,10.4,1,True
1772742358.333,10273,1.2,81.9,0.2,10.4,0,True
1772742358.434,10274,1.1,89.1,0.2,10.4,0,True
1772742358.526,10275,1.5,80.7,0.2,10.4,0,True
1772742358.622,10276,1.1,84.4,0.2,10.5,0,True
1772742358.714,10277,1.6,79.8,0.2,10.5,0,True
1772742358.808,10278,1.4,81.9,0.2,10.5,0,True
1772742358.902,10279,1.1,80.8,0.2,10.5,0,True
1772742358.996,10280,1.5,80.9,0.2,10.5,0,True
1772742359.088,10281,1.1,81.0,0.2,10.5,0,True
1772742359.181,10282,1.3,81.1,0.2,10.5,0,True
1772742359.275,10283,1.1,82.4,0.2,10.5,0,True
1772742359.368,10284,1.0,81.1,0.2,10.5,0,True
1772742359.463,10285,1.1,83.4,0.2,10.5,0,True
1772742359.557,10286,1.1,81.3,0.2,10.5,0,True
1772742359.653,10287,1.1,84.3,0.3,10.5,0,True
1772742359.751,10288,1.2,87.0,0.2,10.5,0,True
1772742359.846,10289,1.2,83.7,0.2,10.5,0,True
1772742359.938,10290,1.1,81.1,0.2,10.5,0,True
1772742360.032,10291,1.7,82.0,0.2,10.6,0,True
1772742360.124,10292,1.2,81.0,0.3,10.6,0,True
1772742360.218,10293,1.1,82.9,0.2,10.6,0,True
1772742360.310,10294,1.1,81.0,0.2,10.7,1,True
1772742360.405,10295,1.4,82.0,0.2,10.6,1,True
1772742360.498,10296,0.8,82.0,0.2,10.7,1,True
1772742360.592,10297,1.4,81.9,0.2,10.6,2,True
1772742360.686,10298,1.1,81.3,0.2,10.7,2,True
1772742360.780,10299,1.2,81.0,0.2,10.7,2,True
1772742360.873,10300,1.1,81.1,0.3,10.7,1,True
1772742360.969,10301,1.2,83.8,0.2,10.6,1,True
1772742361.065,10302,1.2,83.4,0.4,10.6,1,True
1772742361.158,10303,1.2,82.3,0.3,10.6,1,True
1772742361.254,10304,1.2,83.8,0.2,10.6,1,True
1772742361.348,10305,1.2,83.1,0.2,10.6,0,True
1772742361.444,10306,1.1,86.3,0.2,10.6,0,True
1772742361.534,10307,1.1,79.3,0.2,10.6,0,True
1772742361.854,10308,0.9,80.8,0.2,9.5,0,True
1772742361.946,10309,0.8,82.5,0.2,9.5,0,True
1772742362.039,10310,1.4,82.5,0.2,9.5,0,True
1772742362.130,10311,1.5,80.6,0.2,9.5,0,True
1772742362.224,10312,1.4,83.7,0.2,9.5,0,True
1772742362.315,10313,1.5,80.9,0.2,9.5,0,True
1772742362.412,10314,1.1,86.7,0.2,9.5,0,True
1772742362.515,10315,1.0,93.8,0.2,9.5,0,True
1772742362.610,10316,1.2,83.8,0.2,9.5,0,True
1772742362.707,10317,1.2,85.9,0.2,9.5,0,True
1772742362.801,10318,1.2,83.4,0.2,9.5,0,True
1772742362.896,10319,1.5,83.8,0.3,9.5,0,True
1772742362.991,10320,1.1,83.6,0.2,9.4,0,True
1772742363.093,10321,1.3,88.5,0.2,9.4,0,True
1772742363.189,10322,1.5,86.2,0.2,9.4,0,True
1772742363.282,10323,1.1,82.2,0.2,9.4,0,True
1772742363.376,10324,1.4,83.2,0.2,9.4,0,True
1772742363.471,10325,1.1,83.9,0.2,9.4,0,True
1772742363.565,10326,1.1,82.6,0.2,9.4,0,True
1772742363.659,10327,1.2,83.7,0.2,9.4,0,True
1772742363.753,10328,1.5,82.8,0.2,10.5,0,True
1772742363.848,10329,1.2,83.3,0.2,10.5,0,True
1772742363.941,10330,1.2,82.6,0.2,10.5,0,True
1772742364.036,10331,1.2,83.3,0.3,10.5,0,True
1772742364.139,10332,1.1,90.5,0.2,10.4,1,True
1772742364.242,10333,1.5,81.7,0.2,10.4,1,True
1772742364.347,10334,1.4,85.0,0.2,10.3,0,True
1772742364.447,10335,1.5,87.1,0.3,10.4,1,True
1772742364.541,10336,1.2,82.6,0.3,10.4,0,True
1772742364.633,10337,1.5,81.8,0.2,10.4,0,True
1772742364.732,10338,1.1,88.9,0.2,10.4,0,True
1772742364.828,10339,1.9,83.1,0.2,10.4,0,True
1772742364.931,10340,1.2,92.2,0.2,10.3,0,True
1772742365.030,10341,1.1,87.4,0.2,10.3,0,True
1772742365.125,10342,1.0,83.1,0.2,10.3,0,True
1772742365.219,10343,1.2,83.0,0.2,10.3,0,True
1772742365.314,10344,0.9,82.6,0.2,10.3,0,True
1772742365.410,10345,1.1,84.7,0.4,10.3,0,True
1772742365.503,10346,0.8,83.3,0.2,10.3,0,True
1772742365.597,10347,1.1,82.8,0.5,10.3,0,True
1772742365.689,10348,1.1,82.2,0.2,10.3,0,True
1772742365.780,10349,1.5,81.0,0.4,10.4,0,True
1772742365.871,10350,1.1,81.4,0.3,10.4,0,True
1772742365.967,10351,2.2,83.6,0.2,10.4,0,True
1772742366.057,10352,1.5,80.4,0.2,10.4,0,True
1772742366.151,10353,1.1,83.5,0.4,10.5,0,True
1772742366.243,10354,1.1,81.4,0.2,10.5,0,True
1772742366.336,10355,1.1,82.0,0.2,10.6,0,True
1772742366.432,10356,1.2,85.5,0.2,10.6,0,True
1772742366.525,10357,1.1,83.5,0.3,10.6,0,True
1772742366.615,10358,1.5,80.2,0.2,10.6,0,True
1772742366.706,10359,1.5,80.6,0.2,10.7,0,True
1772742366.798,10360,1.2,82.2,0.2,10.7,0,True
1772742366.891,10361,1.1,82.7,0.2,10.7,0,True
1772742366.984,10362,1.2,82.4,0.2,10.8,0,True
1772742367.077,10363,1.1,82.7,0.2,10.8,0,True
1772742367.168,10364,1.5,80.3,0.2,10.8,0,True
1772742367.261,10365,1.2,82.7,0.2,10.8,0,False
1772742367.354,10366,1.6,82.1,0.2,10.8,0,False
1772742367.448,10367,1.1,83.5,0.3,10.8,0,False
1772742367.541,10368,1.5,82.2,0.2,10.8,0,False
1772742367.632,10369,1.1,81.1,0.2,10.8,0,False
1772742367.726,10370,1.5,82.7,0.2,10.8,0,False
1772742367.819,10371,1.1,82.5,0.2,10.8,0,False
1772742367.912,10372,1.5,82.7,0.2,10.8,0,False
1772742368.003,10373,1.5,81.2,0.2,10.8,0,False
1772742368.097,10374,1.5,82.7,0.2,10.8,0,False
1772742368.191,10375,1.1,83.5,0.2,10.8,0,False
1772742368.284,10376,1.2,82.2,0.2,10.8,0,False
1772742368.378,10377,1.2,83.5,0.2,10.8,0,False
1772742368.471,10378,1.2,83.1,0.2,10.8,0,False
1772742368.564,10379,1.2,82.5,0.2,10.8,0,False
1772742368.657,10380,1.1,82.4,0.2,10.8,0,False
1772742368.751,10381,1.6,82.9,0.3,10.8,0,False
1772742368.843,10382,1.4,81.4,0.2,10.8,0,False
1772742368.935,10383,1.2,81.8,0.2,10.8,0,False
1772742369.026,10384,1.5,80.8,0.2,10.8,0,False
1772742369.119,10385,1.2,82.3,0.2,10.8,0,False
1772742369.212,10386,1.5,82.2,0.2,10.8,0,False
1772742369.306,10387,1.2,83.3,0.2,10.8,0,False
1772742369.397,10388,1.6,80.5,0.2,10.8,0,False
1772742369.493,10389,1.2,84.4,0.2,10.7,0,False
1772742369.589,10390,1.2,82.4,0.2,10.7,0,False
1772742369.685,10391,1.1,84.0,0.3,10.7,0,False
1772742369.785,10392,0.8,84.1,0.2,10.7,0,False
1772742369.880,10393,1.2,82.5,0.2,10.7,0,False
1772742369.975,10394,1.2,84.3,0.2,10.7,0,False
1772742370.069,10395,1.2,81.6,0.2,10.7,0,False
1772742370.166,10396,1.2,82.6,0.3,10.6,0,False
1772742370.270,10397,1.1,81.8,0.2,10.6,0,False
1772742370.365,10398,1.4,82.3,0.2,10.6,0,False
1772742370.461,10399,1.0,83.5,0.3,10.5,0,False
1772742370.563,10400,0.8,83.6,0.2,10.5,1,True
1772742370.658,10401,1.2,81.8,0.2,10.5,1,True
1772742370.751,10402,1.3,80.2,0.2,10.5,1,True
1772742370.847,10403,1.7,81.8,0.2,10.5,0,True
1772742370.946,10404,1.0,82.2,0.2,10.4,0,True
1772742371.045,10405,0.8,83.1,0.2,10.4,0,True
1772742371.143,10406,1.5,85.7,0.2,10.4,0,True
1772742371.236,10407,1.3,82.0,0.2,10.4,0,True
1772742371.328,10408,1.4,80.5,0.2,10.4,0,True
1772742371.422,10409,1.1,83.9,0.2,10.4,0,True
1772742371.515,10410,1.4,81.7,0.2,10.4,0,True
1772742371.608,10411,1.9,82.5,0.2,10.4,0,True
1772742371.700,10412,1.4,81.6,0.2,10.4,0,True
1772742371.790,10413,1.6,80.4,0.2,10.5,0,True
1772742371.880,10414,2.3,79.9,0.2,10.5,0,True
1772742371.974,10415,1.1,84.3,0.3,10.5,0,True
1772742372.069,10416,1.6,84.1,0.2,10.5,0,True
1772742372.159,10417,1.5,80.2,0.3,10.6,0,True
1772742372.252,10418,1.2,82.2,0.2,10.6,0,True
1772742372.345,10419,1.2,83.3,0.2,10.6,0,True
1772742372.442,10420,2.5,84.2,0.2,10.6,0,True
1772742372.532,10421,1.6,81.2,0.2,10.7,0,True
1772742372.623,10422,2.0,80.7,0.3,10.7,0,True
1772742372.715,10423,1.1,81.6,0.2,10.7,0,True
1772742372.809,10424,1.5,83.4,0.2,10.7,0,True
1772742372.899,10425,1.5,80.0,0.2,10.8,0,True
1772742372.992,10426,1.5,82.0,0.2,10.8,0,True
1772742373.087,10427,1.1,83.5,0.2,10.8,0,True
1772742373.182,10428,1.1,83.3,0.2,10.8,0,True
1772742373.278,10429,1.2,84.1,0.2,10.8,0,True
1772742373.375,10430,1.5,82.4,0.2,10.8,0,True
1772742373.471,10431,1.2,85.3,0.4,10.7,0,True
1772742373.565,10432,1.1,82.7,0.2,10.7,0,False
1772742373.660,10433,1.2,84.2,0.2,10.7,0,False
1772742373.754,10434,1.3,82.6,0.2,10.7,0,False
1772742373.851,10435,1.2,83.9,0.2,10.7,0,False
1772742373.954,10436,0.9,84.0,0.2,10.6,0,False
1772742374.050,10437,1.1,82.0,0.2,10.6,2,True
1772742374.148,10438,1.2,83.8,0.2,10.5,2,True
1772742374.246,10439,1.1,83.1,0.2,10.5,1,True
1772742374.341,10440,1.1,81.7,0.2,10.5,0,True
1772742374.444,10441,2.5,87.5,0.2,10.5,0,True
1772742374.539,10442,1.1,82.4,0.2,10.4,0,True
1772742374.633,10443,2.6,80.3,0.2,10.4,1,True
1772742374.733,10444,1.2,86.9,0.3,10.4,1,True
1772742374.830,10445,1.3,82.9,0.2,10.4,1,True
1772742374.927,10446,1.2,84.2,0.3,10.3,1,True
1772742375.021,10447,1.5,80.4,0.2,10.3,1,True
1772742375.124,10448,1.1,87.3,0.2,10.3,1,True
1772742375.220,10449,1.2,81.7,0.3,10.3,1,True
1772742375.316,10450,1.1,82.5,0.3,10.3,1,True
1772742375.415,10451,1.6,85.2,0.2,10.3,1,True
1772742375.511,10452,1.3,83.1,0.3,10.3,2,True
1772742375.607,10453,1.2,81.8,0.2,10.3,2,True
1772742375.705,10454,1.2,83.8,0.3,10.3,2,True
1772742375.800,10455,1.2,81.8,0.3,10.3,2,True
1772742375.897,10456,1.5,82.2,0.2,10.3,1,True
1772742375.992,10457,1.5,81.6,0.2,10.3,1,True
1772742376.087,10458,1.2,81.9,0.2,10.3,1,True
1772742376.185,10459,1.2,84.7,0.2,10.3,1,True
1772742376.278,10460,1.5,80.7,0.2,10.3,1,True
1772742376.375,10461,1.2,84.6,0.2,10.4,0,True
1772742376.470,10462,1.2,84.1,0.2,10.4,0,True
1772742376.568,10463,1.7,85.4,0.2,10.3,1,True
1772742376.664,10464,1.2,83.0,0.4,10.4,1,True
1772742376.757,10465,1.5,80.3,0.2,10.4,1,True
1772742376.850,10466,1.5,80.7,0.3,10.4,1,True
1772742376.947,10467,1.1,83.2,0.3,10.4,1,True
1772742377.042,10468,1.2,83.4,0.2,10.4,0,True
1772742377.136,10469,1.1,81.7,0.2,10.4,1,True
1772742377.233,10470,1.5,85.6,0.2,10.4,0,True
1772742377.327,10471,1.5,82.2,0.2,10.5,0,True
1772742377.422,10472,1.5,84.2,0.2,10.5,0,True
1772742377.511,10473,1.6,78.6,0.2,10.5,0,True
1772742377.599,10474,1.5,78.3,0.2,10.6,0,True
1772742377.861,10475,0.9,80.3,0.3,9.7,0,True
1772742377.953,10476,0.9,82.0,0.2,9.7,0,True
1772742378.046,10477,1.3,82.3,0.2,9.7,0,True
1772742378.139,10478,1.2,81.8,0.2,9.7,0,True
1772742378.232,10479,1.3,82.1,0.2,9.8,0,True
1772742378.325,10480,1.2,82.1,0.2,9.8,0,True
1772742378.421,10481,1.5,84.2,0.2,9.8,0,True
1772742378.514,10482,1.2,82.7,0.2,9.8,0,True
1772742378.610,10483,1.1,83.8,0.2,9.8,0,True
1772742378.703,10484,0.9,82.3,0.2,9.8,0,True
1772742378.796,10485,1.1,82.0,0.3,9.8,0,True
1772742378.888,10486,1.1,81.2,0.2,9.8,0,True
1772742378.981,10487,1.1,81.7,0.2,9.8,0,True
1772742379.074,10488,1.1,82.0,0.2,9.8,0,True
1772742379.168,10489,1.2,81.8,0.2,9.8,0,True
1772742379.272,10490,1.1,93.2,0.2,9.8,0,True
1772742379.365,10491,1.2,82.1,0.2,9.8,0,True
1772742379.461,10492,1.3,84.9,0.2,9.8,0,True
1772742379.555,10493,1.2,81.6,0.2,9.8,1,True
1772742379.651,10494,1.3,82.0,0.2,9.7,1,True
1772742379.752,10495,1.2,86.7,0.2,10.6,2,True
1772742379.847,10496,1.3,81.9,0.2,10.6,2,True
1772742379.943,10497,1.3,82.7,0.2,10.5,2,True
1772742380.039,10498,1.2,82.9,0.3,10.5,2,True
1772742380.134,10499,1.2,81.8,0.2,10.5,1,True
1772742380.230,10500,1.1,83.1,0.3,10.5,0,True
1772742380.327,10501,1.2,82.6,0.2,10.5,1,True
1772742380.432,10502,0.8,86.4,0.2,10.4,0,True
1772742380.527,10503,0.8,82.9,0.3,10.4,0,True
1772742380.621,10504,1.2,81.7,0.3,10.4,0,True
1772742380.715,10505,1.1,82.8,0.2,10.4,0,True
1772742380.809,10506,1.1,82.6,0.2,10.4,0,True
1772742380.905,10507,1.0,83.9,0.3,10.4,0,True
1772742381.005,10508,0.8,83.7,0.2,10.4,0,True
1772742381.099,10509,1.2,82.0,0.2,10.4,0,True
1772742381.193,10510,1.1,82.3,0.2,10.4,0,True
1772742381.287,10511,1.1,81.5,0.2,10.4,1,True
1772742381.382,10512,1.1,83.4,0.3,10.4,0,True
1772742381.477,10513,1.1,84.0,0.2,10.4,0,True
1772742381.573,10514,1.2,83.6,0.2,10.4,1,True
1772742381.667,10515,1.1,82.0,0.2,10.4,0,True
1772742381.763,10516,1.2,83.2,0.2,10.4,1,True
1772742381.859,10517,1.1,83.2,0.2,10.4,1,True
1772742381.954,10518,1.1,81.8,0.3,10.4,1,True
1772742382.046,10519,1.5,80.8,0.2,10.5,0,True
1772742382.139,10520,1.2,81.5,0.2,10.5,0,True
1772742382.235,10521,1.2,82.5,0.3,10.5,0,True
1772742382.330,10522,1.2,82.6,0.3,10.5,0,True
1772742382.427,10523,1.2,85.2,0.2,10.5,0,True
1772742382.521,10524,1.6,81.2,0.2,10.5,0,True
1772742382.616,10525,1.5,83.7,0.2,10.5,0,True
1772742382.711,10526,1.2,83.5,0.2,10.5,0,True
1772742382.807,10527,1.0,81.9,0.2,10.5,1,True
1772742382.908,10528,0.8,85.2,0.2,10.5,2,True
1772742383.004,10529,1.1,82.3,0.2,10.5,2,True
1772742383.099,10530,1.2,81.7,0.2,10.5,2,True
1772742383.197,10531,1.4,83.3,0.2,10.5,1,True
1772742383.292,10532,1.3,82.0,0.2,10.5,0,True
1772742383.388,10533,1.2,81.6,0.3,10.5,1,True
1772742383.487,10534,1.2,85.5,0.3,10.5,1,True
1772742383.583,10535,1.5,82.9,0.2,10.4,1,True
1772742383.677,10536,1.5,81.0,0.2,10.4,0,True
1772742383.771,10537,1.5,81.1,0.2,10.5,0,True
1772742383.866,10538,1.2,82.4,0.2,10.5,1,True
1772742383.958,10539,1.6,79.9,0.2,10.5,1,True
1772742384.052,10540,1.2,81.4,0.2,10.5,1,True
1772742384.145,10541,1.5,79.9,0.2,10.5,0,True
1772742384.238,10542,1.5,79.7,0.2,10.5,0,True
1772742384.331,10543,1.5,79.8,0.2,10.5,0,True
1772742384.426,10544,1.6,81.9,0.2,10.5,0,True
1772742384.517,10545,1.6,79.5,0.2,10.5,0,True
1772742384.608,10546,1.5,80.1,0.2,10.5,0,True
1772742384.705,10547,1.2,86.1,0.2,10.5,0,True
1772742384.801,10548,1.3,83.0,0.2,10.6,1,True
1772742384.896,10549,1.2,81.7,0.2,10.6,1,True
1772742384.992,10550,1.2,82.8,0.3,10.6,1,True
1772742385.083,10551,1.5,79.2,0.2,10.6,0,True
1772742385.178,10552,1.3,81.9,0.2,10.6,0,True
1772742385.277,10553,1.2,83.4,0.2,10.6,0,True
1772742385.372,10554,1.3,83.4,0.2,10.6,0,True
1772742385.465,10555,1.5,81.6,0.3,10.6,0,True
1772742385.557,10556,1.5,79.5,0.2,10.6,0,True
1772742385.649,10557,1.5,80.2,0.2,10.6,0,True
1772742385.744,10558,1.2,81.2,0.2,10.7,0,True
1772742385.838,10559,1.2,82.3,0.4,10.6,0,True
1772742385.934,10560,1.2,84.0,0.2,10.6,0,True
1772742386.030,10561,2.1,83.4,0.2,10.6,0,True
1772742386.121,10562,1.5,80.3,0.2,10.6,0,True
1772742386.214,10563,1.5,82.9,0.2,10.6,0,True
1772742386.305,10564,1.6,80.5,0.2,10.6,0,True
1772742386.397,10565,1.5,81.8,0.2,10.6,0,True
1772742386.489,10566,1.6,81.6,0.2,10.6,0,True
1772742386.583,10567,1.2,81.9,0.2,10.7,0,True
1772742386.677,10568,1.2,82.2,0.2,10.7,0,True
1772742386.770,10569,1.5,81.5,0.2,10.7,0,True
1772742386.864,10570,1.1,81.9,0.2,10.7,0,True
1772742386.959,10571,1.2,83.7,0.2,10.7,0,True
1772742387.051,10572,1.6,80.0,0.2,10.7,0,True
1772742387.146,10573,1.6,82.8,0.2,10.7,0,True
1772742387.239,10574,1.2,81.6,0.2,10.7,0,True
1772742387.333,10575,2.0,80.3,0.2,10.7,0,True
1772742387.429,10576,1.6,82.4,0.2,10.7,0,True
1772742387.522,10577,1.5,80.3,0.2,10.7,0,True
1772742387.615,10578,1.5,81.1,0.2,10.7,0,True
1772742387.706,10579,1.5,80.1,0.2,10.7,0,True
1772742387.799,10580,1.1,82.1,0.2,10.7,0,False
1772742387.894,10581,1.2,81.8,0.2,10.7,0,False
1772742387.988,10582,1.6,80.7,0.2,10.7,1,True
1772742388.082,10583,1.2,81.6,0.2,10.7,0,True
1772742388.177,10584,1.2,81.2,0.2,10.7,1,True
1772742388.274,10585,1.2,81.8,0.2,10.7,1,True
1772742388.371,10586,1.2,83.7,0.2,10.6,0,True
1772742388.469,10587,1.2,84.5,0.2,10.6,0,True
1772742388.562,10588,1.2,81.6,0.2,10.6,0,True
1772742388.662,10589,0.8,84.1,0.2,10.6,0,True
1772742388.754,10590,1.5,80.5,0.2,10.6,1,True
1772742388.850,10591,1.5,84.1,0.2,10.6,0,True
1772742388.943,10592,1.4,81.9,0.2,10.6,0,True
1772742389.037,10593,1.2,82.1,0.2,10.6,0,True
1772742389.129,10594,1.2,80.0,0.2,10.6,0,True
1772742389.223,10595,1.2,83.2,0.2,10.6,0,True
1772742389.316,10596,1.2,81.2,0.2,10.6,0,True
1772742389.412,10597,1.5,84.5,0.2,10.6,0,True
1772742389.503,10598,0.8,81.5,0.2,10.6,0,True
1772742389.596,10599,1.3,82.4,0.3,10.6,0,True
1772742389.687,10600,1.5,80.2,0.2,10.6,1,True
1772742389.784,10601,1.6,82.6,0.2,10.6,0,True
1772742389.878,10602,1.3,82.4,0.2,10.6,0,True
1772742389.971,10603,1.5,80.9,0.2,10.6,0,True
1772742390.065,10604,1.2,82.7,0.2,10.6,0,True
1772742390.157,10605,1.6,80.1,0.2,10.6,1,True
1772742390.251,10606,1.1,81.9,0.2,10.6,0,True
1772742390.347,10607,1.5,82.1,0.2,10.6,1,True
1772742390.461,10608,1.2,101.2,0.2,10.5,1,True
1772742390.557,10609,1.1,83.4,0.3,10.6,0,True
1772742390.652,10610,1.1,82.4,0.2,10.5,0,True
1772742390.745,10611,1.5,82.3,0.2,10.6,0,True
1772742390.838,10612,1.5,81.1,0.2,10.6,0,True
1772742390.930,10613,1.6,82.0,0.2,10.6,0,True
1772742391.022,10614,1.5,80.9,0.2,10.6,1,True
1772742391.118,10615,1.1,84.6,0.2,10.6,1,True
1772742391.210,10616,1.1,81.6,0.2,10.6,0,True
1772742391.306,10617,1.5,83.6,0.2,10.6,0,True
1772742391.401,10618,1.1,82.9,0.2,10.5,0,True
1772742391.501,10619,0.8,84.4,0.2,10.5,0,True
1772742391.599,10620,1.2,83.2,0.2,10.5,0,True
1772742391.701,10621,0.9,84.5,0.2,10.4,1,True
1772742391.797,10622,1.1,81.9,0.2,10.4,0,True
1772742391.893,10623,1.1,83.2,0.3,10.4,0,True
1772742391.989,10624,1.1,82.1,0.2,10.4,0,True
1772742392.085,10625,1.1,84.4,0.2,10.4,0,True
1772742392.179,10626,1.1,82.0,0.2,10.4,0,True
1772742392.272,10627,2.1,80.7,0.2,10.4,0,True
1772742392.367,10628,1.1,82.8,0.2,10.5,0,True
1772742392.464,10629,1.5,83.0,0.2,10.5,0,True
1772742392.561,10630,1.1,82.1,0.2,10.5,0,True
1772742392.668,10631,1.2,89.8,0.2,10.4,0,True
1772742392.765,10632,1.1,81.6,0.2,10.4,0,True
1772742392.863,10633,1.2,83.7,0.2,10.3,0,True
1772742392.960,10634,1.1,82.2,0.2,10.3,0,True
1772742393.056,10635,1.2,82.1,0.2,10.3,0,True
1772742393.148,10636,1.5,81.2,0.2,10.3,0,True
1772742393.242,10637,1.5,82.2,0.2,10.3,0,True
1772742393.336,10638,1.2,82.4,0.2,10.3,0,True
1772742393.432,10639,1.2,83.7,0.2,10.4,0,True
1772742393.525,10640,1.2,81.4,0.3,10.4,0,True
1772742393.617,10641,1.2,80.3,0.2,10.4,0,True
1772742393.870,10642,0.8,80.9,0.2,9.6,0,True
1772742393.962,10643,1.0,82.5,0.2,9.7,0,True
1772742394.071,10644,0.8,92.2,0.2,9.6,0,True
1772742394.164,10645,2.0,81.5,0.2,9.6,0,True
1772742394.259,10646,1.0,82.8,0.2,9.6,0,True
1772742394.354,10647,1.5,82.0,0.2,9.6,0,True
1772742394.450,10648,1.2,84.4,0.2,9.6,0,True
1772742394.542,10649,1.5,80.8,0.2,9.6,0,True
1772742394.633,10650,1.5,80.8,0.2,9.7,0,True
1772742394.745,10651,1.6,96.8,0.2,9.6,0,False
1772742394.852,10652,1.5,93.1,0.3,9.6,1,True
1772742394.951,10653,2.2,83.8,0.2,9.6,0,True
1772742395.045,10654,1.6,80.9,0.2,9.6,0,True
1772742395.139,10655,1.1,81.4,0.2,9.6,0,True
1772742395.235,10656,1.1,83.7,0.6,9.6,0,True
1772742395.328,10657,1.6,80.4,0.2,9.6,0,True
1772742395.423,10658,1.5,83.6,0.2,9.6,0,True
1772742395.515,10659,1.5,80.9,0.2,9.6,0,True
1772742395.610,10660,1.6,82.6,0.3,9.6,1,True
1772742395.704,10661,1.6,80.6,0.2,9.6,1,True
1772742395.799,10662,1.7,82.4,0.2,10.4,0,True
1772742395.892,10663,1.6,80.1,0.2,10.4,0,True
1772742395.988,10664,1.6,82.4,0.2,10.4,0,True
1772742396.082,10665,1.6,80.8,0.2,10.4,0,True
1772742396.175,10666,1.6,80.4,0.2,10.4,0,True
1772742396.274,10667,1.1,85.1,0.2,10.4,0,True
1772742396.366,10668,1.5,80.0,0.2,10.4,0,True
1772742396.464,10669,1.1,85.1,0.2,10.4,0,True
1772742396.557,10670,1.5,81.0,0.2,10.4,0,True
1772742396.651,10671,1.5,81.8,0.2,10.5,0,True
1772742396.746,10672,1.1,82.5,0.2,10.6,1,True
1772742396.841,10673,1.9,81.0,0.2,10.6,1,True
1772742396.939,10674,1.1,84.2,0.3,10.6,1,True
1772742397.035,10675,0.9,81.7,0.3,10.5,1,True
1772742397.128,10676,1.6,80.7,0.3,10.6,1,True
1772742397.222,10677,1.5,80.7,0.2,10.6,1,True
1772742397.324,10678,1.1,89.4,0.2,10.5,0,True
1772742397.419,10679,1.6,82.6,0.2,10.5,0,True
1772742397.512,10680,1.6,81.0,0.2,10.5,0,True
1772742397.616,10681,2.5,87.6,0.2,10.5,1,True
1772742397.710,10682,1.5,80.5,0.2,10.5,1,True
1772742397.804,10683,1.5,82.3,0.2,10.5,1,True
1772742397.898,10684,1.5,80.0,0.2,10.5,1,True
1772742397.992,10685,1.9,81.0,0.2,10.5,1,True
1772742398.085,10686,1.5,80.4,0.2,10.5,1,True
1772742398.179,10687,1.5,80.0,0.2,10.5,1,True
1772742398.276,10688,1.1,82.3,0.2,10.5,1,True
1772742398.369,10689,1.5,80.3,0.2,10.5,1,True
1772742398.469,10690,1.1,85.9,0.3,10.5,1,True
1772742398.561,10691,1.5,80.0,0.2,10.5,1,True
1772742398.655,10692,1.5,81.8,0.2,10.5,1,True
1772742398.748,10693,1.6,80.5,0.2,10.5,1,True
1772742398.841,10694,1.5,81.0,0.2,10.5,1,True
1772742398.933,10695,1.6,80.2,0.2,10.5,1,True
1772742399.026,10696,1.5,81.2,0.3,10.5,1,True
1772742399.118,10697,1.5,80.1,0.2,10.5,0,True
1772742399.210,10698,1.5,81.1,0.2,10.6,1,True
1772742399.303,10699,1.5,80.2,0.2,10.6,1,True
1772742399.395,10700,1.5,80.5,0.4,10.6,1,True
1772742399.489,10701,1.6,81.3,0.2,10.7,1,True
1772742399.581,10702,1.5,80.7,0.3,10.7,1,True
1772742399.674,10703,1.1,81.0,0.2,10.7,1,True
1772742399.779,10704,1.1,91.6,0.2,10.6,1,True
1772742399.874,10705,1.3,81.6,0.3,10.6,1,True
1772742399.977,10706,1.6,82.7,0.3,10.6,1,True
1772742400.075,10707,2.6,81.9,0.2,10.6,1,True
1772742400.170,10708,1.1,81.4,0.2,10.6,1,True
1772742400.265,10709,1.1,81.9,0.2,10.6,1,True
1772742400.361,10710,1.1,83.6,0.2,10.6,1,True
1772742400.479,10711,1.8,103.5,0.2,10.4,1,True
1772742400.573,10712,1.1,82.0,0.2,10.4,1,True
1772742400.670,10713,1.0,82.4,0.2,10.4,1,True
1772742400.764,10714,1.1,82.3,0.2,10.4,1,True
1772742400.858,10715,1.1,82.2,0.2,10.4,0,True
1772742400.954,10716,1.1,83.4,0.3,10.4,0,True
1772742401.048,10717,1.1,82.7,0.2,10.4,0,True
1772742401.143,10718,1.1,83.3,0.2,10.4,0,True
1772742401.234,10719,1.6,80.4,0.2,10.4,0,True
1772742401.329,10720,1.1,83.5,0.3,10.3,0,True
1772742401.426,10721,1.1,85.5,0.2,10.3,0,True
1772742401.521,10722,1.7,82.0,0.2,10.3,0,True
1772742401.616,10723,1.1,82.5,0.2,10.3,0,True
1772742401.710,10724,1.3,82.7,0.2,10.4,0,True
1772742401.802,10725,1.5,80.5,0.2,10.4,0,True
1772742401.894,10726,1.5,80.4,0.2,10.4,0,True
1772742401.987,10727,1.1,82.6,0.2,10.5,0,True
1772742402.079,10728,1.5,80.2,0.2,10.5,0,True
1772742402.170,10729,1.5,80.7,0.2,10.5,0,True
1772742402.264,10730,1.0,81.8,0.3,10.5,0,True
1772742402.358,10731,1.1,83.3,0.2,10.6,0,True
1772742402.452,10732,1.2,82.8,0.2,10.6,0,True
1772742402.546,10733,1.2,82.5,0.2,10.7,0,True
1772742402.638,10734,1.3,81.6,0.2,10.7,0,True
1772742402.730,10735,1.2,81.9,0.2,10.7,0,True
1772742402.823,10736,1.2,81.7,0.2,10.7,0,True
1772742402.915,10737,1.2,81.7,0.2,10.7,0,True
1772742403.008,10738,1.5,82.1,0.2,10.7,0,True
1772742403.100,10739,1.2,82.0,0.2,10.7,0,True
1772742403.193,10740,1.6,82.6,0.3,10.7,0,True
1772742403.288,10741,1.3,81.8,0.2,10.7,0,True
1772742403.380,10742,1.3,82.1,0.2,10.8,0,True
1772742403.475,10743,1.1,83.9,0.2,10.8,0,True
1772742403.567,10744,1.2,81.8,0.2,10.8,0,False
1772742403.660,10745,1.1,82.9,0.2,10.8,0,False
1772742403.752,10746,1.2,82.1,0.2,10.8,0,False
1772742403.844,10747,1.2,82.3,0.2,10.8,0,False
1772742403.936,10748,1.2,81.2,0.2,10.8,0,False
1772742404.028,10749,1.2,82.5,0.2,10.8,0,False
1772742404.121,10750,1.6,82.3,0.2,10.8,0,False
1772742404.214,10751,1.1,82.5,0.2,10.8,0,False
1772742404.305,10752,1.6,80.9,0.2,10.8,0,False
1772742404.399,10753,1.5,84.5,0.2,10.8,0,False
1772742404.492,10754,1.3,82.6,0.2,10.8,0,False
1772742404.582,10755,1.5,80.3,0.2,10.8,0,False
1772742404.672,10756,1.9,80.8,0.2,10.8,0,False
1772742404.767,10757,1.1,84.7,0.2,10.8,0,False
1772742404.860,10758,1.6,82.5,0.2,10.8,0,False
1772742404.951,10759,1.5,80.3,0.2,10.8,0,False
1772742405.045,10760,1.1,83.4,0.2,10.8,0,False
1772742405.138,10761,1.1,81.9,0.2,10.8,1,True
1772742405.234,10762,1.2,82.1,0.3,10.8,1,True
1772742405.325,10763,1.5,80.1,0.3,10.8,1,True
1772742405.421,10764,1.9,82.7,0.2,10.8,1,True
1772742405.515,10765,1.1,82.6,0.2,10.8,1,True
1772742405.612,10766,1.2,83.3,0.2,10.8,1,True
1772742405.705,10767,1.2,81.2,0.3,10.7,0,True
1772742405.797,10768,1.5,80.1,0.2,10.7,1,True
1772742405.889,10769,1.5,80.0,0.2,10.7,1,True
1772742405.983,10770,1.1,81.6,0.2,10.7,1,True
1772742406.080,10771,1.2,82.6,0.3,10.7,1,True
1772742406.174,10772,1.3,81.3,0.2,10.7,1,True
1772742406.270,10773,1.2,83.3,0.2,10.7,1,True
1772742406.364,10774,1.1,81.1,0.3,10.7,1,True
1772742406.460,10775,1.3,83.8,0.2,10.6,1,True
1772742406.556,10776,1.2,82.4,0.2,10.6,1,True
1772742406.650,10777,1.2,81.7,0.2,10.6,1,True
1772742406.743,10778,1.5,80.0,0.2,10.6,1,True
1772742406.838,10779,1.1,82.0,0.3,10.6,1,True
1772742406.930,10780,1.5,80.5,0.2,10.6,1,True
1772742407.024,10781,0.9,81.3,0.2,10.6,1,True
1772742407.117,10782,1.5,80.5,0.2,10.6,1,True
1772742407.208,10783,1.5,79.8,0.2,10.6,1,True
1772742407.304,10784,1.1,83.5,0.3,10.6,1,True
1772742407.399,10785,1.2,82.6,0.2,10.6,1,True
1772742407.498,10786,1.5,86.0,0.3,10.6,1,True
1772742407.589,10787,1.5,79.8,0.3,10.6,0,True
1772742407.685,10788,1.2,82.4,0.2,10.6,1,True
1772742407.780,10789,1.2,82.3,0.2,10.6,1,True
1772742407.881,10790,1.5,89.1,0.2,10.5,0,True
1772742407.976,10791,1.1,83.4,0.2,10.5,0,True
1772742408.072,10792,1.1,82.5,0.2,10.5,1,True
1772742408.165,10793,1.9,81.6,0.3,10.6,0,True
1772742408.260,10794,1.1,82.6,0.3,10.5,1,True
1772742408.356,10795,1.1,81.9,0.2,10.6,1,True
1772742408.453,10796,1.2,83.9,0.2,10.5,1,True
1772742408.549,10797,1.5,83.3,0.2,10.5,1,True
1772742408.656,10798,1.1,94.9,0.2,10.5,1,True
1772742408.751,10799,1.1,82.5,0.2,10.5,1,True
1772742408.846,10800,1.1,82.0,0.3,10.4,1,True
1772742408.942,10801,1.4,83.4,0.2,10.4,1,True
1772742409.048,10802,0.8,84.8,0.3,10.4,1,True
1772742409.142,10803,1.2,81.7,0.3,10.3,1,True
1772742409.234,10804,1.5,80.8,0.3,10.4,1,True
1772742409.326,10805,1.5,80.2,0.2,10.4,1,True
1772742409.429,10806,1.6,90.8,0.2,10.4,1,True
1772742409.520,10807,1.5,79.3,0.2,10.4,1,True
1772742409.620,10808,1.2,88.0,0.2,10.3,1,True
1772742409.879,10809,0.9,83.2,0.2,9.5,1,True
1772742409.974,10810,1.0,82.8,0.2,9.6,1,True
1772742410.069,10811,1.2,81.7,0.2,9.6,1,True
1772742410.165,10812,1.2,83.2,0.4,9.6,1,True
1772742410.261,10813,1.2,82.3,0.2,9.5,1,True
1772742410.357,10814,1.1,83.3,0.2,9.5,1,True
1772742410.451,10815,1.1,82.8,0.2,9.5,0,True
1772742410.547,10816,1.6,82.2,0.2,9.6,1,True
1772742410.658,10817,0.8,92.7,0.3,9.5,1,True
1772742410.751,10818,1.2,80.6,0.2,9.5,0,True
1772742410.846,10819,0.8,82.4,0.2,9.5,0,True
1772742410.941,10820,1.2,82.0,0.2,9.5,1,True
1772742411.037,10821,0.9,82.1,0.2,9.5,1,True
1772742411.134,10822,1.1,84.1,0.3,9.6,1,True
1772742411.227,10823,1.6,79.8,0.2,9.6,1,True
1772742411.324,10824,1.4,83.7,0.2,9.6,1,True
1772742411.419,10825,1.5,82.1,0.3,9.6,1,True
1772742411.516,10826,1.1,83.3,0.2,9.6,0,True
1772742411.608,10827,1.5,80.3,0.2,9.6,0,True
1772742411.700,10828,1.5,80.1,0.2,9.6,1,True
1772742411.796,10829,1.1,83.3,0.2,10.4,1,True
1772742411.890,10830,1.6,80.0,0.2,10.4,0,True
1772742411.988,10831,1.4,84.0,0.2,10.4,1,True
1772742412.083,10832,1.3,81.8,0.2,10.4,1,True
1772742412.177,10833,1.4,82.5,0.2,10.4,0,True
1772742412.277,10834,1.1,87.8,0.2,10.4,0,True
1772742412.375,10835,1.2,85.5,0.2,10.4,1,True
1772742412.471,10836,1.1,84.7,0.2,10.4,1,True
1772742412.566,10837,1.2,81.7,0.3,10.5,1,True
1772742412.663,10838,1.2,82.3,0.2,10.5,0,True
1772742412.760,10839,1.1,82.7,0.2,10.5,1,True
1772742412.856,10840,1.1,81.6,0.2,10.4,1,True
1772742412.961,10841,1.1,92.2,0.2,10.4,1,True
1772742413.056,10842,1.1,81.7,0.2,10.4,0,True
1772742413.151,10843,1.2,81.6,0.3,10.4,1,True
1772742413.254,10844,1.1,90.2,0.2,10.4,1,True
1772742413.348,10845,1.5,79.9,0.2,10.4,2,True
1772742413.446,10846,1.8,84.2,0.2,10.4,1,True
1772742413.542,10847,1.1,82.2,0.2,10.3,0,True
1772742413.638,10848,1.2,83.8,0.2,10.3,0,True
1772742413.733,10849,1.1,83.4,0.2,10.3,0,True
1772742413.828,10850,1.1,82.5,0.2,10.3,1,True
1772742413.923,10851,1.3,82.2,0.2,10.3,0,True
1772742414.018,10852,1.1,81.9,0.2,10.3,1,True
1772742414.118,10853,1.4,85.7,0.2,10.3,1,True
1772742414.214,10854,1.2,82.7,0.5,10.3,1,True
1772742414.307,10855,1.6,80.6,0.2,10.3,1,True
1772742414.404,10856,1.1,84.1,0.2,10.3,0,True
1772742414.498,10857,0.8,82.0,0.2,10.4,1,True
1772742414.595,10858,1.5,82.8,0.2,10.4,0,True
1772742414.692,10859,1.1,82.0,0.2,10.4,1,True
1772742414.789,10860,1.2,82.7,0.2,10.3,1,True
1772742414.893,10861,0.9,90.0,0.2,10.4,0,True
1772742414.993,10862,1.3,86.1,0.3,10.3,0,True
1772742415.089,10863,1.1,82.2,0.2,10.3,1,True
1772742415.186,10864,1.2,83.9,0.3,10.4,1,True
1772742415.282,10865,1.2,82.4,0.2,10.3,1,True
1772742415.378,10866,1.2,82.4,0.2,10.4,0,True
1772742415.476,10867,1.1,84.9,0.5,10.3,0,True
1772742415.571,10868,1.2,81.9,0.2,10.3,1,True
1772742415.666,10869,1.1,83.2,0.2,10.3,0,True
1772742415.760,10870,1.2,82.4,0.2,10.4,0,True
1772742415.855,10871,1.3,83.0,0.2,10.4,0,True
1772742415.951,10872,1.1,82.3,0.2,10.3,0,True
1772742416.046,10873,1.5,82.1,0.2,10.4,0,True
1772742416.138,10874,1.5,80.6,0.2,10.4,0,True
1772742416.232,10875,1.1,82.0,0.2,10.4,0,True
1772742416.327,10876,1.1,82.6,0.4,10.4,0,True
1772742416.431,10877,1.1,91.1,0.2,10.3,1,True
1772742416.528,10878,0.9,83.0,0.2,10.3,1,True
1772742416.624,10879,1.1,82.0,0.2,10.3,1,True
1772742416.718,10880,1.1,81.1,0.3,10.4,1,True
1772742416.813,10881,1.1,82.0,0.7,10.4,1,True
1772742416.906,10882,1.5,80.6,0.2,10.5,0,True
1772742417.007,10883,1.1,88.8,0.2,10.4,1,True
1772742417.100,10884,1.6,80.6,0.2,10.4,1,True
1772742417.197,10885,1.2,83.8,0.2,10.4,1,True
1772742417.292,10886,1.1,82.1,0.2,10.5,1,True
1772742417.386,10887,1.1,81.7,0.2,10.5,0,True
1772742417.483,10888,1.2,85.6,0.2,10.5,0,True
1772742417.578,10889,1.1,82.7,0.2,10.5,0,True
1772742417.672,10890,1.1,82.9,0.2,10.5,0,True
1772742417.768,10891,1.2,82.5,0.2,10.5,0,True
1772742417.861,10892,2.1,80.4,0.2,10.5,0,True
1772742417.955,10893,1.8,81.5,0.2,10.5,0,True
1772742418.056,10894,1.3,87.3,0.2,10.4,1,True
1772742418.151,10895,1.1,82.7,0.2,10.4,0,True
1772742418.245,10896,1.1,82.0,0.2,10.4,0,True
1772742418.340,10897,1.1,82.7,0.2,10.5,0,True
1772742418.435,10898,1.5,82.7,0.2,10.5,0,True
1772742418.530,10899,1.6,81.4,0.2,10.5,0,True
1772742418.622,10900,1.6,79.9,0.3,10.5,0,True
1772742418.715,10901,2.3,79.8,0.2,10.5,0,True
1772742418.810,10902,1.2,82.0,0.2,10.5,0,True
1772742418.905,10903,1.1,80.7,0.2,10.5,0,True
1772742419.000,10904,1.2,81.8,0.2,10.5,0,True
1772742419.094,10905,1.2,81.4,0.3,10.5,0,True
1772742419.188,10906,1.2,81.5,0.3,10.5,0,True
1772742419.281,10907,1.5,80.0,0.2,10.6,0,True
1772742419.375,10908,1.1,82.4,0.7,10.6,0,True
1772742419.471,10909,1.2,83.8,0.2,10.6,0,True
1772742419.564,10910,1.6,81.2,0.2,10.6,0,True
1772742419.659,10911,1.1,81.2,0.3,10.6,1,True
1772742419.755,10912,1.9,83.6,0.2,10.6,1,True
1772742419.849,10913,1.3,81.5,0.2,10.6,0,True
1772742419.953,10914,1.4,89.3,0.2,10.5,1,True
1772742420.049,10915,1.5,81.6,0.2,10.5,1,True
1772742420.145,10916,1.1,81.4,0.2,10.5,2,True
1772742420.243,10917,1.0,84.2,0.2,10.5,0,True
1772742420.343,10918,1.2,89.0,0.2,10.5,0,True
1772742420.438,10919,1.2,84.7,0.2,10.5,0,True
1772742420.531,10920,1.5,82.3,0.2,10.5,0,True
1772742420.627,10921,1.6,83.5,0.2,10.5,0,True
1772742420.722,10922,1.2,82.3,0.2,10.5,0,True
1772742420.814,10923,1.5,81.3,0.2,10.5,0,True
1772742420.908,10924,0.8,82.3,0.2,10.5,0,True
1772742421.003,10925,1.2,82.7,0.2,10.5,0,True
1772742421.096,10926,1.2,81.9,0.2,10.5,0,True
1772742421.191,10927,1.2,82.2,0.2,10.5,1,True
1772742421.285,10928,1.2,81.7,0.2,10.5,1,True
1772742421.382,10929,1.2,83.9,0.3,10.5,1,True
1772742421.480,10930,1.2,84.7,0.2,10.4,2,True
1772742421.576,10931,1.5,82.8,0.2,10.4,1,True
1772742421.672,10932,1.2,82.4,0.2,10.4,1,True
1772742421.767,10933,1.2,82.0,0.2,10.4,1,True
1772742421.860,10934,1.6,80.6,0.2,10.5,1,True
1772742421.952,10935,1.5,80.5,0.3,10.5,1,True
1772742422.045,10936,1.5,80.8,0.2,10.5,0,True
1772742422.138,10937,1.1,81.4,0.2,10.6,0,True
1772742422.230,10938,1.6,80.9,0.2,10.6,0,True
1772742422.324,10939,1.1,81.7,0.2,10.6,1,True
1772742422.423,10940,1.2,85.3,0.2,10.6,1,True
1772742422.519,10941,1.6,80.7,0.2,10.6,1,True
1772742422.613,10942,1.4,82.1,0.2,10.6,1,True
1772742422.707,10943,1.1,81.8,0.2,10.6,1,True
1772742422.805,10944,1.1,82.3,0.2,10.5,0,True
1772742422.898,10945,1.6,80.5,0.2,10.6,0,True
1772742422.994,10946,1.1,81.8,0.2,10.5,0,True
1772742423.089,10947,1.1,82.2,0.3,10.5,0,True
1772742423.183,10948,1.2,81.7,0.2,10.5,0,True
1772742423.278,10949,1.6,81.5,0.2,10.6,0,True
1772742423.373,10950,1.2,81.3,0.2,10.6,1,True
1772742423.474,10951,1.4,82.6,0.2,10.5,0,True
1772742423.568,10952,1.6,80.1,0.2,10.5,1,True
1772742423.661,10953,1.5,79.8,0.2,10.6,0,True
1772742423.754,10954,1.5,80.3,0.2,10.6,0,True
1772742423.850,10955,1.1,82.0,0.2,10.5,0,True
1772742423.946,10956,1.1,82.7,0.2,10.5,1,True
1772742424.041,10957,1.1,81.4,0.2,10.5,0,True
1772742424.143,10958,1.5,88.5,0.2,10.5,0,True
1772742424.244,10959,1.1,87.7,0.2,10.4,0,True
1772742424.341,10960,1.1,84.0,0.2,10.4,0,True
1772742424.438,10961,1.4,82.9,0.2,10.4,0,True
1772742424.533,10962,1.1,81.6,0.2,10.4,0,True
1772742424.628,10963,1.1,81.7,0.2,10.4,0,True
1772742424.731,10964,1.2,88.7,0.3,10.4,1,True
1772742424.825,10965,1.5,80.0,0.2,10.4,1,True
1772742424.922,10966,1.0,81.6,0.2,10.4,0,True
1772742425.016,10967,1.5,80.4,0.2,10.4,0,True
1772742425.113,10968,1.1,82.2,0.2,10.4,0,True
1772742425.212,10969,1.1,83.2,0.2,10.3,0,True
1772742425.306,10970,1.5,80.3,0.2,10.3,0,True
1772742425.403,10971,1.1,82.3,0.2,10.4,0,True
1772742425.502,10972,0.8,84.5,0.2,10.3,0,True
1772742425.595,10973,1.1,79.2,0.2,10.3,0,True
1772742425.889,10974,0.9,81.2,0.2,9.4,0,True
1772742425.988,10975,1.0,87.4,0.3,9.4,0,True
1772742426.101,10976,1.2,96.8,0.3,9.3,0,True
1772742426.208,10977,0.8,91.1,0.2,9.2,0,True
1772742426.307,10978,0.9,82.7,0.2,9.2,0,True
1772742426.408,10979,1.4,82.8,0.2,9.2,0,True
1772742426.509,10980,0.8,85.7,0.2,9.2,0,True
1772742426.611,10981,1.6,83.1,0.2,9.2,0,True
1772742426.708,10982,1.5,80.6,0.2,9.2,0,True
1772742426.808,10983,1.1,83.5,0.3,9.2,0,True
1772742426.907,10984,1.1,82.7,0.2,9.2,0,True
1772742427.004,10985,1.5,80.5,0.2,9.2,1,True
1772742427.117,10986,1.1,100.5,0.2,9.1,0,True
1772742427.210,10987,1.6,80.7,0.4,9.1,1,True
1772742427.307,10988,1.1,82.3,0.2,9.1,0,True
1772742427.402,10989,1.1,82.9,0.2,9.1,0,True
1772742427.496,10990,0.9,83.1,0.2,9.1,0,True
1772742427.589,10991,2.0,81.0,0.2,9.1,1,True
1772742427.681,10992,1.5,80.8,0.2,9.2,0,True
1772742427.777,10993,1.9,81.4,0.2,9.2,0,True
1772742427.875,10994,1.2,82.6,0.2,10.1,0,True
1772742427.974,10995,1.6,83.9,0.2,10.1,0,True
1772742428.070,10996,1.5,82.6,0.2,10.2,0,True
1772742428.165,10997,1.5,81.1,0.2,10.2,0,True
1772742428.264,10998,1.5,82.8,0.2,10.2,0,True
1772742428.362,10999,1.1,82.9,0.2,10.2,0,True
1772742428.461,11000,1.2,83.7,0.2,10.2,0,True
1772742428.558,11001,2.2,81.3,0.2,10.3,0,True
1772742428.651,11002,1.5,78.4,0.2,10.3,0,True
1772742428.747,11003,1.5,80.3,0.2,10.3,0,True
1772742428.844,11004,0.9,82.1,0.2,10.3,0,True
1772742428.938,11005,1.5,80.0,0.2,10.3,0,True
1772742429.035,11006,1.5,81.4,0.3,10.4,0,True
1772742429.130,11007,1.6,80.5,0.2,10.4,0,True
1772742429.227,11008,2.0,81.2,0.2,10.4,0,True
1772742429.326,11009,1.5,83.6,0.2,10.4,0,True
1772742429.426,11010,1.6,84.3,0.2,10.4,0,True
1772742429.532,11011,2.2,88.9,0.2,10.3,0,True
1772742429.629,11012,1.5,81.5,0.4,10.3,0,True
1772742429.732,11013,1.5,86.6,0.2,10.2,1,True
1772742429.830,11014,1.5,80.7,0.2,10.2,1,True
1772742429.928,11015,1.5,80.9,0.4,10.2,1,True
1772742430.027,11016,1.1,81.8,0.2,10.2,0,True
1772742430.124,11017,1.5,80.2,0.2,10.2,0,True
1772742430.223,11018,1.1,82.5,0.3,10.2,0,True
1772742430.318,11019,1.6,80.2,0.2,10.2,0,True
1772742430.417,11020,2.0,84.2,0.2,10.2,0,True
1772742430.514,11021,1.5,80.9,0.2,10.2,0,True
1772742430.609,11022,1.1,80.7,0.2,10.2,0,True
1772742430.704,11023,1.5,80.4,0.3,10.2,0,True
1772742430.800,11024,1.5,80.0,0.2,10.2,1,True
1772742430.897,11025,1.5,82.3,0.2,10.2,0,True
1772742430.992,11026,1.5,79.7,0.2,10.2,0,True
1772742431.088,11027,1.6,80.1,0.2,10.2,1,True
1772742431.186,11028,0.9,82.1,0.2,10.2,1,True
1772742431.282,11029,1.1,81.4,0.2,10.2,1,True
1772742431.376,11030,1.5,81.8,0.2,10.3,1,True
1772742431.478,11031,1.5,87.5,0.2,10.3,1,True
1772742431.571,11032,1.4,81.2,0.2,10.3,0,True
1772742431.665,11033,1.5,81.2,0.2,10.3,1,True
1772742431.759,11034,1.1,81.9,0.2,10.4,1,True
1772742431.855,11035,1.1,83.1,0.3,10.4,1,True
1772742431.949,11036,1.1,82.1,0.2,10.4,1,True
1772742432.043,11037,1.5,81.9,0.2,10.4,1,True
1772742432.136,11038,1.6,80.7,0.2,10.5,0,True
1772742432.230,11039,1.5,81.8,0.2,10.5,1,True
1772742432.324,11040,1.5,80.8,0.2,10.5,1,True
1772742432.432,11041,3.3,89.9,0.2,10.4,1,True
1772742432.537,11042,1.1,89.8,0.3,10.4,2,True
1772742432.642,11043,1.1,87.0,0.3,10.3,2,True
1772742432.744,11044,1.2,82.1,0.2,10.3,2,True
1772742432.846,11045,1.1,83.4,0.2,10.3,2,True
1772742432.948,11046,1.1,82.5,0.3,10.2,2,True
1772742433.070,11047,0.8,98.7,0.2,10.1,2,True
1772742433.178,11048,1.9,89.1,0.2,10.0,2,True
1772742433.273,11049,1.4,81.3,0.2,10.0,2,True
1772742433.373,11050,1.3,86.8,0.2,10.0,1,True
1772742433.469,11051,1.5,82.3,0.2,10.0,1,True
1772742433.567,11052,1.3,84.7,0.3,10.0,2,True
1772742433.663,11053,1.3,81.8,0.3,10.0,1,True
1772742433.759,11054,1.5,81.2,0.3,10.0,1,True
1772742433.855,11055,1.2,82.3,0.3,10.0,2,True
1772742433.951,11056,1.2,81.4,0.2,10.0,1,True
1772742434.048,11057,1.1,83.4,0.2,10.0,1,True
1772742434.142,11058,1.6,80.1,0.2,10.0,2,True
1772742434.240,11059,1.4,83.6,0.2,10.0,1,True
1772742434.338,11060,1.2,82.9,0.2,9.9,1,True
1772742434.435,11061,1.5,82.7,0.2,10.0,1,True
1772742434.533,11062,1.1,83.8,0.2,10.0,1,True
1772742434.628,11063,1.5,80.5,0.2,10.1,1,True
1772742434.746,11064,1.7,102.6,0.2,10.0,1,True
1772742434.843,11065,1.3,83.2,0.2,10.0,0,True
1772742434.942,11066,1.1,84.1,0.2,10.0,1,True
1772742435.039,11067,1.1,82.6,0.2,10.2,1,True
1772742435.137,11068,1.3,82.4,0.2,10.2,1,True
1772742435.235,11069,1.2,83.3,0.3,10.2,1,True
1772742435.330,11070,1.6,80.6,0.2,10.2,1,True
1772742435.433,11071,1.2,85.5,0.2,10.2,1,True
1772742435.532,11072,0.9,83.6,0.3,10.2,1,True
1772742435.630,11073,1.3,83.0,0.2,10.2,0,True
1772742435.724,11074,1.6,82.6,0.2,10.2,0,True
1772742435.831,11075,1.1,92.6,0.2,10.1,0,True
1772742435.932,11076,1.1,89.8,0.2,10.1,0,True
1772742436.028,11077,1.1,83.8,0.2,10.1,0,True
1772742436.121,11078,1.5,81.5,0.2,10.1,0,True
1772742436.215,11079,1.1,83.5,0.2,10.1,0,True
1772742436.311,11080,1.1,85.8,0.2,10.1,0,True
1772742436.407,11081,1.1,83.8,0.4,10.1,0,True
1772742436.503,11082,0.8,86.6,0.2,10.2,0,True
1772742436.594,11083,1.6,81.4,0.2,10.2,0,True
1772742436.687,11084,1.8,82.8,0.2,10.3,0,True
1772742436.779,11085,1.5,81.4,0.2,10.3,0,True
1772742436.873,11086,1.4,84.0,0.2,10.4,0,True
1772742436.967,11087,1.1,83.4,0.2,10.4,1,True
1772742437.073,11088,1.8,93.9,0.2,10.3,1,True
1772742437.169,11089,1.2,84.5,0.2,10.3,0,True
1772742437.262,11090,1.1,81.9,0.2,10.4,0,True
1772742437.356,11091,1.6,82.9,0.3,10.4,0,True
1772742437.450,11092,1.2,83.6,0.2,10.4,0,True
1772742437.543,11093,1.9,81.4,0.2,10.5,0,True
1772742437.635,11094,1.1,81.9,0.2,10.5,0,True
1772742437.728,11095,1.2,82.6,0.2,10.5,0,True
1772742437.820,11096,1.1,82.3,0.2,10.6,0,True
1772742437.914,11097,1.4,83.2,0.2,10.6,0,True
1772742438.007,11098,1.2,82.3,0.2,10.6,0,True
1772742438.102,11099,1.7,82.7,0.2,10.6,0,True
1772742438.198,11100,1.1,82.4,0.2,10.6,1,True
1772742438.300,11101,1.1,83.7,0.2,10.6,1,True
1772742438.398,11102,1.1,84.3,0.2,10.5,1,True
1772742438.497,11103,1.2,83.7,0.2,10.5,1,True
1772742438.595,11104,1.2,82.1,0.2,10.5,1,True
1772742438.691,11105,1.1,82.6,0.3,10.5,1,True
1772742438.787,11106,1.1,82.4,0.2,10.4,0,True
1772742438.884,11107,1.6,82.8,0.2,10.4,1,True
1772742438.978,11108,1.1,82.7,0.2,10.5,0,True
1772742439.072,11109,1.2,81.4,0.2,10.5,1,True
1772742439.166,11110,1.1,82.1,0.2,10.5,1,True
1772742439.261,11111,1.1,81.8,0.2,10.5,1,True
1772742439.359,11112,2.4,82.3,0.3,10.5,1,True
1772742439.456,11113,1.1,83.1,0.2,10.5,1,True
1772742439.555,11114,1.2,82.3,0.2,10.4,1,True
1772742439.653,11115,1.1,82.9,0.4,10.4,1,True
1772742439.763,11116,1.1,95.5,0.2,10.3,1,True
1772742439.860,11117,1.3,81.7,0.3,10.3,1,True
1772742439.959,11118,1.1,84.3,0.2,10.2,1,True
1772742440.056,11119,1.1,84.1,0.2,10.2,1,True
1772742440.152,11120,1.1,81.9,0.2,10.2,0,True
1772742440.253,11121,1.1,87.8,0.2,10.2,1,True
1772742440.346,11122,1.6,79.9,0.2,10.3,0,True
1772742440.450,11123,1.4,89.8,0.2,10.2,1,True
1772742440.546,11124,1.1,82.9,0.2,10.2,0,True
1772742440.641,11125,1.2,81.6,0.2,10.3,0,True
1772742440.735,11126,1.5,81.5,0.2,10.3,0,True
1772742440.829,11127,1.1,81.4,0.2,10.3,0,True
1772742440.926,11128,1.4,82.2,0.2,10.3,0,True
1772742441.020,11129,1.5,80.8,0.2,10.3,1,True
1772742441.114,11130,1.5,80.2,0.2,10.3,0,True
1772742441.215,11131,0.9,84.3,0.3,10.2,0,True
1772742441.308,11132,1.6,80.3,0.2,10.3,0,True
1772742441.404,11133,1.2,82.8,0.2,10.3,0,True
1772742441.499,11134,0.8,82.3,0.2,10.3,0,True
1772742441.593,11135,1.1,79.3,0.2,10.3,1,True
1772742441.891,11136,0.9,80.2,0.2,9.4,0,True
1772742441.986,11137,1.0,82.3,0.2,9.4,0,True
1772742442.081,11138,1.2,81.8,0.2,9.4,0,True
1772742442.175,11139,1.6,80.1,0.2,9.4,0,True
1772742442.269,11140,1.2,81.2,0.2,9.4,0,True
1772742442.362,11141,1.6,80.4,0.2,9.5,0,True
1772742442.458,11142,1.2,82.4,0.2,9.5,1,True
1772742442.556,11143,1.2,83.7,0.2,9.5,1,True
1772742442.652,11144,1.2,81.4,0.2,9.5,1,True
1772742442.748,11145,1.1,81.7,0.2,9.5,1,True
1772742442.845,11146,1.1,83.2,0.2,9.5,1,True
1772742442.938,11147,1.5,79.6,0.2,9.5,1,True
1772742443.035,11148,1.1,83.4,0.2,9.5,0,True
1772742443.131,11149,1.1,81.8,0.2,9.5,1,True
1772742443.226,11150,1.1,82.0,0.2,9.5,1,True
1772742443.323,11151,1.1,82.0,0.2,9.5,1,True
1772742443.421,11152,1.2,83.3,0.2,9.5,1,True
1772742443.516,11153,1.1,81.1,0.3,9.5,1,True
1772742443.610,11154,1.5,79.9,0.2,9.5,1,True
1772742443.708,11155,1.1,83.8,0.3,9.5,1,True
1772742443.801,11156,1.5,79.5,0.2,10.5,1,True
1772742443.898,11157,1.9,81.7,0.2,10.5,1,True
1772742443.994,11158,1.1,82.6,0.2,10.5,0,True
1772742444.090,11159,1.1,80.8,0.2,10.4,1,True
1772742444.188,11160,1.1,83.2,0.3,10.4,1,True
1772742444.284,11161,2.1,82.0,0.2,10.4,0,True
1772742444.381,11162,1.8,81.8,0.2,10.4,1,True
1772742444.480,11163,1.1,84.1,0.2,10.4,1,True
1772742444.575,11164,1.1,80.7,0.2,10.4,1,True
1772742444.673,11165,1.1,84.2,0.2,10.4,1,True
1772742444.776,11166,1.5,89.0,0.2,10.4,1,True
1772742444.873,11167,1.3,81.5,0.2,10.3,1,True
1772742444.971,11168,1.1,83.8,0.2,10.3,1,True
1772742445.067,11169,1.1,82.1,0.2,10.3,0,True
1772742445.164,11170,1.3,81.9,0.2,10.3,1,True
1772742445.257,11171,1.5,80.0,0.2,10.3,1,True
1772742445.353,11172,1.1,81.4,0.2,10.4,1,True
1772742445.453,11173,1.1,85.6,0.2,10.3,1,True
1772742445.549,11174,1.2,81.7,0.2,10.3,1,True
1772742445.646,11175,1.2,82.1,0.2,10.3,1,True
1772742445.743,11176,1.2,81.7,0.2,10.3,1,True
1772742445.837,11177,1.6,79.4,0.2,10.3,1,True
1772742445.935,11178,1.1,83.0,0.3,10.3,1,True
1772742446.032,11179,1.1,81.4,0.3,10.3,1,True
1772742446.129,11180,1.2,81.7,0.2,10.3,1,True
1772742446.225,11181,1.2,80.9,0.2,10.3,1,True
1772742446.323,11182,1.1,82.3,0.2,10.3,1,True
1772742446.421,11183,1.5,84.1,0.2,10.3,1,True
1772742446.516,11184,1.5,80.7,0.3,10.3,1,True
1772742446.612,11185,1.3,82.2,0.2,10.3,1,True
1772742446.711,11186,1.2,81.2,0.2,10.3,1,True
1772742446.811,11187,1.1,81.3,0.2,10.3,1,True
1772742446.920,11188,1.5,89.6,0.3,10.3,1,True
1772742447.022,11189,1.3,82.4,0.2,10.2,2,True
1772742447.132,11190,1.4,85.3,0.2,10.2,1,True
1772742447.236,11191,1.2,83.6,0.3,10.1,1,True
1772742447.337,11192,1.3,82.0,0.2,10.1,1,True
1772742447.435,11193,1.1,83.6,0.2,10.1,0,True
1772742447.536,11194,1.1,86.3,0.2,10.1,0,True
1772742447.631,11195,1.5,81.2,0.2,10.1,1,True
1772742447.726,11196,1.1,82.1,0.2,10.1,0,True
1772742447.821,11197,1.2,82.2,0.2,10.1,0,True
1772742447.915,11198,1.2,82.3,0.2,10.1,0,True
1772742448.010,11199,1.2,83.1,0.2,10.1,0,True
1772742448.103,11200,1.2,82.0,0.2,10.1,0,True
1772742448.199,11201,1.2,84.0,0.2,10.1,0,True
1772742448.292,11202,1.2,82.1,0.2,10.2,0,True
1772742448.387,11203,1.4,83.6,0.2,10.2,0,True
1772742448.486,11204,1.2,85.6,0.2,10.2,0,True
1772742448.579,11205,1.5,80.1,0.2,10.2,1,True
1772742448.674,11206,1.5,80.4,0.2,10.2,1,True
1772742448.770,11207,1.2,81.2,0.2,10.2,1,True
1772742448.869,11208,1.2,82.7,0.2,10.3,1,True
1772742448.964,11209,1.5,80.5,0.2,10.3,1,True
1772742449.063,11210,1.1,82.3,0.2,10.4,1,True
1772742449.161,11211,1.1,82.1,0.3,10.4,0,True
1772742449.256,11212,1.2,81.4,0.2,10.4,0,True
1772742449.353,11213,1.6,82.2,0.2,10.4,0,True
1772742449.448,11214,1.5,82.0,0.2,10.5,0,True
1772742449.543,11215,1.0,82.1,0.2,10.5,0,True
1772742449.637,11216,1.5,81.2,0.2,10.5,0,True
1772742449.734,11217,1.5,85.0,0.2,10.5,0,True
1772742449.831,11218,1.3,82.9,0.4,10.4,0,True
1772742449.923,11219,1.5,80.3,0.2,10.5,0,True
1772742450.019,11220,1.1,84.1,0.2,10.4,0,True
1772742450.117,11221,1.7,83.0,0.2,10.4,0,True
1772742450.216,11222,1.3,85.4,0.2,10.4,0,True
1772742450.310,11223,1.5,81.6,0.4,10.4,0,True
1772742450.400,11224,1.4,79.7,0.3,10.4,0,True
1772742450.496,11225,1.2,82.4,0.2,10.4,0,True
1772742450.590,11226,1.1,81.6,0.2,10.4,0,True
1772742450.684,11227,1.6,81.0,0.3,10.4,0,True
1772742450.777,11228,1.5,80.4,0.2,10.5,0,True
1772742450.871,11229,1.5,82.1,0.2,10.5,0,True
1772742450.967,11230,1.1,82.9,0.2,10.5,0,True
1772742451.063,11231,1.3,82.7,0.2,10.5,0,True
1772742451.160,11232,1.2,83.2,0.2,10.5,0,True
1772742451.253,11233,1.5,81.0,0.2,10.5,0,True
1772742451.355,11234,1.1,89.4,0.2,10.5,0,True
1772742451.450,11235,1.6,83.2,0.2,10.5,0,True
1772742451.545,11236,2.0,81.4,0.2,10.5,0,True
1772742451.638,11237,1.5,80.5,0.2,10.5,0,True
1772742451.732,11238,2.2,80.8,0.2,10.5,0,True
1772742451.825,11239,1.5,81.0,0.2,10.5,0,True
1772742451.929,11240,1.1,90.6,0.2,10.5,0,False
1772742452.028,11241,0.9,85.4,0.2,10.5,0,False
1772742452.124,11242,1.3,82.9,0.2,10.5,0,False
1772742452.221,11243,1.3,83.9,0.2,10.5,0,False
1772742452.315,11244,1.5,82.0,0.4,10.4,0,False
1772742452.409,11245,1.6,81.1,0.3,10.5,0,False
1772742452.503,11246,0.8,83.2,0.3,10.5,0,False
1772742452.595,11247,1.6,80.4,0.2,10.5,0,False
1772742452.688,11248,1.5,81.2,0.4,10.5,0,False
1772742452.781,11249,1.5,80.5,0.2,10.5,0,False
1772742452.875,11250,1.1,83.1,0.2,10.5,0,False
1772742452.970,11251,1.5,81.4,0.2,10.5,0,False
1772742453.062,11252,1.5,81.6,0.2,10.5,0,False
1772742453.154,11253,1.5,80.2,0.2,10.5,0,False
1772742453.249,11254,1.1,83.0,0.2,10.6,0,False
1772742453.343,11255,1.2,81.8,0.2,10.6,0,False
1772742453.439,11256,1.3,83.8,0.2,10.6,0,False
1772742453.532,11257,1.2,81.6,0.2,10.6,0,False
1772742453.628,11258,1.0,82.1,0.2,10.5,0,False
1772742453.721,11259,1.3,81.9,0.2,10.5,0,False
1772742453.815,11260,1.1,80.2,0.2,10.6,0,False
1772742453.909,11261,1.2,82.1,0.2,10.6,1,True
1772742454.002,11262,1.1,81.2,0.2,10.6,1,True
1772742454.096,11263,1.2,81.7,0.2,10.7,0,True
1772742454.190,11264,1.2,80.5,0.2,10.7,0,True
1772742454.287,11265,1.2,82.6,0.3,10.6,0,True
1772742454.384,11266,1.5,82.6,0.3,10.6,0,True
1772742454.483,11267,1.3,83.7,0.2,10.6,0,True
1772742454.580,11268,1.2,82.6,0.2,10.6,0,True
1772742454.674,11269,1.2,80.6,0.2,10.6,0,True
1772742454.781,11270,1.2,93.4,0.2,10.5,0,True
1772742454.877,11271,1.3,82.0,0.2,10.5,0,True
1772742454.973,11272,1.1,82.5,0.2,10.5,0,True
1772742455.066,11273,1.5,80.4,0.3,10.5,0,True
1772742455.158,11274,1.6,79.9,0.2,10.5,0,True
1772742455.254,11275,1.1,83.1,0.2,10.5,0,True
1772742455.350,11276,1.2,83.0,0.2,10.5,0,True
1772742455.453,11277,1.9,89.8,0.2,10.4,0,True
1772742455.553,11278,0.9,86.0,0.2,10.4,0,True
1772742455.647,11279,1.6,81.0,0.2,10.4,0,True
1772742455.743,11280,1.3,83.3,0.2,10.4,0,True
1772742455.840,11281,1.3,82.6,0.2,10.4,0,True
1772742455.936,11282,1.3,82.5,0.2,10.3,0,True
1772742456.032,11283,1.1,83.2,0.6,10.3,0,True
1772742456.128,11284,1.2,83.1,0.2,10.3,0,True
1772742456.223,11285,1.5,83.0,0.2,10.3,0,True
1772742456.316,11286,1.6,80.7,0.2,10.4,0,True
1772742456.414,11287,1.8,84.3,0.3,10.4,0,True
1772742456.509,11288,1.6,82.5,0.2,10.4,0,True
1772742456.602,11289,1.6,80.9,0.2,10.4,0,True
1772742456.698,11290,1.1,83.2,0.3,10.4,0,True
1772742456.794,11291,1.2,83.0,0.3,10.4,0,True
1772742456.889,11292,1.6,82.7,0.2,10.4,0,False
1772742456.983,11293,1.6,81.4,0.2,10.4,0,False
1772742457.078,11294,1.7,82.5,0.2,10.4,0,False
1772742457.171,11295,1.5,80.4,0.2,10.4,0,False
1772742457.264,11296,1.9,80.3,0.2,10.5,0,False
1772742457.355,11297,1.6,80.5,0.2,10.5,0,False
1772742457.454,11298,1.4,86.5,0.3,10.5,0,False
1772742457.552,11299,1.5,86.4,0.2,10.5,0,False
1772742457.643,11300,1.2,78.7,0.2,10.5,0,False
1772742457.933,11301,0.9,116.2,0.2,9.6,0,False
1772742458.031,11302,0.8,85.2,0.2,9.5,0,False
1772742458.134,11303,1.3,89.4,0.2,9.5,0,False
1772742458.239,11304,2.4,92.8,0.2,9.5,0,False
1772742458.348,11305,1.2,97.6,0.2,9.4,0,False
1772742458.448,11306,1.1,87.3,0.2,9.4,0,False
1772742458.552,11307,0.8,86.1,0.2,9.4,0,False
1772742458.648,11308,1.1,83.1,0.2,9.3,0,False
1772742458.745,11309,1.2,84.9,0.2,9.3,0,False
1772742458.856,11310,1.2,97.4,0.4,9.3,0,False
1772742458.958,11311,0.8,85.7,0.2,9.2,0,False
1772742459.060,11312,1.0,88.9,0.3,9.2,0,False
1772742459.157,11313,1.6,83.4,0.2,9.2,0,False
1772742459.254,11314,1.1,83.2,0.2,9.2,0,False
1772742459.352,11315,1.2,83.7,0.3,9.2,0,False
1772742459.471,11316,1.2,106.8,0.3,9.1,0,False
1772742459.568,11317,1.6,84.3,0.2,9.0,0,False
1772742459.664,11318,1.1,83.3,0.2,9.1,0,False
1772742459.769,11319,0.8,88.3,0.2,9.0,0,False
1772742459.866,11320,1.5,84.0,0.2,9.0,0,False
1772742459.963,11321,1.1,84.5,0.2,9.9,0,False
1772742460.059,11322,1.0,82.9,0.2,9.9,0,False
1772742460.155,11323,1.1,84.3,0.2,9.9,0,False
1772742460.251,11324,1.2,83.8,0.2,9.9,0,False
1772742460.361,11325,0.9,93.5,0.2,9.9,0,False
1772742460.459,11326,1.1,86.4,0.2,9.9,0,False
1772742460.553,11327,1.1,82.5,0.2,10.0,0,False
1772742460.648,11328,0.8,82.3,0.2,10.0,0,False
1772742460.752,11329,1.1,92.1,0.2,10.0,0,False
1772742460.869,11330,1.6,106.0,0.2,9.9,0,False
1772742460.961,11331,0.9,82.1,0.2,10.0,0,False
1772742461.074,11332,1.2,100.6,0.2,9.9,0,False
1772742461.170,11333,1.1,83.7,0.2,9.9,0,False
1772742461.263,11334,1.5,81.4,0.2,10.0,0,False
1772742461.365,11335,1.1,89.2,0.2,9.9,0,False
1772742461.467,11336,1.5,89.2,0.2,10.0,0,False
1772742461.568,11337,1.1,88.5,0.2,10.0,0,False
1772742461.660,11338,1.2,82.1,0.2,10.0,0,False
1772742461.754,11339,1.1,84.3,0.2,10.1,0,False
1772742461.846,11340,1.1,82.0,0.2,10.1,0,False
1772742461.944,11341,1.2,83.5,0.2,10.1,0,False
1772742462.037,11342,1.1,82.5,0.2,10.1,0,False
1772742462.133,11343,1.0,82.1,0.2,10.1,0,False
1772742462.227,11344,1.2,82.7,0.2,10.1,0,False
1772742462.321,11345,1.2,82.0,0.3,10.2,0,False
1772742462.415,11346,1.5,83.3,0.2,10.2,0,False
1772742462.508,11347,1.2,81.4,0.2,10.2,0,False
1772742462.602,11348,1.3,82.2,0.3,10.2,0,False
1772742462.703,11349,1.2,88.9,0.2,10.2,0,False
1772742462.800,11350,1.1,84.2,0.2,10.4,0,False
1772742462.897,11351,0.9,84.1,0.3,10.3,0,False
1772742462.990,11352,1.2,82.0,0.2,10.4,0,False
1772742463.086,11353,1.2,83.3,0.3,10.4,0,False
1772742463.182,11354,1.2,83.2,0.3,10.4,0,False
1772742463.281,11355,0.9,85.9,0.2,10.4,0,False
1772742463.375,11356,1.5,81.5,0.2,10.5,0,False
1772742463.476,11357,1.2,86.4,0.2,10.5,0,False
1772742463.573,11358,1.1,84.4,0.2,10.5,0,False
1772742463.669,11359,1.1,83.0,0.2,10.4,0,False
1772742463.765,11360,1.2,83.2,0.2,10.4,0,False
1772742463.858,11361,1.0,80.9,0.2,10.4,0,False
1772742463.963,11362,0.8,84.9,0.2,10.4,0,False
1772742464.061,11363,1.1,84.4,0.2,10.4,0,False
1772742464.158,11364,1.1,82.2,0.3,10.4,0,False
1772742464.256,11365,1.1,82.6,0.3,10.3,0,False
1772742464.354,11366,1.1,84.4,0.2,10.3,0,False
1772742464.454,11367,1.1,84.9,0.2,10.3,0,False
1772742464.552,11368,1.7,82.9,0.2,10.3,0,False
1772742464.647,11369,1.5,81.3,0.4,10.3,0,False
1772742464.764,11370,1.5,103.3,0.2,10.2,0,False
1772742464.863,11371,1.6,85.0,0.2,10.2,0,False
1772742464.973,11372,1.3,95.0,0.2,10.1,0,False
1772742465.070,11373,1.1,81.8,0.2,10.1,0,False
1772742465.164,11374,1.6,80.3,0.2,10.1,0,False
1772742465.259,11375,1.5,80.4,0.2,10.1,0,False
1772742465.357,11376,1.1,83.4,0.2,10.1,0,False
1772742465.454,11377,1.5,82.2,0.2,10.1,0,False
1772742465.550,11378,2.4,81.5,0.2,10.1,0,False
1772742465.645,11379,1.6,81.0,0.2,10.1,0,False
1772742465.738,11380,1.5,80.3,0.2,10.1,0,False
1772742465.834,11381,1.1,81.6,0.2,10.1,0,False
1772742465.929,11382,1.6,80.3,0.2,10.2,0,False
1772742466.025,11383,1.5,80.5,0.3,10.2,0,False
1772742466.122,11384,1.5,80.5,0.2,10.2,0,False
1772742466.218,11385,2.1,80.8,0.2,10.2,1,True
1772742466.315,11386,1.2,82.4,0.2,10.2,0,True
1772742466.413,11387,1.5,80.7,0.4,10.2,0,True
1772742466.509,11388,1.3,83.0,0.2,10.2,0,True
1772742466.603,11389,1.5,80.5,0.2,10.2,0,True
1772742466.699,11390,2.0,81.2,0.2,10.3,0,True
1772742466.793,11391,1.5,78.5,0.2,10.4,0,True
1772742466.894,11392,1.0,85.1,0.3,10.4,0,True
1772742466.992,11393,1.9,81.3,0.3,10.4,0,True
1772742467.090,11394,1.1,81.6,0.2,10.4,0,True
1772742467.188,11395,1.6,80.8,0.2,10.4,0,True
1772742467.285,11396,1.5,80.9,0.2,10.4,0,True
1772742467.382,11397,1.5,81.2,0.2,10.4,0,True
1772742467.483,11398,1.6,85.0,0.2,10.3,0,True
1772742467.582,11399,1.2,83.0,0.3,10.3,0,True
1772742467.677,11400,1.6,81.0,0.2,10.3,0,True
1772742467.778,11401,2.0,83.7,0.2,10.3,0,True
1772742467.872,11402,1.5,81.4,0.2,10.3,0,True
1772742467.966,11403,1.5,80.5,0.2,10.3,0,True
1772742468.064,11404,1.2,82.8,0.4,10.3,0,True
1772742468.161,11405,1.2,81.9,0.2,10.3,0,True
1772742468.258,11406,1.5,83.1,0.2,10.3,0,True
1772742468.357,11407,1.1,85.0,0.2,10.3,0,True
1772742468.455,11408,1.2,84.4,0.3,10.3,0,True
1772742468.563,11409,1.2,96.0,0.2,10.2,0,True
1772742468.668,11410,1.1,91.5,0.2,10.2,0,True
1772742468.787,11411,0.8,101.1,0.3,10.0,0,True
1772742468.883,11412,1.2,84.8,0.3,10.1,0,True
1772742468.978,11413,1.1,83.0,0.2,10.1,0,True
1772742469.073,11414,1.5,82.8,0.3,10.1,0,True
1772742469.166,11415,1.1,82.1,0.2,10.1,0,False
1772742469.261,11416,1.5,82.6,0.2,10.1,0,False
1772742469.355,11417,1.1,82.5,0.2,10.1,0,False
1772742469.451,11418,1.3,83.3,0.2,10.2,0,False
1772742469.552,11419,1.1,90.1,0.2,10.2,0,False
1772742469.647,11420,1.1,82.7,0.2,10.2,0,False
1772742469.746,11421,1.1,87.9,0.2,10.2,0,False
1772742469.841,11422,1.3,82.7,0.2,10.2,0,False
1772742469.936,11423,1.1,83.9,0.2,10.2,0,False
1772742470.044,11424,1.0,96.0,0.2,10.1,0,False
1772742470.137,11425,1.5,81.7,0.2,10.1,0,False
1772742470.231,11426,1.1,82.5,0.2,10.1,0,False
1772742470.326,11427,1.1,82.7,0.2,10.2,0,False
1772742470.420,11428,1.1,83.2,0.2,10.2,0,False
1772742470.518,11429,1.2,86.5,0.2,10.2,0,False
1772742470.612,11430,1.1,82.9,0.2,10.3,0,False
1772742470.710,11431,3.4,83.4,0.2,10.4,0,False
1772742470.803,11432,1.2,82.0,0.2,10.4,0,False
1772742470.899,11433,1.3,82.8,0.2,10.4,0,False
1772742470.993,11434,1.1,82.7,0.3,10.4,0,False
1772742471.086,11435,1.1,81.8,0.2,10.4,0,False
1772742471.181,11436,1.1,83.3,0.4,10.4,0,False
1772742471.275,11437,1.2,82.4,0.2,10.4,0,False
1772742471.376,11438,1.1,89.3,0.3,10.4,0,False
1772742471.471,11439,1.1,83.4,0.2,10.4,0,False
1772742471.566,11440,1.3,82.1,0.2,10.4,0,False
1772742471.661,11441,1.2,83.6,0.2,10.4,0,False
1772742471.754,11442,1.2,81.3,0.2,10.5,0,False
1772742471.848,11443,1.2,82.3,0.2,10.5,0,False
1772742471.941,11444,1.1,81.4,0.2,10.5,0,False
1772742472.047,11445,1.3,88.3,0.3,10.5,0,False
1772742472.146,11446,1.2,84.6,0.2,10.4,0,False
1772742472.242,11447,1.1,82.0,0.2,10.4,0,False
1772742472.338,11448,1.2,84.5,0.2,10.4,0,False
1772742472.437,11449,1.2,87.8,0.2,10.4,0,False
1772742472.533,11450,1.4,83.9,0.2,10.4,0,False
1772742472.628,11451,1.2,83.4,0.2,10.4,0,False
1772742472.720,11452,1.5,80.8,0.2,10.4,0,False
1772742472.813,11453,1.5,80.5,0.2,10.4,0,False
1772742472.905,11454,1.1,81.2,0.2,10.5,0,False
1772742472.999,11455,1.1,82.4,0.2,10.5,0,False
1772742473.092,11456,1.2,82.2,0.2,10.5,0,False
1772742473.190,11457,1.1,87.0,0.2,10.4,0,False
1772742473.283,11458,1.1,82.3,0.2,10.5,0,False
1772742473.378,11459,1.1,83.8,0.2,10.5,0,False
1772742473.489,11460,1.1,96.0,0.2,10.4,1,True
1772742473.588,11461,2.3,79.3,0.2,10.4,0,True
1772742473.901,11462,0.9,80.4,0.2,9.3,0,True
1772742473.993,11463,1.1,82.1,0.2,9.3,0,True
1772742474.087,11464,1.5,83.6,0.2,9.3,0,True
1772742474.181,11465,1.2,82.6,0.2,9.4,0,True
1772742474.274,11466,1.8,82.2,0.2,9.4,0,True
1772742474.367,11467,1.2,82.2,0.2,9.4,0,True
1772742474.470,11468,1.1,90.4,0.2,9.4,0,True
1772742474.571,11469,1.1,84.6,0.2,9.4,0,True
1772742474.666,11470,1.1,82.4,0.2,9.4,0,True
1772742474.766,11471,1.1,86.9,0.2,9.4,0,True
1772742474.860,11472,1.2,83.5,0.3,9.3,0,True
1772742474.955,11473,1.2,82.3,0.2,9.3,0,True
1772742475.049,11474,1.2,82.7,0.3,9.3,0,True
1772742475.144,11475,1.1,82.4,0.2,9.3,0,True
1772742475.239,11476,1.8,82.7,0.2,9.3,0,True
1772742475.331,11477,1.1,79.6,0.2,9.3,0,True
1772742475.433,11478,1.4,89.2,0.2,9.3,0,True
1772742475.531,11479,1.1,86.5,0.2,9.3,0,True
1772742475.628,11480,1.0,83.9,0.2,9.4,0,True
1772742475.723,11481,1.1,83.1,0.3,9.4,0,True
1772742475.817,11482,1.1,83.0,0.2,10.4,0,True
1772742475.915,11483,1.6,84.9,0.2,10.4,0,True
1772742476.012,11484,1.0,84.3,0.5,10.4,0,True
1772742476.106,11485,1.1,82.6,0.2,10.4,0,True
1772742476.203,11486,1.2,84.9,0.3,10.4,0,True
1772742476.296,11487,1.6,80.9,0.2,10.4,0,True
1772742476.390,11488,1.3,83.2,0.2,10.4,0,True
1772742476.489,11489,1.1,87.9,0.2,10.4,0,True
1772742476.582,11490,1.2,82.6,0.2,10.4,0,False
1772742476.679,11491,1.2,84.1,0.2,10.5,0,False
1772742476.772,11492,1.1,82.6,0.2,10.5,0,False
1772742476.867,11493,1.1,84.7,0.2,10.5,0,False
1772742476.961,11494,1.1,83.4,0.2,10.5,0,False
1772742477.056,11495,1.1,84.9,0.3,10.5,0,False
1772742477.148,11496,1.1,82.4,0.2,10.5,0,False
1772742477.243,11497,1.1,84.9,0.3,10.5,0,False
1772742477.336,11498,1.1,82.6,0.2,10.5,0,False
1772742477.434,11499,1.3,86.5,0.2,10.5,0,False
1772742477.529,11500,1.2,83.6,0.2,10.5,0,False
1772742477.624,11501,1.2,82.0,0.2,10.5,0,False
1772742477.720,11502,1.1,84.1,0.3,10.5,0,False
1772742477.818,11503,1.2,85.4,0.2,10.5,0,False
1772742477.914,11504,1.5,83.3,0.2,10.5,0,False
1772742478.010,11505,1.1,84.2,0.2,10.5,0,False
1772742478.106,11506,1.2,82.6,0.3,10.5,0,False
1772742478.202,11507,1.2,83.2,0.3,10.5,0,False
1772742478.297,11508,1.1,83.2,0.2,10.5,0,False
1772742478.394,11509,1.1,84.5,0.2,10.5,0,False
1772742478.500,11510,1.1,93.1,0.3,10.4,0,False
1772742478.596,11511,1.2,83.3,0.2,10.4,0,False
1772742478.692,11512,1.1,84.3,0.2,10.4,0,False
1772742478.785,11513,1.5,81.3,0.2,10.4,0,False
1772742478.882,11514,1.5,83.2,0.2,10.4,0,False
1772742478.977,11515,1.1,82.3,0.2,10.4,0,False
1772742479.073,11516,1.5,82.6,0.2,10.4,0,False
1772742479.170,11517,1.1,84.5,0.3,10.4,0,False
1772742479.266,11518,1.1,83.6,0.2,10.4,0,False
1772742479.362,11519,1.1,83.5,0.3,10.4,0,False
1772742479.461,11520,1.2,85.5,0.2,10.4,0,False
1772742479.558,11521,1.5,83.7,0.2,10.3,0,False
1772742479.656,11522,1.1,85.3,0.2,10.3,0,False
1772742479.753,11523,1.1,85.2,0.2,10.3,0,False
1772742479.852,11524,1.2,85.6,0.2,10.3,0,False
1772742479.955,11525,1.1,90.5,0.3,10.3,0,False
1772742480.050,11526,1.1,83.3,0.2,10.3,0,False
1772742480.144,11527,1.8,81.1,0.2,10.3,0,False
1772742480.241,11528,1.3,82.8,0.3,10.3,0,False
1772742480.337,11529,1.2,83.1,0.2,10.3,0,False
1772742480.436,11530,1.2,87.3,0.2,10.3,0,False
1772742480.532,11531,1.2,82.9,0.2,10.3,0,False
1772742480.626,11532,1.9,81.7,0.3,10.3,0,False
1772742480.723,11533,1.1,83.9,0.2,10.3,0,False
1772742480.817,11534,1.6,81.6,0.2,10.3,0,False
1772742480.913,11535,1.1,84.0,0.3,10.3,0,False
1772742481.009,11536,1.1,83.3,0.3,10.3,0,False
1772742481.106,11537,1.2,85.3,0.2,10.3,0,False
1772742481.200,11538,1.1,81.1,0.2,10.3,0,False
1772742481.298,11539,2.1,83.9,0.3,10.3,0,False
1772742481.392,11540,1.6,81.9,0.3,10.4,0,False
1772742481.490,11541,1.1,86.0,0.2,10.4,0,False
1772742481.588,11542,1.2,85.6,0.2,10.4,0,False
1772742481.682,11543,1.6,81.4,0.2,10.4,0,False
1772742481.779,11544,1.3,84.3,0.2,10.4,0,False
1772742481.875,11545,1.1,83.4,0.3,10.4,0,False
1772742481.971,11546,1.1,83.1,0.2,10.4,0,False
1772742482.068,11547,1.1,84.7,0.2,10.4,0,False
1772742482.164,11548,1.1,83.6,0.2,10.4,0,False
1772742482.262,11549,1.4,84.1,0.2,10.4,0,False
1772742482.358,11550,1.2,83.5,0.3,10.4,0,False
1772742482.458,11551,1.5,85.4,0.3,10.4,0,False
1772742482.554,11552,1.3,85.3,0.2,10.4,0,False
1772742482.648,11553,1.3,83.8,0.2,10.4,0,False
1772742482.744,11554,2.0,84.2,0.2,10.4,0,False
1772742482.850,11555,1.1,96.3,0.2,10.3,0,False
1772742482.941,11556,1.5,81.6,0.2,10.3,0,False
1772742483.039,11557,1.1,88.6,0.2,10.3,0,False
1772742483.131,11558,1.2,81.6,0.2,10.4,0,False
1772742483.223,11559,1.8,81.6,0.2,10.4,0,False
1772742483.316,11560,1.0,82.6,0.2,10.4,0,False
1772742483.421,11561,0.8,85.3,0.2,10.4,0,False
1772742483.524,11562,1.0,83.3,0.2,10.3,1,True
1772742483.621,11563,1.1,82.5,0.2,10.3,1,True
1772742483.718,11564,1.1,83.9,0.2,10.3,0,True
1772742483.814,11565,1.1,82.6,0.2,10.3,1,True
1772742483.909,11566,1.1,81.0,0.2,10.3,1,True
1772742484.006,11567,1.5,82.4,0.2,10.3,1,True
1772742484.104,11568,1.1,82.2,0.2,10.3,1,True
1772742484.197,11569,1.1,81.0,0.2,10.3,0,True
1772742484.297,11570,1.1,85.9,0.2,10.3,1,True
1772742484.392,11571,1.5,82.4,0.2,10.3,0,True
1772742484.500,11572,1.4,96.3,0.2,10.3,0,True
1772742484.599,11573,1.1,86.4,0.2,10.3,0,True
1772742484.699,11574,0.8,87.0,0.2,10.2,0,True
1772742484.802,11575,0.8,87.4,0.2,10.2,0,True
1772742484.898,11576,1.0,85.5,0.2,10.2,1,True
1772742484.992,11577,1.2,82.2,0.2,10.2,0,True
1772742485.092,11578,1.0,85.2,0.3,10.2,1,True
1772742485.192,11579,0.8,88.1,0.2,10.2,1,True
1772742485.290,11580,0.8,84.2,0.2,10.1,1,True
1772742485.387,11581,1.5,81.5,0.2,10.2,0,True
1772742485.487,11582,1.3,86.6,0.3,10.2,0,True
1772742485.585,11583,1.2,84.4,0.2,10.2,1,True
1772742485.684,11584,0.8,85.1,0.2,10.2,1,True
1772742485.781,11585,1.1,81.8,0.3,10.2,1,True
1772742485.875,11586,1.1,81.0,0.2,10.2,1,True
1772742485.971,11587,1.1,83.8,0.2,10.2,1,True
1772742486.067,11588,1.1,81.3,0.2,10.2,1,True
1772742486.163,11589,1.0,81.3,0.3,10.2,0,True
1772742486.258,11590,1.1,81.5,0.2,10.2,1,True
1772742486.353,11591,1.1,81.3,0.2,10.2,0,True
1772742486.448,11592,1.5,82.5,0.3,10.3,0,True
1772742486.544,11593,1.1,82.3,0.2,10.3,1,True
1772742486.641,11594,1.3,83.2,0.2,10.3,1,True
1772742486.733,11595,1.5,79.5,0.2,10.4,0,True
1772742486.831,11596,1.6,82.3,0.2,10.4,0,True
1772742486.923,11597,1.5,80.3,0.2,10.4,0,True
1772742487.015,11598,1.1,78.7,0.2,10.4,0,True
